Run,BioSample,analyte_type,biospecimen_repository,biospecimen_repository_sample_id,body_site,collection_date,env_biome,env_feature,env_material,estimated_size,gap_accession,gap_consent_code,gap_consent_short_name,gap_parent_phs,gap_sample_id,gap_subject_id,genotype,geo_loc_name,histological_type,host,is_tumor,isol_growth_condt,isolate,isolation_source,lat_lon,molecular_data_type,num_replicons,ploidy,propagation,sample_title,sample_tittle,sample_type,sex,strain,study_design,study_disease,study_name,subject_is_affected,submitted_sample_id,submitted_subject_id,submitter_handle,tissue,ReleaseDate,LoadDate,spots,bases,spots_with_mates,avgLength,size_MB,AssemblyName,download_path,Experiment,LibraryName,LibraryStrategy,LibrarySelection,LibrarySource,LibraryLayout,InsertSize,InsertDev,Platform,Model,SRAStudy,BioProject,Study_Pubmed_id,ProjectID,Sample,SampleType,TaxID,ScientificName,SampleName,g1k_pop_code,source,g1k_analysis_group,Subject_ID,Sex,Disease,Tumor,Affection_Status,Analyte_Type,Histological_Type,Body_Site,CenterName,Submission,dbgap_study_accession,Consent,RunHash,ReadHash
SRR3177738,SAMN04494398,,,,,1985-08-16,giardiasis,,,,,,,,,,A,USA:Portland,,,,,ATCC30888/13,human,45.52 N 122.68 W,,,,,"Giardia samples from human, animal and water in BCCDC",,trophozoites,,,,,,,,,,,2017-04-30 00:00:53,2016-02-18 15:32:27,4300458,2158829916,4300458,502,1176,,https://sra-downloadb.be-md.ncbi.nlm.nih.gov/sos5/sra-pub-zq-11/SRR003/177/SRR3177738/SRR3177738.sralite.1,SRX1592101,ATCC30888:13,WGS,RANDOM,GENOMIC,PAIRED,0,0,ILLUMINA,Illumina MiSeq,SRP056976,PRJNA280606,,280606,SRS1300262,simple,5741,Giardia duodenalis,ATCC:30888,,,,,,,no,,,,,UNIVERSITY OF BRITISH COLUMBIA,SRA355098,,public,B2FB32C6D13256EAADFD1980A77C3541,FAF0AD0B745A94EB5494204676A4F904
SRR3177751,SAMN04494400,,,,,1992-07-03,giardiasis,,,,,,,,,,A,USA:Philadelphia,,,,,ATCC50163/89,cat,39.95 N 75.17 W,,,,,"Giardia samples from human, animal and water in BCCDC",,trophozoites,,,,,,,,,,,2017-04-30 00:00:54,2016-02-18 16:03:15,2636709,1323627918,2636709,502,902,,https://sra-downloadb.be-md.ncbi.nlm.nih.gov/sos5/sra-pub-zq-11/SRR003/177/SRR3177751/SRR3177751.sralite.1,SRX1592224,ATCC50163:89,WGS,RANDOM,GENOMIC,PAIRED,0,0,ILLUMINA,Illumina MiSeq,SRP056976,PRJNA280606,,280606,SRS1300325,simple,5741,Giardia duodenalis,ATCC:50163,,,,,,,no,,,,,UNIVERSITY OF BRITISH COLUMBIA,SRA355098,,public,2B0DA969D8A60A6EBB7857F59343A975,DF9A78D6744F49314E310DBA4D5FD342
SRR3177775,SAMN04494401,,,,,1992-07-03,giardiasis,,,,,,,,,,A,USA:Madison,,,,,ATCC50170/93,sheep,43.07 N 89.40 W,,,,,"Giardia samples from human, animal and water in BCCDC",,trophozoites,,,,,,,,,,,2017-04-30 00:00:55,2016-02-18 16:09:12,1888917,948236334,1888917,502,642,,https://sra-downloadb.be-md.ncbi.nlm.nih.gov/sos5/sra-pub-zq-11/SRR003/177/SRR3177775/SRR3177775.sralite.1,SRX1592320,ATCC50170:93,WGS,RANDOM,GENOMIC,PAIRED,0,0,ILLUMINA,Illumina MiSeq,SRP056976,PRJNA280606,,280606,SRS1300421,simple,5741,Giardia duodenalis,ATCC:50170,,,,,,,no,,,,,UNIVERSITY OF BRITISH COLUMBIA,SRA355098,,public,D2835A990DD3DBD9EE1B1DC2F91918FC,C24B01F0345FAAA44E4EE9CD3C346A8D
SRR3177739,SAMN04494399,,,,,2014-08-08,giardiasis,,,,,,,,,,A,USA:Betheda,,,,,ATCC50830/120_3,human,38.98 N 77.09 W,,,,,"Giardia samples from human, animal and water in BCCDC",,trophozoites,,,,,,,,,,,2017-04-30 00:00:53,2016-02-18 15:30:31,1842475,924922450,1842475,502,626,,https://sra-downloadb.be-md.ncbi.nlm.nih.gov/sos5/sra-pub-zq-11/SRR003/177/SRR3177739/SRR3177739.sralite.1,SRX1592162,ATCC50830:120_3,WGS,RANDOM,GENOMIC,PAIRED,0,0,ILLUMINA,Illumina MiSeq,SRP056976,PRJNA280606,,280606,SRS1300263,simple,5741,Giardia duodenalis,ATCC:50830,,,,,,,no,,,,,UNIVERSITY OF BRITISH COLUMBIA,SRA355098,,public,7975F5E3FA7AB222086229F8BAAF366C,8CA5AF56A350E1E906CF036CE02DAD4C
SRR3177890,SAMN04494402,,,,,1987-07-31,watershed,,,,,,,,,,A,Canada: Calgary,,,,,B5/19,BEAVER,51.05 N 114.07 W,,,,,"Giardia samples from human, animal and water in BCCDC",,trophozoites,,,,,,,,,,,2017-04-30 00:00:56,2016-02-18 16:24:47,2363522,1186488044,2363522,502,676,,https://sra-downloadb.be-md.ncbi.nlm.nih.gov/sos5/sra-pub-zq-14/SRR003/177/SRR3177890.sralite.1,SRX1592340,B5/19,WGS,RANDOM,GENOMIC,PAIRED,0,0,ILLUMINA,Illumina MiSeq,SRP056976,PRJNA280606,,280606,SRS1300439,simple,5741,Giardia duodenalis,B5/19,,,,,,,no,,,,,UNIVERSITY OF BRITISH COLUMBIA,SRA355098,,public,9EA7E8F5B5D07E017E5379ED43762188,3AFD51BB65EEC6A81441EC94C1FCDCD9
SRR3177932,SAMN04494403,,,,,1985-06-08,watershed,,,,,,,,,,A,Canada: Banff,,,,,BE-1(IP-0482:1)/15,BEAVER,51.17 N 115.57 W,,,,,"Giardia samples from human, animal and water in BCCDC",,trophozoites,,,,,,,,,,,2017-04-30 00:00:57,2016-02-18 16:29:27,1508863,718218788,1508863,476,374,,https://sra-downloadb.be-md.ncbi.nlm.nih.gov/sos5/sra-pub-zq-14/SRR003/177/SRR3177932.sralite.1,SRX1592352,BE-1(IP-0482:1)/15,WGS,RANDOM,GENOMIC,PAIRED,0,0,ILLUMINA,Illumina MiSeq,SRP056976,PRJNA280606,,280606,SRS1300452,simple,5741,Giardia duodenalis,BE-1(IP-0482:1)/15,,,,,,,no,,,,,UNIVERSITY OF BRITISH COLUMBIA,SRA355098,,public,D8AE7E5C3463686E48111B52B2F01AFF,187FD55E69832B5F66DFD3E6AFAAEB5A
SRR3177951,SAMN04494404,,,,,1985-06-08,watershed,,,,,,,,,,A,Canada: Banff,,,,,BE-2(IPO583:1)/14,BEAVER,51.17 N 115.57 W,,,,,"Giardia samples from human, animal and water in BCCDC",,trophozoites,,,,,,,,,,,2017-04-30 00:00:58,2016-02-18 16:49:06,1967257,987563014,1967257,502,622,,https://sra-downloadb.be-md.ncbi.nlm.nih.gov/sos5/sra-pub-zq-14/SRR003/177/SRR3177951.sralite.1,SRX1592392,BE-2(IPO583:1)/14,WGS,RANDOM,GENOMIC,PAIRED,0,0,ILLUMINA,Illumina MiSeq,SRP056976,PRJNA280606,,280606,SRS1300498,simple,5741,Giardia duodenalis,BE-2(IPO583:1)/14,,,,,,,no,,,,,UNIVERSITY OF BRITISH COLUMBIA,SRA355098,,public,3A56B6124C2CBB535863110495931817,B206C05B11E9EF57801B6CC37080DCFA
SRR3177740,SAMN04494408,,,,,1991-06-19,giardiasis,,,,,,,,,,A,New Zealand: Hamilton,,,,,HAMILTON7/75,human,37.78 S 175.28 E,,,,,"Giardia samples from human, animal and water in BCCDC",,trophozoites,,,,,,,,,,,2017-04-30 00:00:53,2016-02-18 15:56:41,4284088,2150612176,4284088,502,1393,,https://sra-downloadb.be-md.ncbi.nlm.nih.gov/sos5/sra-pub-zq-11/SRR003/177/SRR3177740/SRR3177740.sralite.1,SRX1592163,HAMILTON7/75,WGS,RANDOM,GENOMIC,PAIRED,0,0,ILLUMINA,Illumina MiSeq,SRP056976,PRJNA280606,,280606,SRS1300264,simple,5741,Giardia duodenalis,HAMILTON7/75,,,,,,,no,,,,,UNIVERSITY OF BRITISH COLUMBIA,SRA355098,,public,979BDDAB91324FEF042105CF4AB7A0EC,FBF332C7B360B5DD44DC548760168D42
SRR3177741,SAMN04494409,,,,,1991-06-19,giardiasis,,,,,,,,,,A,New Zealand: Hamilton,,,,,HAMILTON84/76,human,37.78 S 175.28 E,,,,,"Giardia samples from human, animal and water in BCCDC",,trophozoites,,,,,,,,,,,2017-04-30 00:00:53,2016-02-18 15:57:59,2049714,1028956428,2049714,502,697,,https://sra-downloadb.be-md.ncbi.nlm.nih.gov/sos5/sra-pub-zq-14/SRR003/177/SRR3177741.sralite.1,SRX1592164,HAMILTON84/76,WGS,RANDOM,GENOMIC,PAIRED,0,0,ILLUMINA,Illumina MiSeq,SRP056976,PRJNA280606,,280606,SRS1300265,simple,5741,Giardia duodenalis,HAMILTON84/76,,,,,,,no,,,,,UNIVERSITY OF BRITISH COLUMBIA,SRA355098,,public,E0C20859BD8B6DF641E99AEFD6D32777,0BDC38260E03E08F92E18DC66D7A6606
SRR3177742,SAMN04494410,,,,,1986-09-01,watershed,,,,,,,,,,A,USA:Monastashe River,,,,,MONASTASHE/6,BEAVER,46.86 N 120.35 W,,,,,"Giardia samples from human, animal and water in BCCDC",,trophozoites,,,,,,,,,,,2017-04-30 00:00:54,2016-02-18 15:52:39,1806906,860087256,1806906,476,480,,https://sra-downloadb.be-md.ncbi.nlm.nih.gov/sos5/sra-pub-zq-14/SRR003/177/SRR3177742.sralite.1,SRX1592165,MONASTASHE/6,WGS,RANDOM,GENOMIC,PAIRED,0,0,ILLUMINA,Illumina MiSeq,SRP056976,PRJNA280606,,280606,SRS1300266,simple,5741,Giardia duodenalis,MONASTASHE/6,,,,,,,no,,,,,UNIVERSITY OF BRITISH COLUMBIA,SRA355098,,public,5729D903125A5824E6EF5ECF5D5CDC04,A7BCBFA19E06E3406F934B945B7548E2
SRR3177743,SAMN04494411,,,,,1987-07-31,giardiasis,,,,,,,,,,A,Canada: near Strathmore,,,,,S1/16,sheep,51.04 N 113.3 W,,,,,"Giardia samples from human, animal and water in BCCDC",,trophozoites,,,,,,,,,,,2017-04-30 00:00:54,2016-02-18 15:53:49,2301755,1155481010,2301755,502,780,,https://sra-downloadb.be-md.ncbi.nlm.nih.gov/sos5/sra-pub-zq-11/SRR003/177/SRR3177743/SRR3177743.sralite.1,SRX1592166,S1/16,WGS,RANDOM,GENOMIC,PAIRED,0,0,ILLUMINA,Illumina MiSeq,SRP056976,PRJNA280606,,280606,SRS1300268,simple,5741,Giardia duodenalis,S1/16,,,,,,,no,,,,,UNIVERSITY OF BRITISH COLUMBIA,SRA355098,,public,8F14FE0C7D58D5A34DD2F8E8FE6B53D8,9ECD0A8D51C264E4592A4A3636A71E57
SRR3177744,SAMN04494412,,,,,1985-02-07,giardiasis,,,,,,,,,,A,Canada: Hornby Island,,,,,VANC/85/UBC/1,human,49.53 N 124.68 W,,,,,"Giardia samples from human, animal and water in BCCDC",,trophozoites,,,,,,,,,,,2017-04-30 00:00:54,2016-02-18 15:52:43,1768977,842033052,1768977,476,463,,https://sra-downloadb.be-md.ncbi.nlm.nih.gov/sos5/sra-pub-zq-11/SRR003/177/SRR3177744/SRR3177744.sralite.1,SRX1592171,VANC/85/UBC/1,WGS,RANDOM,GENOMIC,PAIRED,0,0,ILLUMINA,Illumina MiSeq,SRP056976,PRJNA280606,,280606,SRS1300271,simple,5741,Giardia duodenalis,VANC/85/UBC/1,,,,,,,no,,,,,UNIVERSITY OF BRITISH COLUMBIA,SRA355098,,public,DB209F68F896FF0FC55FDD3E6233F138,040CFCC02E426E519ED5E8C32AAC0E5B
SRR3177745,SAMN04494413,,,,,1985-03-14,giardiasis,,,,,,,,,,A,Canada: Smithers,,,,,VANC/85/UBC/2,human,54.78 N 127.17 W,,,,,"Giardia samples from human, animal and water in BCCDC",,trophozoites,,,,,,,,,,,2017-04-30 00:00:54,2016-02-18 15:54:04,2592677,1301523854,2592677,502,740,,https://sra-downloadb.be-md.ncbi.nlm.nih.gov/sos5/sra-pub-zq-14/SRR003/177/SRR3177745.sralite.1,SRX1592177,VANC/85/UBC/2,WGS,RANDOM,GENOMIC,PAIRED,0,0,ILLUMINA,Illumina MiSeq,SRP056976,PRJNA280606,,280606,SRS1300280,simple,5741,Giardia duodenalis,VANC/85/UBC/2,,,,,,,no,,,,,UNIVERSITY OF BRITISH COLUMBIA,SRA355098,,public,7BBEC35C03D7DA281EE63F03E7F688B2,595B416A0BAC6E4AA2B698669515F0FD
SRR3177746,SAMN04494414,,,,,1985-03-26,giardiasis,,,,,,,,,,A,Canada: Coquitlam,,,,,VANC/85/UBC/5,human,49.28 N 122.79 W,,,,,"Giardia samples from human, animal and water in BCCDC",,trophozoites,,,,,,,,,,,2017-04-30 00:00:54,2016-02-18 15:58:16,4395977,2206780454,4395977,502,1253,,https://sra-downloadb.be-md.ncbi.nlm.nih.gov/sos5/sra-pub-zq-14/SRR003/177/SRR3177746.sralite.1,SRX1592186,VANC/85/UBC/5,WGS,RANDOM,GENOMIC,PAIRED,0,0,ILLUMINA,Illumina MiSeq,SRP056976,PRJNA280606,,280606,SRS1300286,simple,5741,Giardia duodenalis,VANC/85/UBC/5,,,,,,,no,,,,,UNIVERSITY OF BRITISH COLUMBIA,SRA355098,,public,1D58C90BD478CBA9664831DE15393D72,2540D2079D9195F5987AFB9282128173
SRR3177747,SAMN04494415,,,,,1985-04-11,watershed,,,,,,,,,,A,Canada: Quesnel,,,,,VANC/85/UBC/7,BEAVER,52.98 N 122.49 W,,,,,"Giardia samples from human, animal and water in BCCDC",,trophozoites,,,,,,,,,,,2017-04-30 00:00:54,2016-02-18 15:56:43,2719294,1365085588,2719294,502,770,,https://sra-downloadb.be-md.ncbi.nlm.nih.gov/sos5/sra-pub-zq-11/SRR003/177/SRR3177747/SRR3177747.sralite.1,SRX1592196,VANC/85/UBC/7,WGS,RANDOM,GENOMIC,PAIRED,0,0,ILLUMINA,Illumina MiSeq,SRP056976,PRJNA280606,,280606,SRS1300298,simple,5741,Giardia duodenalis,VANC/85/UBC/7,,,,,,,no,,,,,UNIVERSITY OF BRITISH COLUMBIA,SRA355098,,public,8F3DACBF87B0AE5454D6BC4CB45DF649,B8ACD877467C0B5DB3449FEDCC86ADB3
SRR3177748,SAMN04494416,,,,,1985-04-17,watershed,,,,,,,,,,B,Canada: Terrace,,,,,VANC/85/UBC/9,BEAVER,54.52 N 128.61 W,,,,,"Giardia samples from human, animal and water in BCCDC",,trophozoites,,,,,,,,,,,2017-04-30 00:00:54,2016-02-18 16:03:51,3147973,1580282446,3147973,502,936,,https://sra-downloadb.be-md.ncbi.nlm.nih.gov/sos5/sra-pub-zq-14/SRR003/177/SRR3177748.sralite.1,SRX1592207,VANC/85/UBC/9,WGS,RANDOM,GENOMIC,PAIRED,0,0,ILLUMINA,Illumina MiSeq,SRP056976,PRJNA280606,,280606,SRS1300311,simple,5741,Giardia duodenalis,VANC/85/UBC/9,,,,,,,no,,,,,UNIVERSITY OF BRITISH COLUMBIA,SRA355098,,public,E79C96D42B8DB999C2089C2986DCD142,905A7B4ED4EAAD0699E07DB8474F62E0
SRR3177750,SAMN04494417,,,,,1986-09-11,giardiasis,,,,,,,,,,A,Canada: Ashcroft,,,,,VANC/86/UBC/3,human,50.73 N 121.28 W,,,,,"Giardia samples from human, animal and water in BCCDC",,trophozoites,,,,,,,,,,,2017-04-30 00:00:54,2016-02-18 15:55:30,1678926,842820852,1678926,502,479,,https://sra-downloadb.be-md.ncbi.nlm.nih.gov/sos5/sra-pub-zq-14/SRR003/177/SRR3177750.sralite.1,SRX1592214,VANC/86/UBC/3,WGS,RANDOM,GENOMIC,PAIRED,0,0,ILLUMINA,Illumina MiSeq,SRP056976,PRJNA280606,,280606,SRS1300318,simple,5741,Giardia duodenalis,VANC/86/UBC/3,,,,,,,no,,,,,UNIVERSITY OF BRITISH COLUMBIA,SRA355098,,public,431743EF0BD9D83F68CCCF08842E729B,55E199CC684E77F012725D41B94DF2D1
SRR3177752,SAMN04494418,,,,,1987-10-01,giardiasis,,,,,,,,,,A,Canada: North Vancouver,,,,,VANC/87/UBC/22,human,49.33 N 123.07 W,,,,,"Giardia samples from human, animal and water in BCCDC",,trophozoites,,,,,,,,,,,2017-04-30 00:00:54,2016-02-18 15:55:28,1442827,724299154,1442827,502,417,,https://sra-downloadb.be-md.ncbi.nlm.nih.gov/sos5/sra-pub-zq-11/SRR003/177/SRR3177752/SRR3177752.sralite.1,SRX1592230,VANC/87/UBC/22,WGS,RANDOM,GENOMIC,PAIRED,0,0,ILLUMINA,Illumina MiSeq,SRP056976,PRJNA280606,,280606,SRS1300332,simple,5741,Giardia duodenalis,VANC/87/UBC/22,,,,,,,no,,,,,UNIVERSITY OF BRITISH COLUMBIA,SRA355098,,public,B4AC8A7B4E68805D40F0FBE4B013C55E,CE9B9889B1DD77D610BE5F28281EC8D8
SRR3177753,SAMN04494419,,,,,1987-11-01,giardiasis,,,,,,,,,,A,Canada: Prince George,,,,,VANC/87/UBC/23,human,53.92 N 122.75 W,,,,,"Giardia samples from human, animal and water in BCCDC",,trophozoites,,,,,,,,,,,2017-04-30 00:00:54,2016-02-18 15:58:24,4367338,2192403676,4367338,502,1221,,https://sra-downloadb.be-md.ncbi.nlm.nih.gov/sos5/sra-pub-zq-14/SRR003/177/SRR3177753.sralite.1,SRX1592245,VANC/87/UBC/23,WGS,RANDOM,GENOMIC,PAIRED,0,0,ILLUMINA,Illumina MiSeq,SRP056976,PRJNA280606,,280606,SRS1300349,simple,5741,Giardia duodenalis,VANC/87/UBC/23,,,,,,,no,,,,,UNIVERSITY OF BRITISH COLUMBIA,SRA355098,,public,667B69D491126C8481142B6B4ED39FF9,CFE86E1E2AAE0C555620B4AB59883B34
SRR3177754,SAMN04494420,,,,,1987-10-03,giardiasis,,,,,,,,,,B,Canada: Kelowna,,,,,VANC/87/UBC/25,human,49.89 N 119.50 W,,,,,"Giardia samples from human, animal and water in BCCDC",,trophozoites,,,,,,,,,,,2017-04-30 00:00:54,2016-02-18 15:56:31,2442937,1226354374,2442937,502,733,,https://sra-downloadb.be-md.ncbi.nlm.nih.gov/sos5/sra-pub-zq-11/SRR003/177/SRR3177754/SRR3177754.sralite.1,SRX1592255,VANC/87/UBC/25,WGS,RANDOM,GENOMIC,PAIRED,0,0,ILLUMINA,Illumina MiSeq,SRP056976,PRJNA280606,,280606,SRS1300355,simple,5741,Giardia duodenalis,VANC/87/UBC/25,,,,,,,no,,,,,UNIVERSITY OF BRITISH COLUMBIA,SRA355098,,public,00A2D6FA9C45E04A12FB52909D34A8D6,5A5C134669D317A520B3235A2C05CEA8
SRR3177755,SAMN04494421,,,,,1987-11-04,watershed,,,,,,,,,,B,Canada: Slocan River,,,,,VANC/87/UBC/26,BEAVER,49.76 N 117.47 W,,,,,"Giardia samples from human, animal and water in BCCDC",,trophozoites,,,,,,,,,,,2017-04-30 00:00:54,2016-02-18 16:00:00,3046165,1529174830,3046165,502,849,,https://sra-downloadb.be-md.ncbi.nlm.nih.gov/sos5/sra-pub-zq-11/SRR003/177/SRR3177755/SRR3177755.sralite.1,SRX1592263,VANC/87/UBC/26,WGS,RANDOM,GENOMIC,PAIRED,0,0,ILLUMINA,Illumina MiSeq,SRP056976,PRJNA280606,,280606,SRS1300369,simple,5741,Giardia duodenalis,VANC/87/UBC/26,,,,,,,no,,,,,UNIVERSITY OF BRITISH COLUMBIA,SRA355098,,public,0559074E4446B6E5E0056FA19E223D1B,F61E7503FD13F37D99A815230E84AF3F
SRR3177757,SAMN04494422,,,,,1987-11-21,watershed,,,,,,,,,,A,Canada: Aldergrove,,,,,VANC/87/UBC/27,BEAVER,49.06 N 122.47 W,,,,,"Giardia samples from human, animal and water in BCCDC",,trophozoites,,,,,,,,,,,2017-04-30 00:00:55,2016-02-18 15:56:31,1694761,850770022,1694761,502,572,,https://sra-downloadb.be-md.ncbi.nlm.nih.gov/sos5/sra-pub-zq-14/SRR003/177/SRR3177757.sralite.1,SRX1592271,VANC/87/UBC/27,WGS,RANDOM,GENOMIC,PAIRED,0,0,ILLUMINA,Illumina MiSeq,SRP056976,PRJNA280606,,280606,SRS1300376,simple,5741,Giardia duodenalis,VANC/87/UBC/27,,,,,,,no,,,,,UNIVERSITY OF BRITISH COLUMBIA,SRA355098,,public,740CE99A2F29F91AEBFDCF7704F9A9E4,3B654168C4E4F84EA269E0AACAF14C08
SRR3177759,SAMN04494423,,,,,1987-12-01,watershed,,,,,,,,,,A,Canada: Aldergrove,,,,,VANC/87/UBC/28,BEAVER,49.06 N 122.47 W,,,,,"Giardia samples from human, animal and water in BCCDC",,trophozoites,,,,,,,,,,,2017-04-30 00:00:55,2016-02-18 15:57:47,2198831,1103813162,2198831,502,634,,https://sra-downloadb.be-md.ncbi.nlm.nih.gov/sos5/sra-pub-zq-14/SRR003/177/SRR3177759.sralite.1,SRX1592280,VANC/87/UBC/28,WGS,RANDOM,GENOMIC,PAIRED,0,0,ILLUMINA,Illumina MiSeq,SRP056976,PRJNA280606,,280606,SRS1300383,simple,5741,Giardia duodenalis,VANC/87/UBC/28,,,,,,,no,,,,,UNIVERSITY OF BRITISH COLUMBIA,SRA355098,,public,D8940005EEF52080705D46A5F34651C8,4AF23FAFD256A41FDBA8597572B77F66
SRR3177760,SAMN04494424,,,,,1987-12-01,watershed,,,,,,,,,,A,Canada: Aldergrove,,,,,VANC/87/UBC/29,BEAVER,49.06 N 122.47 W,,,,,"Giardia samples from human, animal and water in BCCDC",,trophozoites,,,,,,,,,,,2017-04-30 00:00:55,2016-02-18 15:57:24,1438214,721983428,1438214,502,490,,https://sra-downloadb.be-md.ncbi.nlm.nih.gov/sos5/sra-pub-zq-14/SRR003/177/SRR3177760.sralite.1,SRX1592286,VANC/87/UBC/29,WGS,RANDOM,GENOMIC,PAIRED,0,0,ILLUMINA,Illumina MiSeq,SRP056976,PRJNA280606,,280606,SRS1300389,simple,5741,Giardia duodenalis,VANC/87/UBC/29,,,,,,,no,,,,,UNIVERSITY OF BRITISH COLUMBIA,SRA355098,,public,863ECF44FFB63F4F4EF63D812924FC9B,DE943DDBC0EA51AB4F3AEBAEF76B329A
SRR3177763,SAMN04494425,,,,,1987-08-08,giardiasis,,,,,,,,,,B,Canada: North Vancouver,,,,,VANC/87/UBC/8,human,49.33 N 123.07 W,,,,,"Giardia samples from human, animal and water in BCCDC",,trophozoites,,,,,,,,,,,2017-04-30 00:00:55,2016-02-18 16:01:17,2276049,1083399324,2276049,476,571,,https://sra-downloadb.be-md.ncbi.nlm.nih.gov/sos5/sra-pub-zq-11/SRR003/177/SRR3177763/SRR3177763.sralite.1,SRX1592295,VANC/87/UBC/8,WGS,RANDOM,GENOMIC,PAIRED,0,0,ILLUMINA,Illumina MiSeq,SRP056976,PRJNA280606,,280606,SRS1300396,simple,5741,Giardia duodenalis,VANC/87/UBC/8,,,,,,,no,,,,,UNIVERSITY OF BRITISH COLUMBIA,SRA355098,,public,7B26CDC4AF751FA1EBE6B556D3457D1E,2E1AC60EF99EA73398C6847F7BDDB11D
SRR3177765,SAMN04494426,,,,,1988-10-19,giardiasis,,,,,,,,,,A,Canada: Vancouver,,,,,VANC/88/UBC/34,human,49.28 N 123.12 W,,,,,"Giardia samples from human, animal and water in BCCDC",,trophozoites,,,,,,,,,,,2017-04-30 00:00:55,2016-02-18 16:01:50,2687411,1349080322,2687411,502,864,,https://sra-downloadb.be-md.ncbi.nlm.nih.gov/sos5/sra-pub-zq-14/SRR003/177/SRR3177765.sralite.1,SRX1592307,VANC/88/UBC/34,WGS,RANDOM,GENOMIC,PAIRED,0,0,ILLUMINA,Illumina MiSeq,SRP056976,PRJNA280606,,280606,SRS1300410,simple,5741,Giardia duodenalis,VANC/88/UBC/34,,,,,,,no,,,,,UNIVERSITY OF BRITISH COLUMBIA,SRA355098,,public,F6B15D60DC25BC1E36C9088B0960BEC1,76E93163DE219708C6D6F7C46DED46DF
SRR3177768,SAMN04494427,,,,,1988-11-29,giardiasis,,,,,,,,,,A,Canada: Vancouver,,,,,VANC/88/UBC/35,human,49.28 N 123.12 W,,,,,"Giardia samples from human, animal and water in BCCDC",,trophozoites,,,,,,,,,,,2017-04-30 00:00:55,2016-02-18 16:09:43,2074818,1041558636,2074818,502,591,,https://sra-downloadb.be-md.ncbi.nlm.nih.gov/sos5/sra-pub-zq-14/SRR003/177/SRR3177768.sralite.1,SRX1592314,VANC/88/UBC/35,WGS,RANDOM,GENOMIC,PAIRED,0,0,ILLUMINA,Illumina MiSeq,SRP056976,PRJNA280606,,280606,SRS1300417,simple,5741,Giardia duodenalis,VANC/88/UBC/35,,,,,,,no,,,,,UNIVERSITY OF BRITISH COLUMBIA,SRA355098,,public,12373CE5F5908D8D5447D77A57054B2F,CE05527D54C3A66227C1E686B185F968
SRR3177790,SAMN04494428,,,,,1989-10-25,giardiasis,,,,,,,,,,A,Canada: Vancouver,,,,,VANC/89/UBC/33,human,49.28 N 123.12 W,,,,,"Giardia samples from human, animal and water in BCCDC",,trophozoites,,,,,,,,,,,2017-04-30 00:00:55,2016-02-18 16:08:12,3038335,1525244170,3038335,502,832,,https://sra-downloadb.be-md.ncbi.nlm.nih.gov/sos5/sra-pub-zq-11/SRR003/177/SRR3177790/SRR3177790.sralite.1,SRX1592323,VANC/89/UBC/33,WGS,RANDOM,GENOMIC,PAIRED,0,0,ILLUMINA,Illumina MiSeq,SRP056976,PRJNA280606,,280606,SRS1300422,simple,5741,Giardia duodenalis,VANC/89/UBC/33,,,,,,,no,,,,,UNIVERSITY OF BRITISH COLUMBIA,SRA355098,,public,D472A1CA1634A896BC84EE5EB5C225C2,6FF6DFE81AD0E48D620DF467973A1FBD
SRR3177803,SAMN04494429,,,,,1989-09-30,giardiasis,,,,,,,,,,A,Canada: Oliver,,,,,VANC/89/UBC/36,human,49.18 N 119.55 W,,,,,"Giardia samples from human, animal and water in BCCDC",,trophozoites,,,,,,,,,,,2017-04-30 00:00:55,2016-02-18 16:11:35,3597600,1805995200,3597600,502,1009,,https://sra-downloadb.be-md.ncbi.nlm.nih.gov/sos5/sra-pub-zq-14/SRR003/177/SRR3177803.sralite.1,SRX1592325,VANC/89/UBC/36,WGS,RANDOM,GENOMIC,PAIRED,0,0,ILLUMINA,Illumina MiSeq,SRP056976,PRJNA280606,,280606,SRS1300424,simple,5741,Giardia duodenalis,VANC/89/UBC/36,,,,,,,no,,,,,UNIVERSITY OF BRITISH COLUMBIA,SRA355098,,public,549008323623AEB2E99D672A456288CB,6E05C82AFE94BDB651C12CCB8B358F97
SRR3177805,SAMN04494430,,,,,1989-11-17,watershed,,,,,,,,,,A,Canada: Kitimat,,,,,VANC/89/UBC/37,human,54.06 N 128.64 W,,,,,"Giardia samples from human, animal and water in BCCDC",,trophozoites,,,,,,,,,,,2017-04-30 00:00:55,2016-02-18 16:08:51,1346491,675938482,1346491,502,442,,https://sra-downloadb.be-md.ncbi.nlm.nih.gov/sos5/sra-pub-zq-11/SRR003/177/SRR3177805/SRR3177805.sralite.1,SRX1592328,VANC/89/UBC/37,WGS,RANDOM,GENOMIC,PAIRED,0,0,ILLUMINA,Illumina MiSeq,SRP056976,PRJNA280606,,280606,SRS1300427,simple,5741,Giardia duodenalis,VANC/89/UBC/37,,,,,,,no,,,,,UNIVERSITY OF BRITISH COLUMBIA,SRA355098,,public,62C135DBECC00E06EC51E9ADAF6C9F1D,540975F990790AF9FC5E13D94017AD69
SRR3177816,SAMN04494431,,,,,1989-12-20,watershed,,,,,,,,,,B,Canada: Kitimat,,,,,VANC/89/UBC/48,human,54.06 N 128.64 W,,,,,"Giardia samples from human, animal and water in BCCDC",,trophozoites,,,,,,,,,,,2017-04-30 00:00:55,2016-02-18 16:09:30,1672473,839581446,1672473,502,475,,https://sra-downloadb.be-md.ncbi.nlm.nih.gov/sos5/sra-pub-zq-11/SRR003/177/SRR3177816/SRR3177816.sralite.1,SRX1592329,VANC/89/UBC/48,WGS,RANDOM,GENOMIC,PAIRED,0,0,ILLUMINA,Illumina MiSeq,SRP056976,PRJNA280606,,280606,SRS1300429,simple,5741,Giardia duodenalis,VANC/89/UBC/48,,,,,,,no,,,,,UNIVERSITY OF BRITISH COLUMBIA,SRA355098,,public,EC544FF5C6F1E9E9289F71C38C62E29E,AB3DA4B0674053AF9B99D85C2C2B64E8
SRR3177826,SAMN04494432,,,,,1989-02-27,giardiasis,,,,,,,,,,B,Canada: Nanaimo,,,,,VANC/89/UBC/59,dog,49.17 N 123.94 W,,,,,"Giardia samples from human, animal and water in BCCDC",,trophozoites,,,,,,,,,,,2017-04-30 00:00:56,2016-02-18 16:10:42,1372325,688907150,1372325,502,397,,https://sra-downloadb.be-md.ncbi.nlm.nih.gov/sos5/sra-pub-zq-14/SRR003/177/SRR3177826.sralite.1,SRX1592330,VANC/89/UBC/59,WGS,RANDOM,GENOMIC,PAIRED,0,0,ILLUMINA,Illumina MiSeq,SRP056976,PRJNA280606,,280606,SRS1300430,simple,5741,Giardia duodenalis,VANC/89/UBC/59,,,,,,,no,,,,,UNIVERSITY OF BRITISH COLUMBIA,SRA355098,,public,76CE20346EE94CCBF0134F69FD2FCE88,0ED82C5BE76429419970E5BBE3A3627D
SRR3177835,SAMN04494433,,,,,1990-02-16,watershed,,,,,,,,,,B,Canada: Kitimat,,,,,VANC/90/UBC/47,human,54.06 N 128.64 W,,,,,"Giardia samples from human, animal and water in BCCDC",,trophozoites,,,,,,,,,,,2017-04-30 00:00:56,2016-02-18 16:14:24,1854441,930929382,0,502,553,,https://sra-downloadb.be-md.ncbi.nlm.nih.gov/sos5/sra-pub-zq-11/SRR003/177/SRR3177835/SRR3177835.sralite.1,SRX1592331,VANC/90/UBC/47,WGS,RANDOM,GENOMIC,PAIRED,0,0,ILLUMINA,Illumina MiSeq,SRP056976,PRJNA280606,,280606,SRS1300431,simple,5741,Giardia duodenalis,VANC/90/UBC/47,,,,,,,no,,,,,UNIVERSITY OF BRITISH COLUMBIA,SRA355098,,public,,
SRR3177841,SAMN04494434,,,,,1990-03-03,watershed,,,,,,,,,,B,Canada: Creston,,,,,VANC/90/UBC/50_2,water,49.10 N 116.51 W,,,,,"Giardia samples from human, animal and water in BCCDC",,trophozoites,,,,,,,,,,,2017-04-30 00:00:56,2016-02-18 16:14:20,1688392,847572784,1688392,502,518,,https://sra-downloadb.be-md.ncbi.nlm.nih.gov/sos5/sra-pub-zq-11/SRR003/177/SRR3177841/SRR3177841.sralite.1,SRX1592333,VANC/90/UBC/50_2,WGS,RANDOM,GENOMIC,PAIRED,0,0,ILLUMINA,Illumina MiSeq,SRP056976,PRJNA280606,,280606,SRS1300432,simple,5741,Giardia duodenalis,VANC/90/UBC/50_2,,,,,,,no,,,,,UNIVERSITY OF BRITISH COLUMBIA,SRA355098,,public,42948B6B32FD146ADB6035308E1473AF,7BBD4155E3243BB11F9C67D787142380
SRR3177858,SAMN04494435,,,,,1990-03-09,watershed,,,,,,,,,,B,Canada: Kitimat,,,,,VANC/90/UBC/51,water,54.06 N 128.64 W,,,,,"Giardia samples from human, animal and water in BCCDC",,trophozoites,,,,,,,,,,,2017-04-30 00:00:56,2016-02-18 16:15:21,2629840,1320179680,2629840,502,862,,https://sra-downloadb.be-md.ncbi.nlm.nih.gov/sos5/sra-pub-zq-14/SRR003/177/SRR3177858.sralite.1,SRX1592335,VANC/90/UBC/51,WGS,RANDOM,GENOMIC,PAIRED,0,0,ILLUMINA,Illumina MiSeq,SRP056976,PRJNA280606,,280606,SRS1300435,simple,5741,Giardia duodenalis,VANC/90/UBC/51,,,,,,,no,,,,,UNIVERSITY OF BRITISH COLUMBIA,SRA355098,,public,66A5AC50FBE7EA71863E9803B081068E,82F33FFA6C591909DAAEF475EA371B85
SRR3177862,SAMN04494436,,,,,1990-04-10,watershed,,,,,,,,,,B,Canada: Goat River,,,,,VANC/90/UBC/54,BEAVER,49.19 N 116.34 W,,,,,"Giardia samples from human, animal and water in BCCDC",,trophozoites,,,,,,,,,,,2017-04-30 00:00:56,2016-02-18 16:22:13,1941718,974742436,1941718,502,653,,https://sra-downloadb.be-md.ncbi.nlm.nih.gov/sos5/sra-pub-zq-14/SRR003/177/SRR3177862.sralite.1,SRX1592336,VANC/90/UBC/54,WGS,RANDOM,GENOMIC,PAIRED,0,0,ILLUMINA,Illumina MiSeq,SRP056976,PRJNA280606,,280606,SRS1300436,simple,5741,Giardia duodenalis,VANC/90/UBC/54,,,,,,,no,,,,,UNIVERSITY OF BRITISH COLUMBIA,SRA355098,,public,2A92E4F6E003386FD7861050F948B2D8,E4BC9604862977F5ECD368BA849F8C73
SRR3177873,SAMN04494437,,,,,1990-04-10,watershed,,,,,,,,,,B,Canada: Goat River,,,,,VANC/90/UBC/55,BEAVER,49.19 N 116.34 W,,,,,"Giardia samples from human, animal and water in BCCDC",,trophozoites,,,,,,,,,,,2017-04-30 00:00:56,2016-02-18 16:18:31,1475889,740896278,1475889,502,456,,https://sra-downloadb.be-md.ncbi.nlm.nih.gov/sos5/sra-pub-zq-11/SRR003/177/SRR3177873/SRR3177873.sralite.1,SRX1592338,VANC/90/UBC/55,WGS,RANDOM,GENOMIC,PAIRED,0,0,ILLUMINA,Illumina MiSeq,SRP056976,PRJNA280606,,280606,SRS1300437,simple,5741,Giardia duodenalis,VANC/90/UBC/55,,,,,,,no,,,,,UNIVERSITY OF BRITISH COLUMBIA,SRA355098,,public,9944D33002B2A8A4EA1F647A61F742D4,23DE77FA51B8EE8E20D09209421221FE
SRR3177900,SAMN04494438,,,,,1989-12-05,watershed,,,,,,,,,,A,Canada: Bella Coola,,,,,VANC/90/UBC/57,BEAVER,52.38 N 126.76 W,,,,,"Giardia samples from human, animal and water in BCCDC",,trophozoites,,,,,,,,,,,2017-04-30 00:00:56,2016-02-18 16:19:26,1218267,611570034,1218267,502,370,,https://sra-downloadb.be-md.ncbi.nlm.nih.gov/sos5/sra-pub-zq-14/SRR003/177/SRR3177900.sralite.1,SRX1592341,VANC/90/UBC/57,WGS,RANDOM,GENOMIC,PAIRED,0,0,ILLUMINA,Illumina MiSeq,SRP056976,PRJNA280606,,280606,SRS1300440,simple,5741,Giardia duodenalis,VANC/90/UBC/57,,,,,,,no,,,,,UNIVERSITY OF BRITISH COLUMBIA,SRA355098,,public,6AC80C53B7563821B76919546E0A20EE,3EE4732AD46A23F2F6054B074AE800B5
SRR3177903,SAMN04494439,,,,,1990-09-12,watershed,,,,,,,,,,B,Canada: Mission Creek,,,,,VANC/90/UBC/58,water,49.80 N 119.47 W,,,,,"Giardia samples from human, animal and water in BCCDC",,trophozoites,,,,,,,,,,,2017-04-30 00:00:56,2016-02-18 16:20:00,1825727,916514954,1825727,502,512,,https://sra-downloadb.be-md.ncbi.nlm.nih.gov/sos5/sra-pub-zq-11/SRR003/177/SRR3177903/SRR3177903.sralite.1,SRX1592343,VANC/90/UBC/58,WGS,RANDOM,GENOMIC,PAIRED,0,0,ILLUMINA,Illumina MiSeq,SRP056976,PRJNA280606,,280606,SRS1300443,simple,5741,Giardia duodenalis,VANC/90/UBC/58,,,,,,,no,,,,,UNIVERSITY OF BRITISH COLUMBIA,SRA355098,,public,EFAA23F917C033416688363E7CE54BA0,75CA63228E1FADAB0CA035B9C973DB7C
SRR3177917,SAMN04494440,,,,,1990-07-05,watershed,,,,,,,,,,B,Canada: Barriere,,,,,VANC/90/UBC/61,water,51.18 N 120.12 W,,,,,"Giardia samples from human, animal and water in BCCDC",,trophozoites,,,,,,,,,,,2017-04-30 00:00:56,2016-02-18 16:23:38,2734510,1372724020,2734510,502,826,,https://sra-downloadb.be-md.ncbi.nlm.nih.gov/sos5/sra-pub-zq-11/SRR003/177/SRR3177917/SRR3177917.sralite.1,SRX1592344,VANC/90/UBC/61,WGS,RANDOM,GENOMIC,PAIRED,0,0,ILLUMINA,Illumina MiSeq,SRP056976,PRJNA280606,,280606,SRS1300444,simple,5741,Giardia duodenalis,VANC/90/UBC/61,,,,,,,no,,,,,UNIVERSITY OF BRITISH COLUMBIA,SRA355098,,public,0A552DBE89FBE109D73281E78AE0CC8C,4564C3253084335741E31CEE7265DA05
SRR3177919,SAMN04494441,,,,,1990-07-31,watershed,,,,,,,,,,A,Canada: Barriere,,,,,VANC/90/UBC/62,water,51.18 N 120.12 W,,,,,"Giardia samples from human, animal and water in BCCDC",,trophozoites,,,,,,,,,,,2017-04-30 00:00:57,2016-02-18 16:21:32,1484948,745443896,1484948,502,463,,https://sra-downloadb.be-md.ncbi.nlm.nih.gov/sos5/sra-pub-zq-11/SRR003/177/SRR3177919/SRR3177919.sralite.1,SRX1592345,VANC/90/UBC/62,WGS,RANDOM,GENOMIC,PAIRED,0,0,ILLUMINA,Illumina MiSeq,SRP056976,PRJNA280606,,280606,SRS1300445,simple,5741,Giardia duodenalis,VANC/90/UBC/62,,,,,,,no,,,,,UNIVERSITY OF BRITISH COLUMBIA,SRA355098,,public,8803B1F30AB0C70D15A24A11301F0B16,BB654A3A36160067FFE0AAC46D60A27F
SRR3177926,SAMN04494442,,,,,1991-01-04,watershed,,,,,,,,,,B,Canada: Barriere,,,,,VANC/90/UBC/63,human,51.18 N 120.12 W,,,,,"Giardia samples from human, animal and water in BCCDC",,trophozoites,,,,,,,,,,,2017-04-30 00:00:57,2016-02-18 16:22:26,2104944,1056681888,2104944,502,657,,https://sra-downloadb.be-md.ncbi.nlm.nih.gov/sos5/sra-pub-zq-14/SRR003/177/SRR3177926.sralite.1,SRX1592346,VANC/90/UBC/63,WGS,RANDOM,GENOMIC,PAIRED,0,0,ILLUMINA,Illumina MiSeq,SRP056976,PRJNA280606,,280606,SRS1300446,simple,5741,Giardia duodenalis,VANC/90/UBC/63,,,,,,,no,,,,,UNIVERSITY OF BRITISH COLUMBIA,SRA355098,,public,5EC3B28D9DF71DBA9D2BD52F93E808D3,7A1ED508A7DD587055D2634532923E9F
SRR3177927,SAMN04494443,,,,,1990-12-11,watershed,,,,,,,,,,A,Canada: Barriere,,,,,VANC/90/UBC/64,human,51.18 N 120.12 W,,,,,"Giardia samples from human, animal and water in BCCDC",,trophozoites,,,,,,,,,,,2017-04-30 00:00:57,2016-02-18 16:31:04,3602109,1714603884,3602109,476,922,,https://sra-downloadb.be-md.ncbi.nlm.nih.gov/sos5/sra-pub-zq-14/SRR003/177/SRR3177927.sralite.1,SRX1592347,VANC/90/UBC/64,WGS,RANDOM,GENOMIC,PAIRED,0,0,ILLUMINA,Illumina MiSeq,SRP056976,PRJNA280606,,280606,SRS1300447,simple,5741,Giardia duodenalis,VANC/90/UBC/64,,,,,,,no,,,,,UNIVERSITY OF BRITISH COLUMBIA,SRA355098,,public,3C254FB752E12B56576706B9CA46E50D,F783BD1E8BEC5F0F5B6949DAE2EAA242
SRR3177928,SAMN04494444,,,,,1991-01-22,watershed,,,,,,,,,,B,Canada: Barriere,,,,,VANC/91/UBC/65,human,51.18 N 120.12 W,,,,,"Giardia samples from human, animal and water in BCCDC",,trophozoites,,,,,,,,,,,2017-04-30 00:00:57,2016-02-18 16:26:38,1511363,758704226,1511363,502,475,,https://sra-downloadb.be-md.ncbi.nlm.nih.gov/sos5/sra-pub-zq-14/SRR003/177/SRR3177928.sralite.1,SRX1592348,VANC/91/UBC/65,WGS,RANDOM,GENOMIC,PAIRED,0,0,ILLUMINA,Illumina MiSeq,SRP056976,PRJNA280606,,280606,SRS1300448,simple,5741,Giardia duodenalis,VANC/91/UBC/65,,,,,,,no,,,,,UNIVERSITY OF BRITISH COLUMBIA,SRA355098,,public,3766F6EA4E8CD22DABA659480AA51971,E950367023DDA0481D85843D3A394914
SRR3177929,SAMN04494445,,,,,1991-04-18,watershed,,,,,,,,,,B,Canada: Terrace,,,,,VANC/91/UBC/67,water,54.51 N 128.61 W,,,,,"Giardia samples from human, animal and water in BCCDC",,trophozoites,,,,,,,,,,,2017-04-30 00:00:57,2016-02-18 16:26:22,1232070,618499140,1232070,502,379,,https://sra-downloadb.be-md.ncbi.nlm.nih.gov/sos5/sra-pub-zq-14/SRR003/177/SRR3177929.sralite.1,SRX1592349,VANC/91/UBC/67,WGS,RANDOM,GENOMIC,PAIRED,0,0,ILLUMINA,Illumina MiSeq,SRP056976,PRJNA280606,,280606,SRS1300449,simple,5741,Giardia duodenalis,VANC/91/UBC/67,,,,,,,no,,,,,UNIVERSITY OF BRITISH COLUMBIA,SRA355098,,public,CC29EC16CEA6570E0302497959BBB1FE,C8E4A017BAFBBA6E7451B700BF9C11FC
SRR3177930,SAMN04494446,,,,,1991-04-19,watershed,,,,,,,,,,B,Canada: Terrace,,,,,VANC/91/UBC/68_1,water,54.51 N 128.61 W,,,,,"Giardia samples from human, animal and water in BCCDC",,trophozoites,,,,,,,,,,,2017-04-30 00:00:57,2016-02-18 16:32:19,2744201,1377588902,2744201,502,787,,https://sra-downloadb.be-md.ncbi.nlm.nih.gov/sos5/sra-pub-zq-11/SRR003/177/SRR3177930/SRR3177930.sralite.1,SRX1592350,VANC/91/UBC/68_1,WGS,RANDOM,GENOMIC,PAIRED,0,0,ILLUMINA,Illumina MiSeq,SRP056976,PRJNA280606,,280606,SRS1300450,simple,5741,Giardia duodenalis,VANC/91/UBC/68_1,,,,,,,no,,,,,UNIVERSITY OF BRITISH COLUMBIA,SRA355098,,public,149E9FEFE943B50E9CC0151CD5FBAC0C,B2F7064742B9CE918443163457950499
SRR3177931,SAMN04494447,,,,,1991-04-19,watershed,,,,,,,,,,B,Canada: Terrace,,,,,VANC/91/UBC/68_2,water,54.51 N 128.61 W,,,,,"Giardia samples from human, animal and water in BCCDC",,trophozoites,,,,,,,,,,,2017-04-30 00:00:57,2016-02-18 16:29:33,1199981,602390462,1199981,502,348,,https://sra-downloadb.be-md.ncbi.nlm.nih.gov/sos5/sra-pub-zq-14/SRR003/177/SRR3177931.sralite.1,SRX1592351,VANC/91/UBC/68_2,WGS,RANDOM,GENOMIC,PAIRED,0,0,ILLUMINA,Illumina MiSeq,SRP056976,PRJNA280606,,280606,SRS1300451,simple,5741,Giardia duodenalis,VANC/91/UBC/68_2,,,,,,,no,,,,,UNIVERSITY OF BRITISH COLUMBIA,SRA355098,,public,B26420586B6E02C021C58233C999D2FC,FCEF45881709226CACD9999EF0BFED3F
SRR3177933,SAMN04494448,,,,,1991-02-20,watershed,,,,,,,,,,B,Canada: Muskwa River,,,,,VANC/91/UBC/69,water,55.76 N 120.24 W,,,,,"Giardia samples from human, animal and water in BCCDC",,trophozoites,,,,,,,,,,,2017-04-30 00:00:57,2016-02-18 16:30:05,1685619,846180738,1685619,502,482,,https://sra-downloadb.be-md.ncbi.nlm.nih.gov/sos5/sra-pub-zq-11/SRR003/177/SRR3177933/SRR3177933.sralite.1,SRX1592353,VANC/91/UBC/69,WGS,RANDOM,GENOMIC,PAIRED,0,0,ILLUMINA,Illumina MiSeq,SRP056976,PRJNA280606,,280606,SRS1300453,simple,5741,Giardia duodenalis,VANC/91/UBC/69,,,,,,,no,,,,,UNIVERSITY OF BRITISH COLUMBIA,SRA355098,,public,1D834A4FAFAAEF18FCFC635EABFA4FB4,3A993E858884C4566B2D54BAD97B293C
SRR3177934,SAMN04494449,,,,,1991-04-04,watershed,,,,,,,,,,B,Canada: South Thompson,,,,,VANC/91/UBC/72,water,50.74 N 120.18 W,,,,,"Giardia samples from human, animal and water in BCCDC",,trophozoites,,,,,,,,,,,2017-04-30 00:00:57,2016-02-18 16:31:13,1331115,668219730,1331115,502,379,,https://sra-downloadb.be-md.ncbi.nlm.nih.gov/sos5/sra-pub-zq-14/SRR003/177/SRR3177934.sralite.1,SRX1592354,VANC/91/UBC/72,WGS,RANDOM,GENOMIC,PAIRED,0,0,ILLUMINA,Illumina MiSeq,SRP056976,PRJNA280606,,280606,SRS1300454,simple,5741,Giardia duodenalis,VANC/91/UBC/72,,,,,,,no,,,,,UNIVERSITY OF BRITISH COLUMBIA,SRA355098,,public,215372EA5C5CD35DA9B63B7C2A87C98C,A737B8E36CB1B5CC0F7231407AF51970
SRR3177935,SAMN04494450,,,,,1991-06-24,watershed,,,,,,,,,,A,Canada: Kamloops,,,,,VANC/91/UBC/73,human,50.67 N 120.33 W,,,,,"Giardia samples from human, animal and water in BCCDC",,trophozoites,,,,,,,,,,,2017-04-30 00:00:58,2016-02-18 16:46:00,4168566,2092620132,4168566,502,1190,,https://sra-downloadb.be-md.ncbi.nlm.nih.gov/sos5/sra-pub-zq-11/SRR003/177/SRR3177935/SRR3177935.sralite.1,SRX1592355,VANC/91/UBC/73,WGS,RANDOM,GENOMIC,PAIRED,0,0,ILLUMINA,Illumina MiSeq,SRP056976,PRJNA280606,,280606,SRS1300455,simple,5741,Giardia duodenalis,VANC/91/UBC/73,,,,,,,no,,,,,UNIVERSITY OF BRITISH COLUMBIA,SRA355098,,public,9648A4EEA3682723F61C884A38B0B478,490C6B84D060FD588ED926439F6F1C50
SRR3177936,SAMN04494451,,,,,1991-12-12,watershed,,,,,,,,,,B,Canada: Mission Creek,,,,,VANC/91/UBC/74,water,49.80 N 119.47 W,,,,,"Giardia samples from human, animal and water in BCCDC",,trophozoites,,,,,,,,,,,2017-04-30 00:00:58,2016-02-18 16:48:08,5814834,2919046668,5814834,502,1598,,https://sra-downloadb.be-md.ncbi.nlm.nih.gov/sos5/sra-pub-zq-11/SRR003/177/SRR3177936/SRR3177936.sralite.1,SRX1592356,VANC/91/UBC/74,WGS,RANDOM,GENOMIC,PAIRED,0,0,ILLUMINA,Illumina MiSeq,SRP056976,PRJNA280606,,280606,SRS1300457,simple,5741,Giardia duodenalis,VANC/91/UBC/74,,,,,,,no,,,,,UNIVERSITY OF BRITISH COLUMBIA,SRA355098,,public,1E7F613992D57658BDE15C13D09A2F20,ECDEBF9F34070042B77208E4D0189778
SRR3177937,SAMN04494452,,,,,1991-05-01,watershed,,,,,,,,,,B,Canada: Mission Creek,,,,,VANC/91/UBC/85,water,49.80 N 119.47 W,,,,,"Giardia samples from human, animal and water in BCCDC",,trophozoites,,,,,,,,,,,2017-04-30 00:00:58,2016-02-18 16:43:12,1130854,567688708,1130854,502,382,,https://sra-downloadb.be-md.ncbi.nlm.nih.gov/sos5/sra-pub-zq-11/SRR003/177/SRR3177937/SRR3177937.sralite.1,SRX1592357,VANC/91/UBC/85,WGS,RANDOM,GENOMIC,PAIRED,0,0,ILLUMINA,Illumina MiSeq,SRP056976,PRJNA280606,,280606,SRS1300456,simple,5741,Giardia duodenalis,VANC/91/UBC/85,,,,,,,no,,,,,UNIVERSITY OF BRITISH COLUMBIA,SRA355098,,public,10E17DDFB9F95B2CB4AD0C329DDF4E1E,E4FBF7D40465B4DE7873F87F5DB32BF5
SRR3177946,SAMN04494453,,,,,1992-09-23,watershed,,,,,,,,,,A,Canada: Mission Creek,,,,,VANC/92/UBC/101,water,49.80 N 119.47 W,,,,,"Giardia samples from human, animal and water in BCCDC",,trophozoites,,,,,,,,,,,2017-04-30 00:00:58,2016-02-18 16:43:48,1572405,789347310,1572405,502,444,,https://sra-downloadb.be-md.ncbi.nlm.nih.gov/sos5/sra-pub-zq-14/SRR003/177/SRR3177946.sralite.1,SRX1592358,VANC/92/UBC/101,WGS,RANDOM,GENOMIC,PAIRED,0,0,ILLUMINA,Illumina MiSeq,SRP056976,PRJNA280606,,280606,SRS1300459,simple,5741,Giardia duodenalis,VANC/92/UBC/101,,,,,,,no,,,,,UNIVERSITY OF BRITISH COLUMBIA,SRA355098,,public,0AEECBFBD5501F32F2B8B541180DB1AB,2F4B2BD0EDA3EDA26671B0D02D7E17C8
SRR3177947,SAMN04494454,,,,,1992-09-30,watershed,,,,,,,,,,B,Canada: Mission Creek,,,,,VANC/92/UBC/102,water,49.80 N 119.47 W,,,,,"Giardia samples from human, animal and water in BCCDC",,trophozoites,,,,,,,,,,,2017-04-30 00:00:58,2016-02-18 16:49:10,2871661,1441573822,2871661,502,804,,https://sra-downloadb.be-md.ncbi.nlm.nih.gov/sos5/sra-pub-zq-14/SRR003/177/SRR3177947.sralite.1,SRX1592368,VANC/92/UBC/102,WGS,RANDOM,GENOMIC,PAIRED,0,0,ILLUMINA,Illumina MiSeq,SRP056976,PRJNA280606,,280606,SRS1300471,simple,5741,Giardia duodenalis,VANC/92/UBC/102,,,,,,,no,,,,,UNIVERSITY OF BRITISH COLUMBIA,SRA355098,,public,DF765CF31A427B6D65DEAE695018E1AE,62E0847EC203EBE4F0DB81CDF810C211
SRR3177948,SAMN04494455,,,,,1992-10-01,watershed,,,,,,,,,,B,Canada: Mission Creek,,,,,VANC/92/UBC/103,water,49.80 N 119.47 W,,,,,"Giardia samples from human, animal and water in BCCDC",,trophozoites,,,,,,,,,,,2017-04-30 00:00:58,2016-02-18 16:48:25,2138446,1073499892,2138446,502,679,,https://sra-downloadb.be-md.ncbi.nlm.nih.gov/sos5/sra-pub-zq-11/SRR003/177/SRR3177948/SRR3177948.sralite.1,SRX1592377,VANC/92/UBC/103,WGS,RANDOM,GENOMIC,PAIRED,0,0,ILLUMINA,Illumina MiSeq,SRP056976,PRJNA280606,,280606,SRS1300478,simple,5741,Giardia duodenalis,VANC/92/UBC/103,,,,,,,no,,,,,UNIVERSITY OF BRITISH COLUMBIA,SRA355098,,public,A4CAC9CFF21DDB5EA68BDC35138E366B,9FC899D55CEF418A839E32CA101250AE
SRR3177949,SAMN04494456,,,,,1992-11-04,watershed,,,,,,,,,,A,Canada: Mission Creek,,,,,VANC/92/UBC/104,water,49.80 N 119.47 W,,,,,"Giardia samples from human, animal and water in BCCDC",,trophozoites,,,,,,,,,,,2017-04-30 00:00:58,2016-02-18 16:49:15,2196025,1102404550,2196025,502,626,,https://sra-downloadb.be-md.ncbi.nlm.nih.gov/sos5/sra-pub-zq-14/SRR003/177/SRR3177949.sralite.1,SRX1592380,VANC/92/UBC/104,WGS,RANDOM,GENOMIC,PAIRED,0,0,ILLUMINA,Illumina MiSeq,SRP056976,PRJNA280606,,280606,SRS1300484,simple,5741,Giardia duodenalis,VANC/92/UBC/104,,,,,,,no,,,,,UNIVERSITY OF BRITISH COLUMBIA,SRA355098,,public,4328B629302B08D7DB0239CF0A34BCB8,471777C87227EDFBAF3DB59ACDAAA3FC
SRR3177950,SAMN04494457,,,,,1992-12-15,giardiasis,,,,,,,,,,A,Canada: Vancouver,,,,,VANC/92/UBC/107,human,49.28 N 123.12 W,,,,,"Giardia samples from human, animal and water in BCCDC",,trophozoites,,,,,,,,,,,2017-04-30 00:00:58,2016-02-18 16:48:24,2411097,1210370694,2411097,502,704,,https://sra-downloadb.be-md.ncbi.nlm.nih.gov/sos5/sra-pub-zq-11/SRR003/177/SRR3177950/SRR3177950.sralite.1,SRX1592388,VANC/92/UBC/107,WGS,RANDOM,GENOMIC,PAIRED,0,0,ILLUMINA,Illumina MiSeq,SRP056976,PRJNA280606,,280606,SRS1300490,simple,5741,Giardia duodenalis,VANC/92/UBC/107,,,,,,,no,,,,,UNIVERSITY OF BRITISH COLUMBIA,SRA355098,,public,BFA8D8AD895178B60090F532B5E4AB3B,0632EF3C771231DB8B171D6EFB227786
SRR3177952,SAMN04494458,,,,,1992-04-09,watershed,,,,,,,,,,B,Canada: Mission Creek,,,,,VANC/92/UBC/84,water,49.80 N 119.47 W,,,,,"Giardia samples from human, animal and water in BCCDC",,trophozoites,,,,,,,,,,,2017-04-30 00:00:58,2016-02-18 16:55:47,2621724,1316105448,2621724,502,734,,https://sra-downloadb.be-md.ncbi.nlm.nih.gov/sos5/sra-pub-zq-14/SRR003/177/SRR3177952.sralite.1,SRX1592403,VANC/92/UBC/84,WGS,RANDOM,GENOMIC,PAIRED,0,0,ILLUMINA,Illumina MiSeq,SRP056976,PRJNA280606,,280606,SRS1300503,simple,5741,Giardia duodenalis,VANC/92/UBC/84,,,,,,,no,,,,,UNIVERSITY OF BRITISH COLUMBIA,SRA355098,,public,4D4357709289173D4409D3D50A66FF9A,5DF1F5ACE1D3858E5C91B4660B86E0D4
SRR3177955,SAMN04494459,,,,,1992-07-14,watershed,,,,,,,,,,B,Canada: Mission Creek,,,,,VANC/92/UBC/98,water,49.80 N 119.47 W,,,,,"Giardia samples from human, animal and water in BCCDC",,trophozoites,,,,,,,,,,,2017-04-30 00:00:59,2016-02-18 17:07:01,4343517,2180445534,4343517,502,1203,,https://sra-downloadb.be-md.ncbi.nlm.nih.gov/sos5/sra-pub-zq-14/SRR003/177/SRR3177955.sralite.1,SRX1592413,VANC/92/UBC/98,WGS,RANDOM,GENOMIC,PAIRED,0,0,ILLUMINA,Illumina MiSeq,SRP056976,PRJNA280606,,280606,SRS1300513,simple,5741,Giardia duodenalis,VANC/92/UBC/98,,,,,,,no,,,,,UNIVERSITY OF BRITISH COLUMBIA,SRA355098,,public,A7F9337C2C15F25D8D9C2E994791775C,9979D54D32A8E2E1BA648A5BBD75A90A
SRR3177962,SAMN04494460,,,,,1992-09-04,watershed,,,,,,,,,,B,Canada: Mission Creek,,,,,VANC/92/UBC/99,water,49.80 N 119.47 W,,,,,"Giardia samples from human, animal and water in BCCDC",,trophozoites,,,,,,,,,,,2017-04-30 00:00:59,2016-02-18 17:03:29,1380405,692963310,1380405,502,458,,https://sra-downloadb.be-md.ncbi.nlm.nih.gov/sos5/sra-pub-zq-11/SRR003/177/SRR3177962/SRR3177962.sralite.1,SRX1592414,VANC/92/UBC/99,WGS,RANDOM,GENOMIC,PAIRED,0,0,ILLUMINA,Illumina MiSeq,SRP056976,PRJNA280606,,280606,SRS1300514,simple,5741,Giardia duodenalis,VANC/92/UBC/99,,,,,,,no,,,,,UNIVERSITY OF BRITISH COLUMBIA,SRA355098,,public,C70B3C00BAC1EB276025E911A08EC752,C4A2E226C85911B7121C6F47B7CD3F78
SRR3178010,SAMN04494405,,,,,1993-06-01,watershed,,,,,,,,,,A,Canada: Botwood,,,,,BTW/109,water,49.14 N 55.34 W,,,,,"Giardia samples from human, animal and water in BCCDC",,trophozoites,,,,,,,,,,,2017-04-30 00:00:59,2016-02-18 17:06:52,2029797,1018958094,2029797,502,696,,https://sra-downloadb.be-md.ncbi.nlm.nih.gov/sos5/sra-pub-zq-14/SRR003/178/SRR3178010.sralite.1,SRX1592426,BTW/109,WGS,RANDOM,GENOMIC,PAIRED,0,0,ILLUMINA,Illumina MiSeq,SRP056976,PRJNA280606,,280606,SRS1300526,simple,5741,Giardia duodenalis,BTW/109,,,,,,,no,,,,,UNIVERSITY OF BRITISH COLUMBIA,SRA355098,,public,A4B96AA24ED05E0E2650139D36F49756,DF9BCFB5A8220DADE2A456750A0B0949
SRR3178017,SAMN04494406,,,,,1993-06-01,watershed,,,,,,,,,,A,Canada: Cornerbrook,,,,,CB2/108,water,48.95 N 57.95 W,,,,,"Giardia samples from human, animal and water in BCCDC",,trophozoites,,,,,,,,,,,2017-04-30 00:01:00,2016-02-18 17:16:56,1427832,716771664,1427832,502,487,,https://sra-downloadb.be-md.ncbi.nlm.nih.gov/sos5/sra-pub-zq-14/SRR003/178/SRR3178017.sralite.1,SRX1592437,CB2/108,WGS,RANDOM,GENOMIC,PAIRED,0,0,ILLUMINA,Illumina MiSeq,SRP056976,PRJNA280606,,280606,SRS1300538,simple,5741,Giardia duodenalis,CB2/108,,,,,,,no,,,,,UNIVERSITY OF BRITISH COLUMBIA,SRA355098,,public,56C46E622F9CF657DE5BD2C1D3183D10,D46CCCF03DB3488F5126D2FA155076FC
SRR3178018,SAMN04494407,,,,,1987-07-31,giardiasis,,,,,,,,,,A,Canada: Calgary,,,,,D3/18,dog,51.05 N 114.07 W,,,,,"Giardia samples from human, animal and water in BCCDC",,trophozoites,,,,,,,,,,,2017-04-30 00:01:00,2016-02-18 17:24:27,1927843,967777186,1927843,502,582,,https://sra-downloadb.be-md.ncbi.nlm.nih.gov/sos5/sra-pub-zq-14/SRR003/178/SRR3178018.sralite.1,SRX1592440,D3/18,WGS,RANDOM,GENOMIC,PAIRED,0,0,ILLUMINA,Illumina MiSeq,SRP056976,PRJNA280606,,280606,SRS1300540,simple,5741,Giardia duodenalis,D3/18,,,,,,,no,,,,,UNIVERSITY OF BRITISH COLUMBIA,SRA355098,,public,620C6BDDEB9FE68FC991D30041421F1A,BC770D9703D2513A48969B1A5B00FAE0
SRR10007722,SAMN12611599,,,,,missing,,,,,,,,,,,,missing,,missing,,,,,,,,,,Microbe sample from Giardia duodenalis,,cell culture,,GS,,,,,,,,,2020-09-19 00:05:45,2019-08-21 01:08:02,1666440,487421538,1666440,292,144,,https://sra-downloadb.be-md.ncbi.nlm.nih.gov/sos5/sra-pub-zq-16/SRR010/10007/SRR10007722/SRR10007722.lite.1,SRX6746024,GS-iSeq,WGS,unspecified,GENOMIC,PAIRED,0,0,ILLUMINA,Illumina iSeq 100,SRP218927,PRJNA561185,3,561185,SRS5296366,simple,5741,Giardia duodenalis,Giardia BGS,,,,,,,no,,,,,UNIVERSITY OF CALGARY,SRA945802,,public,01698A113D26B2B2868AA37950A089AF,367015EA4F9785F48E2F09C68070F4F8
SRR10007724,SAMN12611599,,,,,missing,,,,,,,,,,,,missing,,missing,,,,,,,,,,Microbe sample from Giardia duodenalis,,cell culture,,GS,,,,,,,,,2020-09-19 00:05:45,2019-08-21 01:17:52,882737,8335004787,0,9442,6979,,https://sra-downloadb.be-md.ncbi.nlm.nih.gov/sos5/sra-pub-zq-16/SRR010/10007/SRR10007724/SRR10007724.lite.1,SRX6746022,2244,WGS,unspecified,GENOMIC,SINGLE,0,0,OXFORD_NANOPORE,MinION,SRP218927,PRJNA561185,3,561185,SRS5296366,simple,5741,Giardia duodenalis,Giardia BGS,,,,,,,no,,,,,UNIVERSITY OF CALGARY,SRA945802,,public,316E7E0F5082B66E40F681FFEB27114D,2007F7751FDB82FE03F858BCAC5018FB
SRR10007607,SAMN12610744,,,,,Missing,,,,,,,,,,,,Missing,,Beaver,,,,missing,,,,,,Microbe sample from Giardia duodenalis,,Cell culture,,beaver,,,,,,,,,2020-09-19 00:05:45,2019-08-21 01:07:26,1035336,576465347,1035336,556,362,,https://sra-downloadb.be-md.ncbi.nlm.nih.gov/sos5/sra-pub-zq-16/SRR010/10007/SRR10007607/SRR10007607.lite.1,SRX6745910,218,WGS,unspecified,GENOMIC,PAIRED,0,0,ILLUMINA,Illumina MiSeq,SRP218927,PRJNA561185,3,561185,SRS5296285,simple,5741,Giardia duodenalis,Giardia beaver,,,,,,,no,,,,,UNIVERSITY OF CALGARY,SRA945782,,public,EB0C0093B2DF42FDEE3DF0A54B9D292F,0E4D81FFD36D40AC9671476990713ECC
SRR10007609,SAMN12610744,,,,,Missing,,,,,,,,,,,,Missing,,Beaver,,,,missing,,,,,,Microbe sample from Giardia duodenalis,,Cell culture,,beaver,,,,,,,,,2020-09-19 00:05:45,2019-08-21 01:17:15,382042,3165598307,0,8285,2675,,https://sra-downloadb.be-md.ncbi.nlm.nih.gov/sos5/sra-pub-zq-16/SRR010/10007/SRR10007609/SRR10007609.lite.1,SRX6745908,2309,WGS,unspecified,GENOMIC,SINGLE,0,0,OXFORD_NANOPORE,MinION,SRP218927,PRJNA561185,3,561185,SRS5296285,simple,5741,Giardia duodenalis,Giardia beaver,,,,,,,no,,,,,UNIVERSITY OF CALGARY,SRA945782,,public,C89B08B91EAA72A372475D586F4C32FE,0EDC941A85B773367B1372C01BC79F9D
ERR311186,SAMEA1971072,,,,,,,,,,,,,,,,,,,,,,,,,,,,,,,,,,,,,,,,,,2013-07-20 16:07:41,2013-07-15 18:17:52,3079877,923963100,3079877,300,601,assembly,https://sra-downloadb.be-md.ncbi.nlm.nih.gov/sos5/sra-pub-zq-11/ERR000/311/ERR311186/ERR311186.sralite.1,ERX284467,6141434,WGS,RANDOM,GENOMIC,PAIRED,419,107,ILLUMINA,Illumina MiSeq,ERP001716,PRJEB3213,,258334,ERS184160,simple,5741,Giardia duodenalis,SAMEA1971072,,,,,,,no,,,,,SC,ERA237528,,public,84DD8785B664E868B431D9C952AC0958,A4DE5767212ED4F7B28378DA26F5F0AF
ERR311175,SAMEA2018552,,,,,,,,,,,,,,,,,,,,,,,,,,,,,,,,,,,,,,,,,,2013-07-20 16:07:41,2013-07-15 18:18:01,7085729,1417145800,7085729,200,908,assembly,https://sra-downloadb.be-md.ncbi.nlm.nih.gov/sos5/sra-pub-zq-11/ERR000/311/ERR311175/ERR311175.sralite.1,ERX284456,5742484,WGS,RANDOM,GENOMIC,PAIRED,500,0,ILLUMINA,Illumina HiSeq 2000,ERP001716,PRJEB3213,,258334,ERS163277,simple,5741,Giardia duodenalis,SAMEA2018552,,,,,,,no,,,,,SC,ERA237528,,public,0143411077C0489A1999DAFF630D7CD3,AC8CCF0BE77D0321CAE3347429B4A467
ERR311184,SAMEA2018676,,,,,,,,,,,,,,,,,,,,,,,,,,,,,,,,,,,,,,,,,,2013-07-20 16:07:41,2013-07-15 18:18:50,8062476,1612495200,8062476,200,1004,assembly,https://sra-downloadb.be-md.ncbi.nlm.nih.gov/sos5/sra-pub-zq-11/ERR000/311/ERR311184/ERR311184.sralite.1,ERX284465,5742493,WGS,RANDOM,GENOMIC,PAIRED,500,0,ILLUMINA,Illumina HiSeq 2000,ERP001716,PRJEB3213,,258334,ERS163286,simple,5741,Giardia duodenalis,SAMEA2018676,,,,,,,no,,,,,SC,ERA237528,,public,865A0905638D5056679FAD5215F0ED15,F595FEC1B27DA186065086495FDC6353
ERR311174,SAMEA2018796,,,,,,,,,,,,,,,,,,,,,,,,,,,,,,,,,,,,,,,,,,2013-07-20 16:07:41,2013-07-15 18:19:03,7804981,1560996200,7804981,200,1002,assembly,https://sra-downloadb.be-md.ncbi.nlm.nih.gov/sos5/sra-pub-zq-14/ERR000/311/ERR311174.sralite.1,ERX284455,5742483,WGS,RANDOM,GENOMIC,PAIRED,500,0,ILLUMINA,Illumina HiSeq 2000,ERP001716,PRJEB3213,,258334,ERS163276,simple,5741,Giardia duodenalis,SAMEA2018796,,,,,,,no,,,,,SC,ERA237528,,public,C516A6A21F855A0326CA93EB23E40CDF,BB7061920097B0465F5189BD003F8E29
ERR311176,SAMEA2020285,,,,,,,,,,,,,,,,,,,,,,,,,,,,,,,,,,,,,,,,,,2013-07-20 16:07:41,2013-07-15 18:17:12,2753640,550728000,2753640,200,348,assembly,https://sra-downloadb.be-md.ncbi.nlm.nih.gov/sos5/sra-pub-zq-11/ERR000/311/ERR311176/ERR311176.sralite.1,ERX284457,5742485,WGS,RANDOM,GENOMIC,PAIRED,500,0,ILLUMINA,Illumina HiSeq 2000,ERP001716,PRJEB3213,,258334,ERS163278,simple,5741,Giardia duodenalis,SAMEA2020285,,,,,,,no,,,,,SC,ERA237528,,public,502E55081F741D65CC04E08CE28723E3,D6E86A19DB2360515E8F1CF8501164A7
ERR311179,SAMEA2020286,,,,,,,,,,,,,,,,,,,,,,,,,,,,,,,,,,,,,,,,,,2013-07-20 16:07:41,2013-07-15 18:18:21,5907820,1181564000,5907820,200,749,assembly,https://sra-downloadb.be-md.ncbi.nlm.nih.gov/sos5/sra-pub-zq-11/ERR000/311/ERR311179/ERR311179.sralite.1,ERX284460,5742488,WGS,RANDOM,GENOMIC,PAIRED,500,0,ILLUMINA,Illumina HiSeq 2000,ERP001716,PRJEB3213,,258334,ERS163281,simple,5741,Giardia duodenalis,SAMEA2020286,,,,,,,no,,,,,SC,ERA237528,,public,BFCFC5EBC899C1955CBE05AB6437C502,BCCB5C325CE1FEE71CDFA5ED0D64CFC3
ERR311189,SAMEA2033330,,,,,,,,,,,,,,,,,,,,,,,,,,,,,,,,,,,,,,,,,,2013-07-20 16:07:41,2013-07-15 18:17:23,2544132,763239600,2544132,300,482,assembly,https://sra-downloadb.be-md.ncbi.nlm.nih.gov/sos5/sra-pub-zq-11/ERR000/311/ERR311189/ERR311189.sralite.1,ERX284470,6141437,WGS,RANDOM,GENOMIC,PAIRED,419,107,ILLUMINA,Illumina MiSeq,ERP001716,PRJEB3213,,258334,ERS184163,simple,5741,Giardia duodenalis,SAMEA2033330,,,,,,,no,,,,,SC,ERA237528,,public,5E70D969CC23771BD7AF09C4EBDF9DCC,BF0D388FF8BBE605E524D0AFA573FE61
ERR311187,SAMEA2033331,,,,,,,,,,,,,,,,,,,,,,,,,,,,,,,,,,,,,,,,,,2013-07-20 16:07:41,2013-07-15 18:17:14,1846618,553985400,1846618,300,344,assembly,https://sra-downloadb.be-md.ncbi.nlm.nih.gov/sos5/sra-pub-zq-11/ERR000/311/ERR311187/ERR311187.sralite.1,ERX284468,6141435,WGS,RANDOM,GENOMIC,PAIRED,419,107,ILLUMINA,Illumina MiSeq,ERP001716,PRJEB3213,,258334,ERS184165,simple,5741,Giardia duodenalis,SAMEA2033331,,,,,,,no,,,,,SC,ERA237528,,public,1A5C8DD79A54227EAE8FB45925F03D5A,3ED80E972B3C45073404EFBA5824CE8F
ERR311188,SAMEA2035757,,,,,,,,,,,,,,,,,,,,,,,,,,,,,,,,,,,,,,,,,,2013-07-20 16:07:41,2013-07-15 18:17:38,2056722,617016600,2056722,300,384,assembly,https://sra-downloadb.be-md.ncbi.nlm.nih.gov/sos5/sra-pub-zq-11/ERR000/311/ERR311188/ERR311188.sralite.1,ERX284469,6141436,WGS,RANDOM,GENOMIC,PAIRED,419,107,ILLUMINA,Illumina MiSeq,ERP001716,PRJEB3213,,258334,ERS184162,simple,5741,Giardia duodenalis,SAMEA2035757,,,,,,,no,,,,,SC,ERA237528,,public,FC01655D4BC413AA1BF5631134EFD18B,52386AA562F7E3F6AFDED14B10D9943D
ERR311185,SAMEA2035758,,,,,,,,,,,,,,,,,,,,,,,,,,,,,,,,,,,,,,,,,,2013-07-20 16:07:41,2013-07-15 18:17:27,2593248,777974400,0,300,411,assembly,https://sra-downloadb.be-md.ncbi.nlm.nih.gov/sos5/sra-pub-zq-11/ERR000/311/ERR311185/ERR311185.sralite.1,ERX284466,6141433,WGS,RANDOM,GENOMIC,PAIRED,419,107,ILLUMINA,Illumina MiSeq,ERP001716,PRJEB3213,,258334,ERS184164,simple,5741,Giardia duodenalis,SAMEA2035758,,,,,,,no,,,,,SC,ERA237528,,public,,
ERR311190,SAMEA2057584,,,,,,,,,,,,,,,,,,,,,,,,,,,,,,,,,,,,,,,,,,2013-07-20 16:07:41,2013-07-15 18:16:59,1810819,543245700,1810819,300,270,assembly,https://sra-downloadb.be-md.ncbi.nlm.nih.gov/sos5/sra-pub-zq-11/ERR000/311/ERR311190/ERR311190.sralite.1,ERX284471,7144457,WGS,RANDOM,GENOMIC,PAIRED,314,82,ILLUMINA,Illumina MiSeq,ERP001716,PRJEB3213,,258334,ERS226581,simple,5741,Giardia duodenalis,SAMEA2057584,,,,,,,no,,,,,SC,ERA237528,,public,73E0DEE33739CCDB81439A846863E50E,A9231D2A991AA0936DFB7ED728114B37
ERR311191,SAMEA2057585,,,,,,,,,,,,,,,,,,,,,,,,,,,,,,,,,,,,,,,,,,2013-07-20 16:07:41,2013-07-15 18:17:08,1535710,460713000,1535710,300,237,assembly,https://sra-downloadb.be-md.ncbi.nlm.nih.gov/sos5/sra-pub-zq-11/ERR000/311/ERR311191/ERR311191.sralite.1,ERX284472,7144458,WGS,RANDOM,GENOMIC,PAIRED,314,82,ILLUMINA,Illumina MiSeq,ERP001716,PRJEB3213,,258334,ERS226582,simple,5741,Giardia duodenalis,SAMEA2057585,,,,,,,no,,,,,SC,ERA237528,,public,3BC74CA00EC8E1C7399E53F76E0B10C4,9D327BFB7C7CF8C56816D6FFDE0B7032
ERR311198,SAMEA2057592,,,,,,,,,,,,,,,,,,,,,,,,,,,,,,,,,,,,,,,,,,2013-07-20 16:07:41,2013-07-15 18:16:45,960512,288153600,960512,300,158,assembly,https://sra-downloadb.be-md.ncbi.nlm.nih.gov/sos5/sra-pub-zq-11/ERR000/311/ERR311198/ERR311198.sralite.1,ERX284479,7144465,WGS,RANDOM,GENOMIC,PAIRED,500,0,ILLUMINA,Illumina MiSeq,ERP001716,PRJEB3213,,258334,ERS226589,simple,5741,Giardia duodenalis,SAMEA2057592,,,,,,,no,,,,,SC,ERA237528,,public,1D858CF8C8A5B76930C6986E1B12DD06,DD7C02CF0539A7E9D1D3E7CD03EDC077
ERR311199,SAMEA2057593,,,,,,,,,,,,,,,,,,,,,,,,,,,,,,,,,,,,,,,,,,2013-07-20 16:07:41,2013-07-15 18:16:38,892419,267725700,892419,300,152,assembly,https://sra-downloadb.be-md.ncbi.nlm.nih.gov/sos5/sra-pub-zq-11/ERR000/311/ERR311199/ERR311199.sralite.1,ERX284480,7144466,WGS,RANDOM,GENOMIC,PAIRED,500,0,ILLUMINA,Illumina MiSeq,ERP001716,PRJEB3213,,258334,ERS226590,simple,5741,Giardia duodenalis,SAMEA2057593,,,,,,,no,,,,,SC,ERA237528,,public,6D7802A0F87968577A178AE7B7CF518F,992BC7B17A41E96EA39DE70895A11CA9
ERR311200,SAMEA2057594,,,,,,,,,,,,,,,,,,,,,,,,,,,,,,,,,,,,,,,,,,2013-07-20 16:07:41,2013-07-15 18:17:42,1072698,321809400,1072698,300,176,assembly,https://sra-downloadb.be-md.ncbi.nlm.nih.gov/sos5/sra-pub-zq-11/ERR000/311/ERR311200/ERR311200.sralite.1,ERX284481,7144467,WGS,RANDOM,GENOMIC,PAIRED,500,0,ILLUMINA,Illumina MiSeq,ERP001716,PRJEB3213,,258334,ERS226591,simple,5741,Giardia duodenalis,SAMEA2057594,,,,,,,no,,,,,SC,ERA237528,,public,472C3133F1B8928EE711770DED9FF8BC,770750D72A35227128FB351072439D02
ERR311214,SAMEA2064494,,,,,,,,,,,,,,,,,,,,,,,,,,,,,,,,,,,,,,,,,,2013-07-20 16:07:41,2013-07-15 18:19:31,6528471,1958541300,6528471,300,1203,,https://sra-downloadb.be-md.ncbi.nlm.nih.gov/sos5/sra-pub-zq-14/ERR000/311/ERR311214.sralite.1,ERX284495,7286711,WGS,RANDOM,GENOMIC,PAIRED,400,0,ILLUMINA,Illumina MiSeq,ERP001716,PRJEB3213,,258334,ERS243041,simple,5741,Giardia duodenalis,SAMEA2064494,,,,,,,no,,,,,SC,ERA237528,,public,D2A343DC51B4C403B69CBFC14E250E4D,551E70EFC8E576B07EEF3B6F797F9C97
ERR311216,SAMEA2064495,,,,,,,,,,,,,,,,,,,,,,,,,,,,,,,,,,,,,,,,,,2013-07-20 16:07:41,2013-07-15 18:18:37,4036886,1211065800,4036886,300,758,assembly,https://sra-downloadb.be-md.ncbi.nlm.nih.gov/sos5/sra-pub-zq-14/ERR000/311/ERR311216.sralite.1,ERX284497,7286713,WGS,RANDOM,GENOMIC,PAIRED,400,0,ILLUMINA,Illumina MiSeq,ERP001716,PRJEB3213,,258334,ERS243043,simple,5741,Giardia duodenalis,SAMEA2064495,,,,,,,no,,,,,SC,ERA237528,,public,32263C4C697708E4E1833B142C433D7E,C322BA262849C6428BEC9CEF375701E3
ERR311217,SAMEA2064496,,,,,,,,,,,,,,,,,,,,,,,,,,,,,,,,,,,,,,,,,,2013-07-20 16:07:41,2013-07-15 18:17:24,531100,159330000,531100,300,85,assembly,https://sra-downloadb.be-md.ncbi.nlm.nih.gov/sos5/sra-pub-zq-11/ERR000/311/ERR311217/ERR311217.sralite.1,ERX284498,7286714,WGS,RANDOM,GENOMIC,PAIRED,400,0,ILLUMINA,Illumina MiSeq,ERP001716,PRJEB3213,,258334,ERS243044,simple,5741,Giardia duodenalis,SAMEA2064496,,,,,,,no,,,,,SC,ERA237528,,public,C841276D84750E5BCAEF09D2CD0CE10F,24BCA47D1FEDC713397ECC9056CBBF7B
ERR311215,SAMEA2066657,,,,,,,,,,,,,,,,,,,,,,,,,,,,,,,,,,,,,,,,,,2013-07-20 16:07:41,2013-07-15 18:19:39,6167060,1850118000,6167060,300,1141,,https://sra-downloadb.be-md.ncbi.nlm.nih.gov/sos5/sra-pub-zq-11/ERR000/311/ERR311215/ERR311215.sralite.1,ERX284496,7286712,WGS,RANDOM,GENOMIC,PAIRED,400,0,ILLUMINA,Illumina MiSeq,ERP001716,PRJEB3213,,258334,ERS243042,simple,5741,Giardia duodenalis,SAMEA2066657,,,,,,,no,,,,,SC,ERA237528,,public,03412F6DE7AACB9D19E9947C04F7B532,D0AE6D3E16A3A9B961C6E83BA3A83803
ERR422653,SAMEA2248445,,,,,,,,,,,,,,,,,,,,,,,,,,,,,,,,,,,,,,,,,,2014-05-14 12:40:27,2014-04-12 02:02:46,1545480,463644000,1545480,300,223,assembly,https://sra-downloadb.be-md.ncbi.nlm.nih.gov/sos5/sra-pub-zq-11/ERR000/422/ERR422653/ERR422653.sralite.1,ERX388946,8637076,WGS,RANDOM,GENOMIC,PAIRED,444,33,ILLUMINA,Illumina MiSeq,ERP001716,PRJEB3213,,258334,ERS370855,simple,5741,Giardia duodenalis,SAMEA2248445,,,,,,,no,,,,,SC,ERA283716,,public,8DFA9EAF4A348697825AA446BB7919C8,A04F88D9235AE69C3F71D1ECB965E590
ERR422654,SAMEA2248446,,,,,,,,,,,,,,,,,,,,,,,,,,,,,,,,,,,,,,,,,,2014-05-14 12:40:27,2014-04-12 02:03:18,1786648,535994400,1786648,300,256,assembly,https://sra-downloadb.be-md.ncbi.nlm.nih.gov/sos5/sra-pub-zq-11/ERR000/422/ERR422654/ERR422654.sralite.1,ERX388947,8637077,WGS,RANDOM,GENOMIC,PAIRED,444,33,ILLUMINA,Illumina MiSeq,ERP001716,PRJEB3213,,258334,ERS370856,simple,5741,Giardia duodenalis,SAMEA2248446,,,,,,,no,,,,,SC,ERA283716,,public,381AA46C6DCB31993CCD2C9B3DAB0D88,B30FB4FDA1906CB96239A9AC92ECEF5A
ERR422655,SAMEA2248447,,,,,,,,,,,,,,,,,,,,,,,,,,,,,,,,,,,,,,,,,,2014-05-14 12:40:27,2014-04-12 02:02:46,1522825,456847500,1522825,300,212,GCA_000002435.1,https://sra-downloadb.be-md.ncbi.nlm.nih.gov/sos5/sra-pub-zq-11/ERR000/422/ERR422655/ERR422655.sralite.1,ERX388948,8637078,WGS,RANDOM,GENOMIC,PAIRED,444,33,ILLUMINA,Illumina MiSeq,ERP001716,PRJEB3213,,258334,ERS370857,simple,5741,Giardia duodenalis,SAMEA2248447,,,,,,,no,,,,,SC,ERA283716,,public,4C96C3F845F365FD22BDC1F9B977CEFD,05903CF08B414FA14CA5F643A2D6642D
ERR422656,SAMEA2248448,,,,,,,,,,,,,,,,,,,,,,,,,,,,,,,,,,,,,,,,,,2014-05-14 12:40:27,2014-04-12 02:03:03,1643341,493002300,1643341,300,235,assembly,https://sra-downloadb.be-md.ncbi.nlm.nih.gov/sos5/sra-pub-zq-11/ERR000/422/ERR422656/ERR422656.sralite.1,ERX388949,8637079,WGS,RANDOM,GENOMIC,PAIRED,444,33,ILLUMINA,Illumina MiSeq,ERP001716,PRJEB3213,,258334,ERS370858,simple,5741,Giardia duodenalis,SAMEA2248448,,,,,,,no,,,,,SC,ERA283716,,public,6161468DFEF62FA1C673117A1F4FCB98,8940F87C197942D65E4EF46844491AD2
ERR422657,SAMEA2248449,,,,,,,,,,,,,,,,,,,,,,,,,,,,,,,,,,,,,,,,,,2014-05-14 12:40:27,2014-04-12 02:03:11,1915360,574608000,1915360,300,267,GCA_000002435.1,https://sra-downloadb.be-md.ncbi.nlm.nih.gov/sos5/sra-pub-zq-11/ERR000/422/ERR422657/ERR422657.sralite.1,ERX388950,8637080,WGS,RANDOM,GENOMIC,PAIRED,444,33,ILLUMINA,Illumina MiSeq,ERP001716,PRJEB3213,,258334,ERS370859,simple,5741,Giardia duodenalis,SAMEA2248449,,,,,,,no,,,,,SC,ERA283716,,public,8F69FB1005A25D3915BFD187EF5EDA41,76A3E6C8E0B75D704D0F2508F1D36F40
ERR422658,SAMEA2248450,,,,,,,,,,,,,,,,,,,,,,,,,,,,,,,,,,,,,,,,,,2014-05-14 12:40:27,2014-04-12 02:03:00,1576696,473008800,1576696,300,227,GCA_000002435.1,https://sra-downloadb.be-md.ncbi.nlm.nih.gov/sos5/sra-pub-zq-11/ERR000/422/ERR422658/ERR422658.sralite.1,ERX388951,8637081,WGS,RANDOM,GENOMIC,PAIRED,444,33,ILLUMINA,Illumina MiSeq,ERP001716,PRJEB3213,,258334,ERS370860,simple,5741,Giardia duodenalis,SAMEA2248450,,,,,,,no,,,,,SC,ERA283716,,public,49B3BFA29186137963B635A47EBCE2D2,1710AC9C2C3D9BC7B11E1293E10247E7
ERR422659,SAMEA2250360,,,,,,,,,,,,,,,,,,,,,,,,,,,,,,,,,,,,,,,,,,2014-05-14 12:40:27,2014-04-12 02:02:37,1414465,424339500,1414465,300,205,assembly,https://sra-downloadb.be-md.ncbi.nlm.nih.gov/sos5/sra-pub-zq-11/ERR000/422/ERR422659/ERR422659.sralite.1,ERX388952,8637075,WGS,RANDOM,GENOMIC,PAIRED,444,33,ILLUMINA,Illumina MiSeq,ERP001716,PRJEB3213,,258334,ERS370974,simple,5741,Giardia duodenalis,SAMEA2250360,,,,,,,no,,,,,SC,ERA283716,,public,1EA26AFFED69ECD3E858879EC07F76AC,C16AB93ECC969C292E48D0F928E57DED
SRR1957176,SAMN03447293,,,,,1990-02-09,watershed,river,Water,12Mb,,,,,,,,"Canada: Creston, B.C.",,,,TYI-S-33 broth,VANC/90/UBC/40,water,49.09 N 116.51 W,,NA,diploid,asexual/sexual,"Giardia samples from human, animal and water in BCCDC",,,,,,,,,,,,Trophozoites,2016-04-01 00:00:00,2015-04-08 15:13:14,3026736,1519421472,3026736,502,879,,https://sra-downloadb.be-md.ncbi.nlm.nih.gov/sos5/sra-pub-zq-11/SRR001/957/SRR1957176/SRR1957176.sralite.1,SRX982626,,WGA,unspecified,GENOMIC,PAIRED,0,0,ILLUMINA,Illumina MiSeq,SRP056976,PRJNA280606,,280606,SRS897377,simple,5741,Giardia duodenalis,VANC/90/UBC/40,,,,,,,no,,,,,PROVINCIAL HEALTH SERVICES AUTHORITY,SRA249579,,public,B5A4A008139B518708411BA901B5ACFA,B4977A94B1B776A4770456976EC4539F
SRR1957167,SAMN03447284,,,,,1990-02-13,watershed,NA,Human,12Mb,,,,,,,,"Canada: Creston, B.C.",,,,TYI-S-33 broth,VANC/90/UBC/41,human,49.09 N 116.51 W,,NA,diploid,asexual/sexual,"Giardia samples from human, animal and water in BCCDC",,,,,,,,,,,,Trophozoites,2016-04-01 00:00:00,2015-04-08 15:45:35,2614492,1312474984,2614492,502,752,,https://sra-downloadb.be-md.ncbi.nlm.nih.gov/sos5/sra-pub-zq-11/SRR001/957/SRR1957167/SRR1957167.sralite.1,SRX982617,,WGA,unspecified,GENOMIC,PAIRED,0,0,ILLUMINA,Illumina MiSeq,SRP056976,PRJNA280606,,280606,SRS897387,simple,5741,Giardia duodenalis,VANC/90/UBC/41,,,,,,,no,,,,,PROVINCIAL HEALTH SERVICES AUTHORITY,SRA249579,,public,F696BF342D30E8F9F5BE04AF9FE6FAA8,1DF26AD73DDB3B2DE6E3CF5F4E595ABF
SRR1957168,SAMN03447285,,,,,1990-02-16,watershed,NA,Human,12Mb,,,,,,,,"Canada: Creston, B.C.",,,,TYI-S-33 broth,VANC/90/UBC/42,human,49.09 N 116.51 W,,NA,diploid,asexual/sexual,"Giardia samples from human, animal and water in BCCDC",,,,,,,,,,,,Trophozoites,2016-04-01 00:00:00,2015-04-08 15:42:09,3169345,1591011190,3169345,502,898,,https://sra-downloadb.be-md.ncbi.nlm.nih.gov/sos5/sra-pub-zq-11/SRR001/957/SRR1957168/SRR1957168.sralite.1,SRX982618,,WGA,unspecified,GENOMIC,PAIRED,0,0,ILLUMINA,Illumina MiSeq,SRP056976,PRJNA280606,,280606,SRS897385,simple,5741,Giardia duodenalis,VANC/90/UBC/42,,,,,,,no,,,,,PROVINCIAL HEALTH SERVICES AUTHORITY,SRA249579,,public,2C465D851104C88B0510C886ACD7AE0C,829EEB65421BDBFC8B074BF8FD655F81
SRR1957169,SAMN03447286,,,,,1990-02-14,watershed,NA,Human,12Mb,,,,,,,,"Canada: Creston, B.C.",,,,TYI-S-33 broth,VANC/90/UBC/43,human,49.09 N 116.51 W,,NA,diploid,asexual/sexual,"Giardia samples from human, animal and water in BCCDC",,,,,,,,,,,,Trophozoites,2016-04-01 00:00:00,2015-04-08 15:38:40,2471448,1240666896,2471448,502,713,,https://sra-downloadb.be-md.ncbi.nlm.nih.gov/sos5/sra-pub-zq-11/SRR001/957/SRR1957169/SRR1957169.sralite.1,SRX982619,,WGA,unspecified,GENOMIC,PAIRED,0,0,ILLUMINA,Illumina MiSeq,SRP056976,PRJNA280606,,280606,SRS897384,simple,5741,Giardia duodenalis,VANC/90/UBC/43,,,,,,,no,,,,,PROVINCIAL HEALTH SERVICES AUTHORITY,SRA249579,,public,940D05DB10AA1FDE7306B181B1DE50C7,083DD62E0CB1F14FCEAC4C1486F25DEC
SRR1957177,SAMN03447294,,,,,1990-02-16,watershed,NA,Human,12Mb,,,,,,,,"Canada: Creston, B.C.",,,,TYI-S-33 broth,VANC/90/UBC/44,human,49.09 N 116.51 W,,NA,diploid,asexual/sexual,"Giardia samples from human, animal and water in BCCDC",,,,,,,,,,,,Trophozoites,2016-04-01 00:00:00,2015-04-08 15:08:12,3224387,1618642274,3224387,502,908,,https://sra-downloadb.be-md.ncbi.nlm.nih.gov/sos5/sra-pub-zq-11/SRR001/957/SRR1957177/SRR1957177.sralite.1,SRX982627,,WGA,unspecified,GENOMIC,PAIRED,0,0,ILLUMINA,Illumina MiSeq,SRP056976,PRJNA280606,,280606,SRS897375,simple,5741,Giardia duodenalis,VANC/90/UBC/44,,,,,,,no,,,,,PROVINCIAL HEALTH SERVICES AUTHORITY,SRA249579,,public,1025CFFFF875B2FBA16EF4F9B25F267C,9622727F013B7B7306D3FF9E6DC4B3ED
SRR1957170,SAMN03447287,,,,,1990-02-14,watershed,NA,Human,12Mb,,,,,,,,"Canada: Creston, B.C.",,,,TYI-S-33 broth,VANC/90/UBC/45,human,49.09 N 116.51 W,,NA,diploid,asexual/sexual,"Giardia samples from human, animal and water in BCCDC",,,,,,,,,,,,Trophozoites,2016-04-01 00:00:00,2015-04-08 15:39:26,5899073,2961334646,5899073,502,1666,,https://sra-downloadb.be-md.ncbi.nlm.nih.gov/sos5/sra-pub-zq-11/SRR001/957/SRR1957170/SRR1957170.sralite.1,SRX982620,,WGA,unspecified,GENOMIC,PAIRED,0,0,ILLUMINA,Illumina MiSeq,SRP056976,PRJNA280606,,280606,SRS897383,simple,5741,Giardia duodenalis,VANC/90/UBC/45,,,,,,,no,,,,,PROVINCIAL HEALTH SERVICES AUTHORITY,SRA249579,,public,63C3703734C7DA8A09AD8228B2F8C67A,DC4EF101D2107D633BF631EB214618D1
SRR1957171,SAMN03447288,,,,,1990-02-16,watershed,NA,Human,12Mb,,,,,,,,"Canada: Creston, B.C.",,,,TYI-S-33 broth,VANC/90/UBC/46,human,49.09 N 116.51 W,,NA,diploid,asexual/sexual,"Giardia samples from human, animal and water in BCCDC",,,,,,,,,,,,Trophozoites,2016-04-01 00:00:00,2015-04-08 15:32:16,1765947,886505394,1765947,502,536,,https://sra-downloadb.be-md.ncbi.nlm.nih.gov/sos5/sra-pub-zq-11/SRR001/957/SRR1957171/SRR1957171.sralite.1,SRX982621,,WGA,unspecified,GENOMIC,PAIRED,0,0,ILLUMINA,Illumina MiSeq,SRP056976,PRJNA280606,,280606,SRS897382,simple,5741,Giardia duodenalis,VANC/90/UBC/46,,,,,,,no,,,,,PROVINCIAL HEALTH SERVICES AUTHORITY,SRA249579,,public,BA04B549136D7BE98B1FA8EC745AF010,5FCB245930A50E359557E181AAD96084
SRR1957172,SAMN03447289,,,,,1990-02-16,watershed,river,Water,12Mb,,,,,,,,"Canada: Creston, B.C.",,,,TYI-S-33 broth,VANC/90/UBC/49,water,49.09 N 116.51 W,,NA,diploid,asexual/sexual,"Giardia samples from human, animal and water in BCCDC",,,,,,,,,,,,Trophozoites,2016-04-01 00:00:00,2015-04-08 15:31:48,3548896,1781545792,3548896,502,1090,,https://sra-downloadb.be-md.ncbi.nlm.nih.gov/sos5/sra-pub-zq-11/SRR001/957/SRR1957172/SRR1957172.sralite.1,SRX982622,,WGA,unspecified,GENOMIC,PAIRED,0,0,ILLUMINA,Illumina MiSeq,SRP056976,PRJNA280606,,280606,SRS897381,simple,5741,Giardia duodenalis,VANC/90/UBC/49,,,,,,,no,,,,,PROVINCIAL HEALTH SERVICES AUTHORITY,SRA249579,,public,2F221102A942DBB3FF0CCF5B6BA61797,9D7BD44132C83750F48F459C2267CDFF
SRR1957173,SAMN03447290,,,,,1990-03-03,watershed,river,Water,12Mb,,,,,,,,"Canada: Creston, B.C.",,,,TYI-S-33 broth,VANC/90/UBC/50,water,49.09 N 116.51 W,,NA,diploid,asexual/sexual,"Giardia samples from human, animal and water in BCCDC",,,,,,,,,,,,Trophozoites,2016-04-01 00:00:00,2015-04-08 15:28:56,2270015,1139547530,2270015,502,677,,https://sra-downloadb.be-md.ncbi.nlm.nih.gov/sos5/sra-pub-zq-11/SRR001/957/SRR1957173/SRR1957173.sralite.1,SRX982623,,WGA,unspecified,GENOMIC,PAIRED,0,0,ILLUMINA,Illumina MiSeq,SRP056976,PRJNA280606,,280606,SRS897380,simple,5741,Giardia duodenalis,VANC/90/UBC/50,,,,,,,no,,,,,PROVINCIAL HEALTH SERVICES AUTHORITY,SRA249579,,public,9451E00E876BF61CA730416011D8376D,334ADF7A5A19167BB163EB818F633004
SRR1957174,SAMN03447291,,,,,1990-03-09,watershed,river,Beaver,12Mb,,,,,,,,"Canada: Creston, B.C.",,,,TYI-S-33 broth,VANC/90/UBC/52,Beaver,49.09 N 116.51 W,,NA,diploid,asexual/sexual,"Giardia samples from human, animal and water in BCCDC",,,,,,,,,,,,Trophozoites,2016-04-01 00:00:00,2015-04-08 15:20:32,3382534,1698032068,3382534,502,985,,https://sra-downloadb.be-md.ncbi.nlm.nih.gov/sos5/sra-pub-zq-11/SRR001/957/SRR1957174/SRR1957174.sralite.1,SRX982624,,WGA,unspecified,GENOMIC,PAIRED,0,0,ILLUMINA,Illumina MiSeq,SRP056976,PRJNA280606,,280606,SRS897379,simple,5741,Giardia duodenalis,VANC/90/UBC/52,,,,,,,no,,,,,PROVINCIAL HEALTH SERVICES AUTHORITY,SRA249579,,public,D0ECAEE809816ECAE3A995798FF0140F,6255B1EFF698BD89D3D5EF294560B597
SRR2168393,SAMN03981846,,,,,1990-03-28,watershed,river,Beaver,12Mb,,,,,,,,"Canada: Goat River, B.C.",,,,TYI-S-33 broth,VANC/90/UBC/53,,49.08 N 116.57 W,,NA,diploid,asexual/sexual,"Giardia samples from human, animal and water in BCCDC",,,,,,,,,,,,,2016-08-13 00:00:00,2015-08-17 13:22:53,3409860,1711749720,3409860,502,980,,https://sra-downloadb.be-md.ncbi.nlm.nih.gov/sos5/sra-pub-zq-11/SRR002/168/SRR2168393/SRR2168393.sralite.1,SRX1144605,VANC/90/UBC/53,WGS,unspecified,GENOMIC,PAIRED,0,0,ILLUMINA,Illumina MiSeq,SRP056976,PRJNA280606,,280606,SRS1030564,simple,5741,Giardia duodenalis,VANC/90/UBC/53,,,,,,,no,,,,,PROVINCIAL HEALTH SERVICES AUTHORITY,SRA289039,,public,C660BE638BA16775F0380DF0AB3F79AF,7C4A03F0D5BA4498A13F393B9F4A020B
SRR2158266,SAMN03981847,,,,,1990-04-10,watershed,river,Beaver,12Mb,,,,,,,,"Canada: Goat River, B.C.",,,,TYI-S-33 broth,VANC/90/UBC/56,,49.08 N 116.57 W,,NA,diploid,asexual/sexual,"Giardia samples from human, animal and water in BCCDC",,,,,,,,,,,,,2016-08-13 00:00:00,2015-08-13 21:17:22,1571593,788939686,1571593,502,476,,https://sra-downloadb.be-md.ncbi.nlm.nih.gov/sos5/sra-pub-zq-11/SRR002/158/SRR2158266/SRR2158266.sralite.1,SRX1154245,VANC/90/UBC/56,WGS,unspecified,GENOMIC,PAIRED,0,0,ILLUMINA,Illumina MiSeq,SRP056976,PRJNA280606,,280606,SRS1037021,simple,5741,Giardia duodenalis,VANC/90/UBC/56,,,,,,,no,,,,,PROVINCIAL HEALTH SERVICES AUTHORITY,SRA289039,,public,C673ADC4EC444C2BCC210610C5AF6D81,864A84B9B15DEA24BD1A2CC46763969B
SRR1957178,SAMN03447295,,,,,1990-02-16,watershed,NA,Human,12Mb,,,,,,,,"Canada: Creston, B.C.",,,,TYI-S-33 broth,VANC/90/UBC/60,human,49.09 N 116.51 W,,NA,diploid,asexual/sexual,"Giardia samples from human, animal and water in BCCDC",,,,,,,,,,,,Trophozoites,2016-04-01 00:00:00,2015-04-08 15:01:22,839242,421299484,839242,502,241,,https://sra-downloadb.be-md.ncbi.nlm.nih.gov/sos5/sra-pub-zq-11/SRR001/957/SRR1957178/SRR1957178.sralite.1,SRX982628,,WGA,unspecified,GENOMIC,PAIRED,0,0,ILLUMINA,Illumina MiSeq,SRP056976,PRJNA280606,,280606,SRS897376,simple,5741,Giardia duodenalis,VANC/90/UBC/60,,,,,,,no,,,,,PROVINCIAL HEALTH SERVICES AUTHORITY,SRA249579,,public,60D960F9503265160ECFBD17243CBF2E,7C8BBB2D5F62B75238AAE6F7BDCAC4BC
SRR1957175,SAMN03447292,,,,,1990-02-14,watershed,NA,Human,12Mb,,,,,,,,"Canada: Creston, B.C.",,,,TYI-S-33 broth,VANC/90/UBC/71,human,49.09 N 116.51 W,,NA,diploid,asexual/sexual,"Giardia samples from human, animal and water in BCCDC",,,,,,,,,,,,Trophozoites,2016-04-01 00:00:00,2015-04-08 15:15:06,1667243,836955986,1667243,502,482,,https://sra-downloadb.be-md.ncbi.nlm.nih.gov/sos5/sra-pub-zq-11/SRR001/957/SRR1957175/SRR1957175.sralite.1,SRX982625,,WGA,unspecified,GENOMIC,PAIRED,0,0,ILLUMINA,Illumina MiSeq,SRP056976,PRJNA280606,,280606,SRS897378,simple,5741,Giardia duodenalis,VANC/90/UBC/71,,,,,,,no,,,,,PROVINCIAL HEALTH SERVICES AUTHORITY,SRA249579,,public,51D863548990573370706CC9651F7173,BD1D73C15C038161A542FDC31108086D
SRR3177974,SAMN04494461,,,,,1993-09-16,watershed,,,,,,,,,,B,Canada: Mission Creek,,,,,VANC/93/UBC/105,water,49.80 N 119.47 W,,,,,"Giardia samples from human, animal and water in BCCDC",,trophozoites,,,,,,,,,,,2017-04-30 00:00:59,2016-02-18 17:05:12,3062412,1537330824,3062412,502,904,,https://sra-downloadb.be-md.ncbi.nlm.nih.gov/sos5/sra-pub-zq-14/SRR003/177/SRR3177974.sralite.1,SRX1592415,VANC/93/UBC/105,WGS,RANDOM,GENOMIC,PAIRED,0,0,ILLUMINA,Illumina MiSeq,SRP056976,PRJNA280606,,280606,SRS1300517,simple,5741,Giardia duodenalis,VANC/93/UBC/105,,,,,,,no,,,,,UNIVERSITY OF BRITISH COLUMBIA,SRA355098,,public,072BB697913096853FA6F3DCC43E14F1,AB000D84EFF7356D6B841BDB71806839
SRR3177978,SAMN04494462,,,,,1993-09-23,watershed,,,,,,,,,,A,Canada: Mission Creek,,,,,VANC/93/UBC/106,water,49.80 N 119.47 W,,,,,"Giardia samples from human, animal and water in BCCDC",,trophozoites,,,,,,,,,,,2017-04-30 00:00:59,2016-02-18 17:04:56,2611528,1310987056,2611528,502,844,,https://sra-downloadb.be-md.ncbi.nlm.nih.gov/sos5/sra-pub-zq-11/SRR003/177/SRR3177978/SRR3177978.sralite.1,SRX1592418,VANC/93/UBC/106,WGS,RANDOM,GENOMIC,PAIRED,0,0,ILLUMINA,Illumina MiSeq,SRP056976,PRJNA280606,,280606,SRS1300518,simple,5741,Giardia duodenalis,VANC/93/UBC/106,,,,,,,no,,,,,UNIVERSITY OF BRITISH COLUMBIA,SRA355098,,public,8EF5299B7FDD97060D4DF8D1392E7275,2FC07A16188061E9A06D196E0CF8D0B3
SRR3177990,SAMN04494463,,,,,1993-07-02,giardiasis,,,,,,,,,,A,Canada: Campbell River,,,,,VANC/93/UBC/39,human,50.03 N 125.27 W,,,,,"Giardia samples from human, animal and water in BCCDC",,trophozoites,,,,,,,,,,,2017-04-30 00:00:59,2016-02-18 17:03:23,1786368,896756736,1786368,502,591,,https://sra-downloadb.be-md.ncbi.nlm.nih.gov/sos5/sra-pub-zq-11/SRR003/177/SRR3177990/SRR3177990.sralite.1,SRX1592419,VANC/93/UBC/39,WGS,RANDOM,GENOMIC,PAIRED,0,0,ILLUMINA,Illumina MiSeq,SRP056976,PRJNA280606,,280606,SRS1300519,simple,5741,Giardia duodenalis,VANC/93/UBC/39,,,,,,,no,,,,,UNIVERSITY OF BRITISH COLUMBIA,SRA355098,,public,0E8C643D0D57D9097571199D02ED6463,F3131090F363225F390488E32FF4A3E2
SRR3178001,SAMN04494464,,,,,1993-06-08,giardiasis,,,,,,,,,,A,Canada: Barriere,,,,,VANC/93/UBC/70,human,51.18 N 120.12 W,,,,,"Giardia samples from human, animal and water in BCCDC",,trophozoites,,,,,,,,,,,2017-04-30 00:00:59,2016-02-18 17:02:04,3821131,1918207762,3821131,502,1090,,https://sra-downloadb.be-md.ncbi.nlm.nih.gov/sos5/sra-pub-zq-11/SRR003/178/SRR3178001/SRR3178001.sralite.1,SRX1592420,VANC/93/UBC/70,WGS,RANDOM,GENOMIC,PAIRED,0,0,ILLUMINA,Illumina MiSeq,SRP056976,PRJNA280606,,280606,SRS1300520,simple,5741,Giardia duodenalis,VANC/93/UBC/70,,,,,,,no,,,,,UNIVERSITY OF BRITISH COLUMBIA,SRA355098,,public,B8449D7A52B1A6D18019B8F3B8BA7155,EF3DE14737D6A69F73F5BA80FB7DF1A1
SRR3178007,SAMN04494465,,,,,1994-05-27,watershed,,,,,,,,,,A,Canada: Chilliwack,,,,,VANC/94/UBC/121,water,49.16 N 121.95 W,,,,,"Giardia samples from human, animal and water in BCCDC",,trophozoites,,,,,,,,,,,2017-04-30 00:00:59,2016-02-18 17:07:05,4692289,2355529078,4692289,502,1354,,https://sra-downloadb.be-md.ncbi.nlm.nih.gov/sos5/sra-pub-zq-11/SRR003/178/SRR3178007/SRR3178007.sralite.1,SRX1592422,VANC/94/UBC/121,WGS,RANDOM,GENOMIC,PAIRED,0,0,ILLUMINA,Illumina MiSeq,SRP056976,PRJNA280606,,280606,SRS1300522,simple,5741,Giardia duodenalis,VANC/94/UBC/121,,,,,,,no,,,,,UNIVERSITY OF BRITISH COLUMBIA,SRA355098,,public,4AFD1DDE6A2A1A931BD0EC41A55DA531,087337438F3FAC7A5187BDEDA72D01D7
SRR3178008,SAMN04494466,,,,,1994-08-16,watershed,,,,,,,,,,B,Canada: Mission Creek,,,,,VANC/94/UBC/122,water,49.80 N 119.47 W,,,,,"Giardia samples from human, animal and water in BCCDC",,trophozoites,,,,,,,,,,,2017-04-30 00:00:59,2016-02-18 17:03:49,1611690,809068380,1611690,502,536,,https://sra-downloadb.be-md.ncbi.nlm.nih.gov/sos5/sra-pub-zq-11/SRR003/178/SRR3178008/SRR3178008.sralite.1,SRX1592424,VANC/94/UBC/122,WGS,RANDOM,GENOMIC,PAIRED,0,0,ILLUMINA,Illumina MiSeq,SRP056976,PRJNA280606,,280606,SRS1300523,simple,5741,Giardia duodenalis,VANC/94/UBC/122,,,,,,,no,,,,,UNIVERSITY OF BRITISH COLUMBIA,SRA355098,,public,DC6A563F476E10F3F8A2B5749B27F7C1,CAA72FC568F2CB87B0AF92AE88950C28
SRR3178009,SAMN04494467,,,,,1994-09-26,watershed,,,,,,,,,,B,Canada: Mission Creek,,,,,VANC/94/UBC/124,water,49.80 N 119.47 W,,,,,"Giardia samples from human, animal and water in BCCDC",,trophozoites,,,,,,,,,,,2017-04-30 00:00:59,2016-02-18 17:07:27,1476709,741307918,1476709,502,510,,https://sra-downloadb.be-md.ncbi.nlm.nih.gov/sos5/sra-pub-zq-14/SRR003/178/SRR3178009.sralite.1,SRX1592425,VANC/94/UBC/124,WGS,RANDOM,GENOMIC,PAIRED,0,0,ILLUMINA,Illumina MiSeq,SRP056976,PRJNA280606,,280606,SRS1300525,simple,5741,Giardia duodenalis,VANC/94/UBC/124,,,,,,,no,,,,,UNIVERSITY OF BRITISH COLUMBIA,SRA355098,,public,A8540D32AD9F77C6AE0505DE25325E88,5ADF40AE4DC8DA9E118A00929A373E59
SRR3178011,SAMN04494468,,,,,1994-10-17,watershed,,,,,,,,,,B,Canada: Mission Creek,,,,,VANC/94/UBC/125,water,49.80 N 119.47 W,,,,,"Giardia samples from human, animal and water in BCCDC",,trophozoites,,,,,,,,,,,2017-04-30 00:00:59,2016-02-18 17:06:40,1374331,689914162,1374331,502,468,,https://sra-downloadb.be-md.ncbi.nlm.nih.gov/sos5/sra-pub-zq-11/SRR003/178/SRR3178011/SRR3178011.sralite.1,SRX1592427,VANC/94/UBC/125,WGS,RANDOM,GENOMIC,PAIRED,0,0,ILLUMINA,Illumina MiSeq,SRP056976,PRJNA280606,,280606,SRS1300527,simple,5741,Giardia duodenalis,VANC/94/UBC/125,,,,,,,no,,,,,UNIVERSITY OF BRITISH COLUMBIA,SRA355098,,public,D6C90940D00B9F73050FDBD1F97C340E,5210350332039B01D00E3AAAC5751DF2
SRR3178012,SAMN04494469,,,,,1995-09-28,watershed,,,,,,,,,,A,Canada: Revelstoke,,,,,VANC/96/UBC/126,human,51.01 N 118.20 W,,,,,"Giardia samples from human, animal and water in BCCDC",,trophozoites,,,,,,,,,,,2017-04-30 00:00:59,2016-02-18 17:10:01,2106459,1057442418,2106459,502,683,,https://sra-downloadb.be-md.ncbi.nlm.nih.gov/sos5/sra-pub-zq-14/SRR003/178/SRR3178012.sralite.1,SRX1592429,VANC/96/UBC/126,WGS,RANDOM,GENOMIC,PAIRED,0,0,ILLUMINA,Illumina MiSeq,SRP056976,PRJNA280606,,280606,SRS1300528,simple,5741,Giardia duodenalis,VANC/96/UBC/126,,,,,,,no,,,,,UNIVERSITY OF BRITISH COLUMBIA,SRA355098,,public,26B1A29749074BE0B7D4DB1DDBF58047,23B29D6D566CEEC4E903AEF54AF7F217
SRR3178013,SAMN04494470,,,,,1995-08-30,watershed,,,,,,,,,,B,Canada: Revelstoke,,,,,VANC/96/UBC/127,BEAVER,51.01 N 118.20 W,,,,,"Giardia samples from human, animal and water in BCCDC",,trophozoites,,,,,,,,,,,2017-04-30 00:00:59,2016-02-18 17:15:44,4229307,2123112114,4229307,502,1195,,https://sra-downloadb.be-md.ncbi.nlm.nih.gov/sos5/sra-pub-zq-11/SRR003/178/SRR3178013/SRR3178013.sralite.1,SRX1592432,VANC/96/UBC/127,WGS,RANDOM,GENOMIC,PAIRED,0,0,ILLUMINA,Illumina MiSeq,SRP056976,PRJNA280606,,280606,SRS1300533,simple,5741,Giardia duodenalis,VANC/96/UBC/127,,,,,,,no,,,,,UNIVERSITY OF BRITISH COLUMBIA,SRA355098,,public,1FFDFBCE16E05162C0E0178234A75525,1B4858CFBA58DF7712C14061CA558550
SRR3178014,SAMN04494471,,,,,1995-09-12,watershed,,,,,,,,,,B,Canada: Revelstoke,,,,,VANC/96/UBC/128,human,51.01 N 118.20 W,,,,,"Giardia samples from human, animal and water in BCCDC",,trophozoites,,,,,,,,,,,2017-04-30 00:00:59,2016-02-18 17:14:42,1912481,960065462,1912481,502,634,,https://sra-downloadb.be-md.ncbi.nlm.nih.gov/sos5/sra-pub-zq-14/SRR003/178/SRR3178014.sralite.1,SRX1592434,VANC/96/UBC/128,WGS,RANDOM,GENOMIC,PAIRED,0,0,ILLUMINA,Illumina MiSeq,SRP056976,PRJNA280606,,280606,SRS1300534,simple,5741,Giardia duodenalis,VANC/96/UBC/128,,,,,,,no,,,,,UNIVERSITY OF BRITISH COLUMBIA,SRA355098,,public,723A71F822210554853451B339AA996F,3C95470F3B922E712B4999701F1641E7
SRR3178015,SAMN04494472,,,,,1995-09-20,watershed,,,,,,,,,,B,Canada: Revelstoke,,,,,VANC/96/UBC/129,human,51.01 N 118.20 W,,,,,"Giardia samples from human, animal and water in BCCDC",,trophozoites,,,,,,,,,,,2017-04-30 00:01:00,2016-02-18 17:16:13,1507548,756789096,1507548,502,485,,https://sra-downloadb.be-md.ncbi.nlm.nih.gov/sos5/sra-pub-zq-14/SRR003/178/SRR3178015.sralite.1,SRX1592435,VANC/96/UBC/129,WGS,RANDOM,GENOMIC,PAIRED,0,0,ILLUMINA,Illumina MiSeq,SRP056976,PRJNA280606,,280606,SRS1300535,simple,5741,Giardia duodenalis,VANC/96/UBC/129,,,,,,,no,,,,,UNIVERSITY OF BRITISH COLUMBIA,SRA355098,,public,43029FB8C145431B3FF9CC980F104A2F,39E07778072965502894331E6F51C1A6
SRR3178016,SAMN04494473,,,,,1991-06-19,giardiasis,,,,,,,,,,A,New Zealand: Whangarei,,,,,WHANGAREI8/79,human,35.73 S 174.32 E,,,,,"Giardia samples from human, animal and water in BCCDC",,trophozoites,,,,,,,,,,,2017-04-30 00:01:00,2016-02-18 17:16:09,1352820,679115640,1352820,502,471,,https://sra-downloadb.be-md.ncbi.nlm.nih.gov/sos5/sra-pub-zq-14/SRR003/178/SRR3178016.sralite.1,SRX1592436,WHANGAREI8/79,WGS,RANDOM,GENOMIC,PAIRED,0,0,ILLUMINA,Illumina MiSeq,SRP056976,PRJNA280606,,280606,SRS1300536,simple,5741,Giardia duodenalis,WHANGAREI8/79,,,,,,,no,,,,,UNIVERSITY OF BRITISH COLUMBIA,SRA355098,,public,EAC2EFFB3A22580507D931F7C793B82F,6D251BD581014B2F8A3852F947E9EEAE
ERR311192,SAMEA2057586,,,,,,,,,,,,,,,,,,,,,,,,,,,,,,,,,,,,,,,,,,2013-07-20 16:07:41,2013-07-15 18:16:42,1279542,383862600,1279542,300,199,assembly,https://sra-downloadb.be-md.ncbi.nlm.nih.gov/sos5/sra-pub-zq-11/ERR000/311/ERR311192/ERR311192.sralite.1,ERX284473,7144459,WGS,RANDOM,GENOMIC,PAIRED,314,82,ILLUMINA,Illumina MiSeq,ERP001716,PRJEB3213,,258334,ERS226583,simple,5741,Giardia duodenalis,SAMEA2057586,,,,,,,no,,,,,SC,ERA237528,,public,017975DA70F7801738F87D035F2547A8,B753466DA1D42317D73ADC1BD67F3E1E
ERR311193,SAMEA2057587,,,,,,,,,,,,,,,,,,,,,,,,,,,,,,,,,,,,,,,,,,2013-07-20 16:07:41,2013-07-15 18:16:52,1685236,505570800,1685236,300,256,assembly,https://sra-downloadb.be-md.ncbi.nlm.nih.gov/sos5/sra-pub-zq-11/ERR000/311/ERR311193/ERR311193.sralite.1,ERX284474,7144460,WGS,RANDOM,GENOMIC,PAIRED,314,82,ILLUMINA,Illumina MiSeq,ERP001716,PRJEB3213,,258334,ERS226584,simple,5741,Giardia duodenalis,SAMEA2057587,,,,,,,no,,,,,SC,ERA237528,,public,F476ECFA5159A43AF737D5EDFFFBE6C1,E15A2442C7DCAD75B36FD35760D2BE54
ERR311194,SAMEA2057588,,,,,,,,,,,,,,,,,,,,,,,,,,,,,,,,,,,,,,,,,,2013-07-20 16:07:41,2013-07-15 18:16:53,1481456,444436800,1481456,300,225,assembly,https://sra-downloadb.be-md.ncbi.nlm.nih.gov/sos5/sra-pub-zq-11/ERR000/311/ERR311194/ERR311194.sralite.1,ERX284475,7144461,WGS,RANDOM,GENOMIC,PAIRED,314,82,ILLUMINA,Illumina MiSeq,ERP001716,PRJEB3213,,258334,ERS226585,simple,5741,Giardia duodenalis,SAMEA2057588,,,,,,,no,,,,,SC,ERA237528,,public,ACDC735D021A7C93E6ADA776B8567AA3,CF846E780ADA39320D594E8952EDF89F
ERR311195,SAMEA2057589,,,,,,,,,,,,,,,,,,,,,,,,,,,,,,,,,,,,,,,,,,2013-07-20 16:07:41,2013-07-15 18:16:47,1452744,435823200,1452744,300,218,assembly,https://sra-downloadb.be-md.ncbi.nlm.nih.gov/sos5/sra-pub-zq-11/ERR000/311/ERR311195/ERR311195.sralite.1,ERX284476,7144462,WGS,RANDOM,GENOMIC,PAIRED,314,82,ILLUMINA,Illumina MiSeq,ERP001716,PRJEB3213,,258334,ERS226586,simple,5741,Giardia duodenalis,SAMEA2057589,,,,,,,no,,,,,SC,ERA237528,,public,CD92A72C889B83898F590D45BA7EE1A2,FB9A563A07DD14BA0DFFD91F84EE18E3
ERR311196,SAMEA2057590,,,,,,,,,,,,,,,,,,,,,,,,,,,,,,,,,,,,,,,,,,2013-07-20 16:07:41,2013-07-15 18:16:42,1015796,304738800,1015796,300,169,assembly,https://sra-downloadb.be-md.ncbi.nlm.nih.gov/sos5/sra-pub-zq-11/ERR000/311/ERR311196/ERR311196.sralite.1,ERX284477,7144463,WGS,RANDOM,GENOMIC,PAIRED,500,0,ILLUMINA,Illumina MiSeq,ERP001716,PRJEB3213,,258334,ERS226587,simple,5741,Giardia duodenalis,SAMEA2057590,,,,,,,no,,,,,SC,ERA237528,,public,BF6969E47DED45DE343FF019A4BA7019,E3B43596E2EB9986B28113CA6A291F34
ERR311197,SAMEA2057591,,,,,,,,,,,,,,,,,,,,,,,,,,,,,,,,,,,,,,,,,,2013-07-20 16:07:41,2013-07-15 18:16:44,969113,290733900,969113,300,164,assembly,https://sra-downloadb.be-md.ncbi.nlm.nih.gov/sos5/sra-pub-zq-11/ERR000/311/ERR311197/ERR311197.sralite.1,ERX284478,7144464,WGS,RANDOM,GENOMIC,PAIRED,500,0,ILLUMINA,Illumina MiSeq,ERP001716,PRJEB3213,,258334,ERS226588,simple,5741,Giardia duodenalis,SAMEA2057591,,,,,,,no,,,,,SC,ERA237528,,public,675601A9A0DB6DFB54A3F5AE1D58BAC4,20C4AEED590BE979C2FD823109CE7DBD
SRR29006303,SAMN41379870,,,,,not applicable,,,,,,,,,,,,Afghanistan,,Homo sapiens,,,C4,,,,,,,Microbe sample from Giardia duodenalis,C4,trophozoites,,NA,,,,,,,,,2025-08-19 19:20:33,2024-05-13 09:17:32,12872722,1930908300,12872722,150,1318,,https://sra-downloadb.be-md.ncbi.nlm.nih.gov/sos8/sra-pub-zq-818/SRR029/29006/SRR29006303/SRR29006303.lite.1,SRX24533337,1,WGS,other,GENOMIC,PAIRED,0,0,ILLUMINA,Illumina NovaSeq 6000,SRP507278,PRJNA1110996,,1110996,SRS21279348,simple,5741,Giardia duodenalis,C4,,,,,,,no,,,,,WALTER AND ELIZA HALL INSTITUTE OF MEDICAL RESEARCH,SRA1864782,,public,902BC2E332E89A47DD5A802B02C589A0,6C35465FCF8D116DFB1A130AA3B17BE7
SRR29006302,SAMN41379871,,,,,not applicable,,,,,,,,,,,,Afghanistan,,Homo sapiens,,,C6,,,,,,,Microbe sample from Giardia duodenalis,C6,trophozoites,,NA,,,,,,,,,2025-08-19 19:20:33,2024-05-13 09:17:10,20766488,3114973200,20766488,150,2002,,https://sra-downloadb.be-md.ncbi.nlm.nih.gov/sos8/sra-pub-zq-818/SRR029/29006/SRR29006302/SRR29006302.lite.1,SRX24533338,2,WGS,other,GENOMIC,PAIRED,0,0,ILLUMINA,Illumina NovaSeq 6000,SRP507278,PRJNA1110996,,1110996,SRS21279349,simple,5741,Giardia duodenalis,C6,,,,,,,no,,,,,WALTER AND ELIZA HALL INSTITUTE OF MEDICAL RESEARCH,SRA1864782,,public,7FBA82E6CBFB9200A63EBF92F72BDF2A,35C8A5873F1D7AB87CC3240B6D577252
SRR29006301,SAMN41379880,,,,,1994-08-30,,,,,,,,,,,,Afghanistan,,Homo sapiens,,,GduoAI-12,,,,,,,Microbe sample from Giardia duodenalis,giardia12,trophozoites,,NA,,,,,,,,,2025-08-19 19:20:33,2024-05-13 09:17:10,8900183,1602032940,8900183,180,963,,https://sra-downloadb.be-md.ncbi.nlm.nih.gov/sos8/sra-pub-zq-818/SRR029/29006/SRR29006301/SRR29006301.lite.1,SRX24533339,11,WGS,other,GENOMIC,PAIRED,0,0,ILLUMINA,Illumina NovaSeq 6000,SRP507278,PRJNA1110996,,1110996,SRS21279350,simple,5741,Giardia duodenalis,GduoAI-12,,,,,,,no,,,,,WALTER AND ELIZA HALL INSTITUTE OF MEDICAL RESEARCH,SRA1864782,,public,915E0536D01D58A75A9853F50BCA992D,FCABC2E3778D6C85C0450C119353508A
SRR29006300,SAMN41379881,,,,,1997-09-19,,,,,,,,,,,,Afghanistan,,Homo sapiens,,,GduoAI-13,,,,,,,Microbe sample from Giardia duodenalis,giardia13,trophozoites,,NA,,,,,,,,,2025-08-19 19:20:33,2024-05-13 09:17:05,8698478,1565726040,8698478,180,976,,https://sra-downloadb.be-md.ncbi.nlm.nih.gov/sos8/sra-pub-zq-818/SRR029/29006/SRR29006300/SRR29006300.lite.1,SRX24533340,12,WGS,other,GENOMIC,PAIRED,0,0,ILLUMINA,Illumina NovaSeq 6000,SRP507278,PRJNA1110996,,1110996,SRS21279351,simple,5741,Giardia duodenalis,GduoAI-13,,,,,,,no,,,,,WALTER AND ELIZA HALL INSTITUTE OF MEDICAL RESEARCH,SRA1864782,,public,86F70A87D6BFEB7875A4D1B96DE904D6,88DA04C23CECAB9C9A9D05E0DAA92260
SRR29006299,SAMN41379882,,,,,1995-06-05,,,,,,,,,,,,Malaysia,,Homo sapiens,,,GduoAI-23,,,,,,,Microbe sample from Giardia duodenalis,giardia23,trophozoites,,NA,,,,,,,,,2025-08-19 19:20:33,2024-05-13 09:17:04,8073224,1453180320,8073224,180,906,,https://sra-downloadb.be-md.ncbi.nlm.nih.gov/sos8/sra-pub-zq-818/SRR029/29006/SRR29006299/SRR29006299.lite.1,SRX24533341,13,WGS,other,GENOMIC,PAIRED,0,0,ILLUMINA,Illumina NovaSeq 6000,SRP507278,PRJNA1110996,,1110996,SRS21279352,simple,5741,Giardia duodenalis,GduoAI-23,,,,,,,no,,,,,WALTER AND ELIZA HALL INSTITUTE OF MEDICAL RESEARCH,SRA1864782,,public,0DF6C599541D24D910CFA42C6C1071CC,70D3FA70693EB6FECF7A05282E22A103
SRR29006298,SAMN41379883,,,,,1992-04-14,,,,,,,,,,,,Australia,,Homo sapiens,,,GduoAI-24,,,,,,,Microbe sample from Giardia duodenalis,giardia24,trophozoites,,NA,,,,,,,,,2025-08-19 19:20:33,2024-05-13 09:17:14,8307529,1495355220,8307529,180,931,,https://sra-downloadb.be-md.ncbi.nlm.nih.gov/sos8/sra-pub-zq-818/SRR029/29006/SRR29006298/SRR29006298.lite.1,SRX24533342,14,WGS,other,GENOMIC,PAIRED,0,0,ILLUMINA,Illumina NovaSeq 6000,SRP507278,PRJNA1110996,,1110996,SRS21279353,simple,5741,Giardia duodenalis,GduoAI-24,,,,,,,no,,,,,WALTER AND ELIZA HALL INSTITUTE OF MEDICAL RESEARCH,SRA1864782,,public,FB195662E82BACC60DEFD47B01FEEB92,945FAFC778A9DD7CFF89C90603591F7D
SRR29006297,SAMN41379884,,,,,1992-08-21,,,,,,,,,,,,Australia,,Homo sapiens,,,GduoAII-26,,,,,,,Microbe sample from Giardia duodenalis,giardia26,trophozoites,,NA,,,,,,,,,2025-08-19 19:20:33,2024-05-13 09:18:28,11580330,2084459400,11580330,180,1220,,https://sra-downloadb.be-md.ncbi.nlm.nih.gov/sos8/sra-pub-zq-818/SRR029/29006/SRR29006297/SRR29006297.lite.1,SRX24533343,15,WGS,other,GENOMIC,PAIRED,0,0,ILLUMINA,Illumina NovaSeq 6000,SRP507278,PRJNA1110996,,1110996,SRS21279354,simple,5741,Giardia duodenalis,GduoAII-26,,,,,,,no,,,,,WALTER AND ELIZA HALL INSTITUTE OF MEDICAL RESEARCH,SRA1864782,,public,741E98BCC22A76B794DA776C52C1B7F3,C12A72C1E4E784706067081F1FC519A3
SRR29006296,SAMN41379885,,,,,1998-02-09,,,,,,,,,,,,Australia,,Homo sapiens,,,GduoAI-27,,,,,,,Microbe sample from Giardia duodenalis,giardia27,trophozoites,,NA,,,,,,,,,2025-08-19 19:20:33,2024-05-13 09:16:55,7774164,1399349520,7774164,180,872,,https://sra-downloadb.be-md.ncbi.nlm.nih.gov/sos8/sra-pub-zq-818/SRR029/29006/SRR29006296/SRR29006296.lite.1,SRX24533344,16,WGS,other,GENOMIC,PAIRED,0,0,ILLUMINA,Illumina NovaSeq 6000,SRP507278,PRJNA1110996,,1110996,SRS21279355,simple,5741,Giardia duodenalis,GduoAI-27,,,,,,,no,,,,,WALTER AND ELIZA HALL INSTITUTE OF MEDICAL RESEARCH,SRA1864782,,public,D275F625C9BCD0D0592284B10F39DCDD,91F8687410071B69B970B364588B976D
SRR29006295,SAMN41379886,,,,,1994-08-25,,,,,,,,,,,,Australia,,Homo sapiens,,,GduoAI-3,,,,,,,Microbe sample from Giardia duodenalis,giardia3,trophozoites,,NA,,,,,,,,,2025-08-19 19:20:33,2024-05-13 09:17:19,8871075,1596793500,8871075,180,959,,https://sra-downloadb.be-md.ncbi.nlm.nih.gov/sos8/sra-pub-zq-818/SRR029/29006/SRR29006295/SRR29006295.lite.1,SRX24533345,17,WGS,other,GENOMIC,PAIRED,0,0,ILLUMINA,Illumina NovaSeq 6000,SRP507278,PRJNA1110996,,1110996,SRS21279356,simple,5741,Giardia duodenalis,GduoAI-3,,,,,,,no,,,,,WALTER AND ELIZA HALL INSTITUTE OF MEDICAL RESEARCH,SRA1864782,,public,1D1E89D8C35C47D99A2FCE4EE98A9639,351DFCA6F689B70D1DCA798734171DA4
SRR29006294,SAMN41379887,,,,,1993-06-22,,,,,,,,,,,,Australia,,Homo sapiens,,,GduoAII-31,,,,,,,Microbe sample from Giardia duodenalis,giardia31,trophozoites,,NA,,,,,,,,,2025-08-19 19:20:33,2024-05-13 09:17:47,8562814,1541306520,8562814,180,926,,https://sra-downloadb.be-md.ncbi.nlm.nih.gov/sos8/sra-pub-zq-818/SRR029/29006/SRR29006294/SRR29006294.lite.1,SRX24533346,18,WGS,other,GENOMIC,PAIRED,0,0,ILLUMINA,Illumina NovaSeq 6000,SRP507278,PRJNA1110996,,1110996,SRS21279357,simple,5741,Giardia duodenalis,GduoAII-31,,,,,,,no,,,,,WALTER AND ELIZA HALL INSTITUTE OF MEDICAL RESEARCH,SRA1864782,,public,E315008E268C3344079BCC736BB80C3F,37501D5B82B80D377451DCD4251DCD2C
SRR29006293,SAMN41379888,,,,,2000-01-26,,,,,,,,,,,,Australia,,Homo sapiens,,,GduoAI-4,,,,,,,Microbe sample from Giardia duodenalis,giardia4,trophozoites,,NA,,,,,,,,,2025-08-19 19:20:32,2024-05-13 09:16:20,7086524,1275574320,7086524,180,699,,https://sra-downloadb.be-md.ncbi.nlm.nih.gov/sos8/sra-pub-zq-818/SRR029/29006/SRR29006293/SRR29006293.lite.1,SRX24533347,19,WGS,other,GENOMIC,PAIRED,0,0,ILLUMINA,Illumina NovaSeq 6000,SRP507278,PRJNA1110996,,1110996,SRS21279358,simple,5741,Giardia duodenalis,GduoAI-4,,,,,,,no,,,,,WALTER AND ELIZA HALL INSTITUTE OF MEDICAL RESEARCH,SRA1864782,,public,60A6295AD692071E128860AA726DFD91,2F1AFC488CDD1B8FC17B6B0D68637FE1
SRR29006292,SAMN41379889,,,,,1991-12-13,,,,,,,,,,,,Australia,,Homo sapiens,,,GduoAII-43,,,,,,,Microbe sample from Giardia duodenalis,giardia43,trophozoites,,NA,,,,,,,,,2025-08-19 19:20:32,2024-05-13 09:17:28,8391575,1510483500,8391575,180,877,,https://sra-downloadb.be-md.ncbi.nlm.nih.gov/sos8/sra-pub-zq-818/SRR029/29006/SRR29006292/SRR29006292.lite.1,SRX24533348,20,WGS,other,GENOMIC,PAIRED,0,0,ILLUMINA,Illumina NovaSeq 6000,SRP507278,PRJNA1110996,,1110996,SRS21279359,simple,5741,Giardia duodenalis,GduoAII-43,,,,,,,no,,,,,WALTER AND ELIZA HALL INSTITUTE OF MEDICAL RESEARCH,SRA1864782,,public,993E0CD806673FA4B1FF1E10405429C0,F9C613F131492B8C4CBA09806F6D1F30
SRR29006291,SAMN41379872,,,,,1992-02-26,,,,,,,,,,,,Czech Republic,,Cat,,,K188,,,,,,,Microbe sample from Giardia duodenalis,K188,trophozoites,,NA,,,,,,,,,2025-08-19 19:20:32,2024-05-13 09:22:38,22704608,6856791616,22704608,302,2812,,https://sra-downloadb.be-md.ncbi.nlm.nih.gov/sos8/sra-pub-zq-818/SRR029/29006/SRR29006291/SRR29006291.lite.1,SRX24533349,3,WGS,other,GENOMIC,PAIRED,0,0,ILLUMINA,Illumina NovaSeq 6000,SRP507278,PRJNA1110996,,1110996,SRS21279360,simple,5741,Giardia duodenalis,K188,,,,,,,no,,,,,WALTER AND ELIZA HALL INSTITUTE OF MEDICAL RESEARCH,SRA1864782,,public,932E34B579FFDA0C13DCCBFA33FAB097,A8CF1698E145AA65F63BB23C07ECBD68
SRR29006290,SAMN41379890,,,,,1991-08-29,,,,,,,,,,,,NA,,Cat,,,GduoAI-5,,,,,,,Microbe sample from Giardia duodenalis,giardia5,trophozoites,,NA,,,,,,,,,2025-08-19 19:20:32,2024-05-13 09:15:32,7036658,1266598440,7036658,180,696,,https://sra-downloadb.be-md.ncbi.nlm.nih.gov/sos8/sra-pub-zq-818/SRR029/29006/SRR29006290/SRR29006290.lite.1,SRX24533350,21,WGS,other,GENOMIC,PAIRED,0,0,ILLUMINA,Illumina NovaSeq 6000,SRP507278,PRJNA1110996,,1110996,SRS21279361,simple,5741,Giardia duodenalis,GduoAI-5,,,,,,,no,,,,,WALTER AND ELIZA HALL INSTITUTE OF MEDICAL RESEARCH,SRA1864782,,public,957242839672A4BA350183CE68ED1454,6469795DBE14044186DC39ADE96D6D39
SRR29006289,SAMN41379891,,,,,1991-04-01,,,,,,,,,,,,NA,,Cat,,,GduoAI-6,,,,,,,Microbe sample from Giardia duodenalis,giardia6,trophozoites,,NA,,,,,,,,,2025-08-19 19:20:32,2024-05-13 09:15:35,8318006,1497241080,8318006,180,822,,https://sra-downloadb.be-md.ncbi.nlm.nih.gov/sos8/sra-pub-zq-818/SRR029/29006/SRR29006289/SRR29006289.lite.1,SRX24533351,22,WGS,other,GENOMIC,PAIRED,0,0,ILLUMINA,Illumina NovaSeq 6000,SRP507278,PRJNA1110996,,1110996,SRS21279362,simple,5741,Giardia duodenalis,GduoAI-6,,,,,,,no,,,,,WALTER AND ELIZA HALL INSTITUTE OF MEDICAL RESEARCH,SRA1864782,,public,E00510FCB975E1E6B2140BBDFB61EB1E,864A867964312E7A69854BC3AD5E7B4C
SRR29006288,SAMN41379892,,,,,1992-04-01,,,,,,,,,,,,Australia,,Homo sapiens,,,GduoAI-8,,,,,,,Microbe sample from Giardia duodenalis,giardia8,trophozoites,,NA,,,,,,,,,2025-08-19 19:20:32,2024-05-13 09:15:44,7958182,1432472760,7958182,180,779,,https://sra-downloadb.be-md.ncbi.nlm.nih.gov/sos8/sra-pub-zq-818/SRR029/29006/SRR29006288/SRR29006288.lite.1,SRX24533352,23,WGS,other,GENOMIC,PAIRED,0,0,ILLUMINA,Illumina NovaSeq 6000,SRP507278,PRJNA1110996,,1110996,SRS21279363,simple,5741,Giardia duodenalis,GduoAI-8,,,,,,,no,,,,,WALTER AND ELIZA HALL INSTITUTE OF MEDICAL RESEARCH,SRA1864782,,public,0A1FC97CCFAEAD745F85CF0A18401649,D7CB462A54D2D5280B0C16F24A965A3A
SRR29006287,SAMN41379893,,,,,1991-09-02,,,,,,,,,,,,Canada,,Sheep,,,GduoAI-9,,,,,,,Microbe sample from Giardia duodenalis,giardia9,trophozoites,,NA,,,,,,,,,2025-08-19 19:20:32,2024-05-13 09:15:31,6924781,1246460580,6924781,180,677,,https://sra-downloadb.be-md.ncbi.nlm.nih.gov/sos8/sra-pub-zq-818/SRR029/29006/SRR29006287/SRR29006287.lite.1,SRX24533353,24,WGS,other,GENOMIC,PAIRED,0,0,ILLUMINA,Illumina NovaSeq 6000,SRP507278,PRJNA1110996,,1110996,SRS21279364,simple,5741,Giardia duodenalis,GduoAI-9,,,,,,,no,,,,,WALTER AND ELIZA HALL INSTITUTE OF MEDICAL RESEARCH,SRA1864782,,public,D14A2EC49B11D2E837B8F530E10E71FC,D1002C8A37DD5E765AC8394C78FEBA63
SRR29006286,SAMN41379894,,,,,1991-08-13,,,,,,,,,,,,Canada,,Sheep,,,GduoAI-10,,,,,,,Microbe sample from Giardia duodenalis,giardiaPGP2-10-MDA,trophozoites,,NA,,,,,,,,,2025-08-19 19:20:32,2024-05-13 09:15:23,7647221,1376499780,7647221,180,753,,https://sra-downloadb.be-md.ncbi.nlm.nih.gov/sos8/sra-pub-zq-818/SRR029/29006/SRR29006286/SRR29006286.lite.1,SRX24533354,25,WGS,other,GENOMIC,PAIRED,0,0,ILLUMINA,Illumina NovaSeq 6000,SRP507278,PRJNA1110996,,1110996,SRS21279365,simple,5741,Giardia duodenalis,GduoAI-10,,,,,,,no,,,,,WALTER AND ELIZA HALL INSTITUTE OF MEDICAL RESEARCH,SRA1864782,,public,70E6DDBD4B87EBFE84D8F7A973528A07,57F3CDCE1626256EE5B19B612E8FB348
SRR29006285,SAMN41379895,,,,,1999-03-22,,,,,,,,,,,,Afghanistan,,Homo sapiens,,,GduoAI-14,,,,,,,Microbe sample from Giardia duodenalis,giardiaPGP2-14-MDA,trophozoites,,NA,,,,,,,,,2025-08-19 19:20:32,2024-05-13 09:16:06,7472845,1345112100,7472845,180,746,,https://sra-downloadb.be-md.ncbi.nlm.nih.gov/sos8/sra-pub-zq-818/SRR029/29006/SRR29006285/SRR29006285.lite.1,SRX24533355,26,WGS,other,GENOMIC,PAIRED,0,0,ILLUMINA,Illumina NovaSeq 6000,SRP507278,PRJNA1110996,,1110996,SRS21279366,simple,5741,Giardia duodenalis,GduoAI-14,,,,,,,no,,,,,WALTER AND ELIZA HALL INSTITUTE OF MEDICAL RESEARCH,SRA1864782,,public,D5A1B62B435059ECB16FCE7EF594E400,B29ACCC121393160F40FE11F5F6EFFCF
SRR29006284,SAMN41379896,,,,,2001-06-14,,,,,,,,,,,,Afghanistan,,Homo sapiens,,,GduoAI-15,,,,,,,Microbe sample from Giardia duodenalis,giardiaPGP2-15-MDA,trophozoites,,NA,,,,,,,,,2025-08-19 19:20:32,2024-05-13 09:15:57,7690028,1384205040,7690028,180,766,,https://sra-downloadb.be-md.ncbi.nlm.nih.gov/sos8/sra-pub-zq-818/SRR029/29006/SRR29006284/SRR29006284.lite.1,SRX24533356,27,WGS,other,GENOMIC,PAIRED,0,0,ILLUMINA,Illumina NovaSeq 6000,SRP507278,PRJNA1110996,,1110996,SRS21279367,simple,5741,Giardia duodenalis,GduoAI-15,,,,,,,no,,,,,WALTER AND ELIZA HALL INSTITUTE OF MEDICAL RESEARCH,SRA1864782,,public,508502BB22B61C5BA68F20E258E18DF2,0A415BC36EE47EDC98C15CBE14C19B82
SRR29006283,SAMN41379897,,,,,1991-09-17,,,,,,,,,,,,Australia,,Homo sapiens,,,GduoAI-16,,,,,,,Microbe sample from Giardia duodenalis,giardiaPGP2-16-MDA,trophozoites,,NA,,,,,,,,,2025-08-19 19:20:32,2024-05-13 09:15:13,8110613,1459910340,8110613,180,809,,https://sra-downloadb.be-md.ncbi.nlm.nih.gov/sos8/sra-pub-zq-818/SRR029/29006/SRR29006283/SRR29006283.lite.1,SRX24533357,28,WGS,other,GENOMIC,PAIRED,0,0,ILLUMINA,Illumina NovaSeq 6000,SRP507278,PRJNA1110996,,1110996,SRS21279368,simple,5741,Giardia duodenalis,GduoAI-16,,,,,,,no,,,,,WALTER AND ELIZA HALL INSTITUTE OF MEDICAL RESEARCH,SRA1864782,,public,68C49A9516B69CC61D74D7A81EF18F17,A3B5D9DB5686C02E0B8C1D25026E7018
SRR29006282,SAMN41379898,,,,,1992-03-03,,,,,,,,,,,,Australia,,Homo sapiens,,,GduoAI-17,,,,,,,Microbe sample from Giardia duodenalis,giardiaPGP2-17-MDA,trophozoites,,NA,,,,,,,,,2025-08-19 19:20:31,2024-05-13 09:15:02,7890945,1420370100,7890945,180,790,,https://sra-downloadb.be-md.ncbi.nlm.nih.gov/sos8/sra-pub-zq-818/SRR029/29006/SRR29006282/SRR29006282.lite.1,SRX24533358,29,WGS,other,GENOMIC,PAIRED,0,0,ILLUMINA,Illumina NovaSeq 6000,SRP507278,PRJNA1110996,,1110996,SRS21279369,simple,5741,Giardia duodenalis,GduoAI-17,,,,,,,no,,,,,WALTER AND ELIZA HALL INSTITUTE OF MEDICAL RESEARCH,SRA1864782,,public,6DAD3A52839AACE72B96A8BE4E69D3A5,7319F154E5BE5B340362991B8149EBD2
SRR29006281,SAMN41379899,,,,,1994-10-10,,,,,,,,,,,,Australia,,Homo sapiens,,,GduoAI-2,,,,,,,Microbe sample from Giardia duodenalis,giardiaPGP2-2-MDA,trophozoites,,NA,,,,,,,,,2025-08-19 19:20:31,2024-05-13 09:15:34,7611534,1370076120,7611534,180,753,,https://sra-downloadb.be-md.ncbi.nlm.nih.gov/sos8/sra-pub-zq-818/SRR029/29006/SRR29006281/SRR29006281.lite.1,SRX24533359,30,WGS,other,GENOMIC,PAIRED,0,0,ILLUMINA,Illumina NovaSeq 6000,SRP507278,PRJNA1110996,,1110996,SRS21279370,simple,5741,Giardia duodenalis,GduoAI-2,,,,,,,no,,,,,WALTER AND ELIZA HALL INSTITUTE OF MEDICAL RESEARCH,SRA1864782,,public,20B00F4BAEA7AA09A37E76E29773785C,E1BF91E929B96C52625C99392B179B08
SRR29006280,SAMN41379873,,,,,not applicable,,,,,,,,,,,,USA,,Homo sapiens,,,VAJ,,,,,,,Microbe sample from Giardia duodenalis,VAJ,trophozoites,,NA,,,,,,,,,2025-08-19 19:20:31,2024-05-13 09:22:34,26230754,7921687708,26230754,302,3262,,https://sra-downloadb.be-md.ncbi.nlm.nih.gov/sos8/sra-pub-zq-818/SRR029/29006/SRR29006280/SRR29006280.lite.1,SRX24533360,4,WGS,other,GENOMIC,PAIRED,0,0,ILLUMINA,Illumina NovaSeq 6000,SRP507278,PRJNA1110996,,1110996,SRS21279371,simple,5741,Giardia duodenalis,VAJ,,,,,,,no,,,,,WALTER AND ELIZA HALL INSTITUTE OF MEDICAL RESEARCH,SRA1864782,,public,DBF82CA3A2D5A0A1769F116070115B89,75DC6603FE74D239080AB6310F1B69EC
SRR29006279,SAMN41379900,,,,,1992-02-05,,,,,,,,,,,,Australia,,Homo sapiens,,,GduoAI-20,,,,,,,Microbe sample from Giardia duodenalis,giardiaPGP2-20-MDA,trophozoites,,NA,,,,,,,,,2025-08-19 19:20:31,2024-05-13 09:16:11,8640092,1555216560,8640092,180,864,,https://sra-downloadb.be-md.ncbi.nlm.nih.gov/sos8/sra-pub-zq-818/SRR029/29006/SRR29006279/SRR29006279.lite.1,SRX24533361,31,WGS,other,GENOMIC,PAIRED,0,0,ILLUMINA,Illumina NovaSeq 6000,SRP507278,PRJNA1110996,,1110996,SRS21279372,simple,5741,Giardia duodenalis,GduoAI-20,,,,,,,no,,,,,WALTER AND ELIZA HALL INSTITUTE OF MEDICAL RESEARCH,SRA1864782,,public,0AC2410BD1E2F66EC6E90377FC90A741,A8B353BB8931B8867656C0F4A1A23066
SRR29006278,SAMN41379874,,,,,2019-01-01,,,,,,,,,,,,Italy,,Homo sapiens,,,VB11,,,,,,,Microbe sample from Giardia duodenalis,VB11,trophozoites,,NA,,,,,,,,,2025-08-19 19:20:33,2024-05-13 09:17:46,9466777,2858966654,9466777,302,1199,,https://sra-downloadb.be-md.ncbi.nlm.nih.gov/sos8/sra-pub-zq-818/SRR029/29006/SRR29006278/SRR29006278.lite.1,SRX24533362,5,WGS,other,GENOMIC,PAIRED,0,0,ILLUMINA,Illumina NovaSeq 6000,SRP507278,PRJNA1110996,,1110996,SRS21279373,simple,5741,Giardia duodenalis,VB11,,,,,,,no,,,,,WALTER AND ELIZA HALL INSTITUTE OF MEDICAL RESEARCH,SRA1864782,,public,169FD3908FF55792937C2341371B01E2,63E2857E2EDF214BC77ED825A4425800
SRR29006277,SAMN41379875,,,,,2019-01-01,,,,,,,,,,,,Italy,,Homo sapiens,,,VB36,,,,,,,Microbe sample from Giardia duodenalis,VB36,trophozoites,,NA,,,,,,,,,2025-08-19 19:20:34,2024-05-13 09:17:18,9943416,3002911632,9943416,302,1250,,https://sra-downloadb.be-md.ncbi.nlm.nih.gov/sos8/sra-pub-zq-818/SRR029/29006/SRR29006277/SRR29006277.lite.1,SRX24533363,6,WGS,other,GENOMIC,PAIRED,0,0,ILLUMINA,Illumina NovaSeq 6000,SRP507278,PRJNA1110996,,1110996,SRS21279374,simple,5741,Giardia duodenalis,VB36,,,,,,,no,,,,,WALTER AND ELIZA HALL INSTITUTE OF MEDICAL RESEARCH,SRA1864782,,public,86B805EBDE2C2076BFFAC3AC6E97948C,FC395F4DCBCE21FB7A20CA5EDFAF33E4
SRR29006276,SAMN41379876,,,,,2019-01-01,,,,,,,,,,,,Italy,,Homo sapiens,,,VB37,,,,,,,Microbe sample from Giardia duodenalis,VB37,trophozoites,,NA,,,,,,,,,2025-08-19 19:20:34,2024-05-13 09:18:09,11375999,3435551698,11375999,302,1411,,https://sra-downloadb.be-md.ncbi.nlm.nih.gov/sos8/sra-pub-zq-818/SRR029/29006/SRR29006276/SRR29006276.lite.1,SRX24533364,7,WGS,other,GENOMIC,PAIRED,0,0,ILLUMINA,Illumina NovaSeq 6000,SRP507278,PRJNA1110996,,1110996,SRS21279375,simple,5741,Giardia duodenalis,VB37,,,,,,,no,,,,,WALTER AND ELIZA HALL INSTITUTE OF MEDICAL RESEARCH,SRA1864782,,public,BB7E1FFCCCC903D752D5CD38AC407F55,C97678D33ADEE4E5C5048E97DA76C89F
SRR29006275,SAMN41379877,,,,,2019-01-01,,,,,,,,,,,,Italy,,Homo sapiens,,,VB7,,,,,,,Microbe sample from Giardia duodenalis,VB7,trophozoites,,NA,,,,,,,,,2025-08-19 19:20:34,2024-05-13 09:17:08,8088600,2442757200,8088600,302,1054,,https://sra-downloadb.be-md.ncbi.nlm.nih.gov/sos8/sra-pub-zq-818/SRR029/29006/SRR29006275/SRR29006275.lite.1,SRX24533365,8,WGS,other,GENOMIC,PAIRED,0,0,ILLUMINA,Illumina NovaSeq 6000,SRP507278,PRJNA1110996,,1110996,SRS21279376,simple,5741,Giardia duodenalis,VB7,,,,,,,no,,,,,WALTER AND ELIZA HALL INSTITUTE OF MEDICAL RESEARCH,SRA1864782,,public,73937E296234EBC3C77B005F1778EE61,0232CC805F8806A1E5A30BC022F429CE
SRR29006274,SAMN41379878,,,,,2019-01-01,,,,,,,,,,,,Italy,,Homo sapiens,,,VB9,,,,,,,Microbe sample from Giardia duodenalis,VB9,trophozoites,,NA,,,,,,,,,2025-08-19 19:20:34,2024-05-13 09:18:06,11119345,3358042190,11119345,302,1401,,https://sra-downloadb.be-md.ncbi.nlm.nih.gov/sos8/sra-pub-zq-818/SRR029/29006/SRR29006274/SRR29006274.lite.1,SRX24533366,9,WGS,other,GENOMIC,PAIRED,0,0,ILLUMINA,Illumina NovaSeq 6000,SRP507278,PRJNA1110996,,1110996,SRS21279377,simple,5741,Giardia duodenalis,VB9,,,,,,,no,,,,,WALTER AND ELIZA HALL INSTITUTE OF MEDICAL RESEARCH,SRA1864782,,public,1EAD474DB2A09B747D5D24EF4F7B9815,79CFEF31F3FA2887B9C40739C90E8E23
SRR29006273,SAMN41379879,,,,,1992-03-11,,,,,,,,,,,,Afghanistan,,Homo sapiens,,,GduoAI-11,,,,,,,Microbe sample from Giardia duodenalis,giardia11,trophozoites,,NA,,,,,,,,,2025-08-19 19:20:34,2024-05-13 09:16:42,10206436,1837158480,10206436,180,1101,,https://sra-downloadb.be-md.ncbi.nlm.nih.gov/sos8/sra-pub-zq-818/SRR029/29006/SRR29006273/SRR29006273.lite.1,SRX24533367,10,WGS,other,GENOMIC,PAIRED,0,0,ILLUMINA,Illumina NovaSeq 6000,SRP507278,PRJNA1110996,,1110996,SRS21279378,simple,5741,Giardia duodenalis,GduoAI-11,,,,,,,no,,,,,WALTER AND ELIZA HALL INSTITUTE OF MEDICAL RESEARCH,SRA1864782,,public,05935FE3415B4F5CCB8AFD26B876D180,DDE2EE6056C06068F6B6BCC5EE69A8A0
SRR35245049,SAMN50924377,,,,,1989-06-28,,,,,,,,,,,,Nigeria,,Homo sapiens,,,CZ36,,,,,,,Microbe sample from Giardia duodenalis,CZ36,trophozoites,,NA,,,,,,,,,2025-09-03 15:28:02,2025-09-03 15:17:04,43359019,13065340378,43359019,301,4963,,https://sra-downloadb.be-md.ncbi.nlm.nih.gov/sos8/sra-pub-zq-818/SRR035/35245/SRR35245049/SRR35245049.lite.1,SRX30347971,CZ36,WGS,MDA,GENOMIC,PAIRED,0,0,ILLUMINA,Illumina NovaSeq 6000,SRP507278,PRJNA1110996,,1110996,SRS26391125,simple,5741,Giardia duodenalis,CZ36,,,,,,,no,,,,,WALTER AND ELIZA HALL INSTITUTE OF MEDICAL RESEARCH,SRA2211538,,public,6796E7B0C8CE07F60A4D271AD48F0626,E4B77BCA2F8E45184275FD5F5D46155E
SRR35245047,SAMN50924379,,,,,1989-07-26,,,,,,,,,,,,Iran,,Homo sapiens,,,CZ44,,,,,,,Microbe sample from Giardia duodenalis,CZ44,trophozoites,,NA,,,,,,,,,2025-09-03 15:28:02,2025-09-03 15:13:58,28073291,8478133882,28073291,302,2992,,https://sra-downloadb.be-md.ncbi.nlm.nih.gov/sos8/sra-pub-zq-818/SRR035/35245/SRR35245047/SRR35245047.lite.1,SRX30347973,CZ44,WGS,MDA,GENOMIC,PAIRED,0,0,ILLUMINA,Illumina NovaSeq 6000,SRP507278,PRJNA1110996,,1110996,SRS26391126,simple,5741,Giardia duodenalis,CZ44,,,,,,,no,,,,,WALTER AND ELIZA HALL INSTITUTE OF MEDICAL RESEARCH,SRA2211538,,public,3C540BBEC7907EB5240E4D9311597C9D,3E4ABF76F91388907C3D51EE8C232E02
SRR35245046,SAMN50924380,,,,,1990-10-09,,,,,,,,,,,,Sudan,,Homo sapiens,,,CZ50,,,,,,,Microbe sample from Giardia duodenalis,CZ50,trophozoites,,NA,,,,,,,,,2025-09-03 15:28:02,2025-09-03 15:10:57,25589674,7728081548,25589674,302,2717,,https://sra-downloadb.be-md.ncbi.nlm.nih.gov/sos8/sra-pub-zq-818/SRR035/35245/SRR35245046/SRR35245046.lite.1,SRX30347974,CZ50,WGS,MDA,GENOMIC,PAIRED,0,0,ILLUMINA,Illumina NovaSeq 6000,SRP507278,PRJNA1110996,,1110996,SRS26391127,simple,5741,Giardia duodenalis,CZ50,,,,,,,no,,,,,WALTER AND ELIZA HALL INSTITUTE OF MEDICAL RESEARCH,SRA2211538,,public,C8E41CB43848A96F6788FF1DEBBEE6DE,D0A16D9C86839804485E797D3F923B6A
SRR35245045,SAMN50924381,,,,,1990-10-22,,,,,,,,,,,,Syria,,Homo sapiens,,,CZ51,,,,,,,Microbe sample from Giardia duodenalis,CZ51,trophozoites,,NA,,,,,,,,,2025-09-03 15:28:01,2025-09-03 15:11:00,18633887,5590166100,18633887,300,2308,,https://sra-downloadb.be-md.ncbi.nlm.nih.gov/sos8/sra-pub-zq-818/SRR035/35245/SRR35245045/SRR35245045.lite.1,SRX30347975,CZ51,WGS,MDA,GENOMIC,PAIRED,0,0,ILLUMINA,Illumina NovaSeq 6000,SRP507278,PRJNA1110996,,1110996,SRS26391128,simple,5741,Giardia duodenalis,CZ51,,,,,,,no,,,,,WALTER AND ELIZA HALL INSTITUTE OF MEDICAL RESEARCH,SRA2211538,,public,2E3A073B36CA5C855E16A750F85FCFFC,FCC88068A5C94C98AE6F5132E80BB9F1
SRR35245048,SAMN50924378,,,,,1989-11-07,,,,,,,,,,,,Czech Republic,,Homo sapiens,,,CZ43,,,,,,,Microbe sample from Giardia duodenalis,CZ43,trophozoites,,NA,,,,,,,,,2025-09-03 15:28:02,2025-09-03 15:12:48,28230265,8525540030,28230265,302,3017,,https://sra-downloadb.be-md.ncbi.nlm.nih.gov/sos8/sra-pub-zq-818/SRR035/35245/SRR35245048/SRR35245048.lite.1,SRX30347972,CZ43,WGS,MDA,GENOMIC,PAIRED,0,0,ILLUMINA,Illumina NovaSeq 6000,SRP507278,PRJNA1110996,,1110996,SRS26391129,simple,5741,Giardia duodenalis,CZ43,,,,,,,no,,,,,WALTER AND ELIZA HALL INSTITUTE OF MEDICAL RESEARCH,SRA2211538,,public,AFEA873662148029D211AA9B7331F455,A1F5DBDC56AAE3BC992F3A7CE362C914
SRR35245044,SAMN50924382,,,,,1991-05-23,,,,,,,,,,,,Czech Republic,,Homo sapiens,,,CZ52,,,,,,,Microbe sample from Giardia duodenalis,CZ52,trophozoites,,NA,,,,,,,,,2025-09-03 15:28:02,2025-09-03 15:13:04,25672037,7752955174,25672037,302,2735,,https://sra-downloadb.be-md.ncbi.nlm.nih.gov/sos8/sra-pub-zq-818/SRR035/35245/SRR35245044/SRR35245044.lite.1,SRX30347976,CZ52,WGS,MDA,GENOMIC,PAIRED,0,0,ILLUMINA,Illumina NovaSeq 6000,SRP507278,PRJNA1110996,,1110996,SRS26391130,simple,5741,Giardia duodenalis,CZ52,,,,,,,no,,,,,WALTER AND ELIZA HALL INSTITUTE OF MEDICAL RESEARCH,SRA2211538,,public,612E591C32FD63DAEC8FE1804A925C26,96F1E1FDE25F4E4BDE41C61DF362E365
SRR35245043,SAMN50924365,,,,,1988-06-30,,,,,,,,,,,,Syria,,Homo sapiens,,,CZ13,,,,,,,Microbe sample from Giardia duodenalis,CZ13,trophozoites,,NA,,,,,,,,,2025-09-03 15:28:02,2025-09-03 15:11:03,16382645,4914793500,16382645,300,2035,,https://sra-downloadb.be-md.ncbi.nlm.nih.gov/sos8/sra-pub-zq-818/SRR035/35245/SRR35245043/SRR35245043.lite.1,SRX30347977,CZ13,WGS,MDA,GENOMIC,PAIRED,0,0,ILLUMINA,Illumina NovaSeq 6000,SRP507278,PRJNA1110996,,1110996,SRS26391131,simple,5741,Giardia duodenalis,CZ13,,,,,,,no,,,,,WALTER AND ELIZA HALL INSTITUTE OF MEDICAL RESEARCH,SRA2211538,,public,4093604EFFAEEE1B36169E11F84DD358,91A5DD16801D70317218E452594CA98D
SRR35245042,SAMN50924383,,,,,1991-05-16,,,,,,,,,,,,Indonesia,,Homo sapiens,,,CZ53,,,,,,,Microbe sample from Giardia duodenalis,CZ53,trophozoites,,NA,,,,,,,,,2025-09-03 15:28:02,2025-09-03 15:13:00,23733933,7167647766,23733933,302,2520,,https://sra-downloadb.be-md.ncbi.nlm.nih.gov/sos8/sra-pub-zq-818/SRR035/35245/SRR35245042/SRR35245042.lite.1,SRX30347978,CZ53,WGS,MDA,GENOMIC,PAIRED,0,0,ILLUMINA,Illumina NovaSeq 6000,SRP507278,PRJNA1110996,,1110996,SRS26391132,simple,5741,Giardia duodenalis,CZ53,,,,,,,no,,,,,WALTER AND ELIZA HALL INSTITUTE OF MEDICAL RESEARCH,SRA2211538,,public,52506BC1F7CF6C1E505D692D53FF0BD7,6160C4F302DFFBD303AA0916B5466672
SRR35245041,SAMN50924384,,,,,1988-03-30,,,,,,,,,,,,Libya,,Homo sapiens,,,CZ9,,,,,,,Microbe sample from Giardia duodenalis,CZ9,trophozoites,,NA,,,,,,,,,2025-09-03 15:28:01,2025-09-03 15:10:40,15147676,4544302800,15147676,300,1876,,https://sra-downloadb.be-md.ncbi.nlm.nih.gov/sos8/sra-pub-zq-818/SRR035/35245/SRR35245041/SRR35245041.lite.1,SRX30347979,CZ9,WGS,MDA,GENOMIC,PAIRED,0,0,ILLUMINA,Illumina NovaSeq 6000,SRP507278,PRJNA1110996,,1110996,SRS26391133,simple,5741,Giardia duodenalis,CZ9,,,,,,,no,,,,,WALTER AND ELIZA HALL INSTITUTE OF MEDICAL RESEARCH,SRA2211538,,public,47FA00CB45E186497BDC02C0B851E3C5,8FA36017BB350C8FD58915716361C0A5
SRR35245040,SAMN50924385,,,,,1975,,,,,,,,,,,,USA,,Guinea pig,,,GP,,,,,,,Microbe sample from Giardia duodenalis,GP,trophozoites,,NA,,,,,,,,,2025-09-03 15:28:02,2025-09-03 15:09:14,17307755,5226942010,17307755,302,2182,,https://sra-downloadb.be-md.ncbi.nlm.nih.gov/sos8/sra-pub-zq-818/SRR035/35245/SRR35245040/SRR35245040.lite.1,SRX30347980,GP,WGS,MDA,GENOMIC,PAIRED,0,0,ILLUMINA,Illumina NovaSeq 6000,SRP507278,PRJNA1110996,,1110996,SRS26391134,simple,5741,Giardia duodenalis,GP,,,,,,,no,,,,,WALTER AND ELIZA HALL INSTITUTE OF MEDICAL RESEARCH,SRA2211538,,public,3C5E7272115F15A59213B4AE03B09C0A,45A001AD2269D7D67DE8CB37796F7414
SRR35245039,SAMN50924386,,,,,1988-10-25,,,,,,,,,,,,Czech Republic,,Homo sapiens,,,HJ,,,,,,,Microbe sample from Giardia duodenalis,HJ,trophozoites,,NA,,,,,,,,,2025-09-03 15:28:02,2025-09-03 15:10:55,16980173,5094051900,16980173,300,2128,,https://sra-downloadb.be-md.ncbi.nlm.nih.gov/sos8/sra-pub-zq-818/SRR035/35245/SRR35245039/SRR35245039.lite.1,SRX30347981,HJ,WGS,MDA,GENOMIC,PAIRED,0,0,ILLUMINA,Illumina NovaSeq 6000,SRP507278,PRJNA1110996,,1110996,SRS26391135,simple,5741,Giardia duodenalis,HJ,,,,,,,no,,,,,WALTER AND ELIZA HALL INSTITUTE OF MEDICAL RESEARCH,SRA2211538,,public,E29674DB104B46A62A38667B225AE3F3,BE7336C62495F2B96FAC95CB674AE6C5
SRR35245037,SAMN50924388,,,,,2016-09-05,,,,,,,,,,,,Sri Lanka,,Homo sapiens,,,LK16,,,,,,,Microbe sample from Giardia duodenalis,LK16,trophozoites,,NA,,,,,,,,,2025-09-03 15:28:02,2025-09-03 15:11:14,17464290,5239287000,17464290,300,2183,,https://sra-downloadb.be-md.ncbi.nlm.nih.gov/sos8/sra-pub-zq-818/SRR035/35245/SRR35245037/SRR35245037.lite.1,SRX30347983,LK16,WGS,MDA,GENOMIC,PAIRED,0,0,ILLUMINA,Illumina NovaSeq 6000,SRP507278,PRJNA1110996,,1110996,SRS26391136,simple,5741,Giardia duodenalis,LK16,,,,,,,no,,,,,WALTER AND ELIZA HALL INSTITUTE OF MEDICAL RESEARCH,SRA2211538,,public,D092C90DF3A187338F6BE8CEC6F4F4CE,7D59E6E8856B67BAED7CD964F6EE8003
SRR35245036,SAMN50924389,,,,,2023-03-11,,,,,,,,,,,,India,,Homo sapiens,,,NAX,,,,,,,Microbe sample from Giardia duodenalis,NAX,trophozoites,,NA,,,,,,,,,2025-09-03 15:28:20,2025-09-03 15:13:16,29834696,9010078192,29834696,302,3168,,https://sra-downloadb.be-md.ncbi.nlm.nih.gov/sos8/sra-pub-zq-818/SRR035/35245/SRR35245036/SRR35245036.lite.1,SRX30347984,NAX,WGS,MDA,GENOMIC,PAIRED,0,0,ILLUMINA,Illumina NovaSeq 6000,SRP507278,PRJNA1110996,,1110996,SRS26391137,simple,5741,Giardia duodenalis,NAX,,,,,,,no,,,,,WALTER AND ELIZA HALL INSTITUTE OF MEDICAL RESEARCH,SRA2211538,,public,51D9E65E1969D0DD68D6DB1CE0FAE6D6,198F47AFF975EDE755217213B1A7C5D6
SRR35245038,SAMN50924387,,,,,2003-03-11,,,,,,,,,,,,India,,Homo sapiens,,,KC,,,,,,,Microbe sample from Giardia duodenalis,KC,trophozoites,,NA,,,,,,,,,2025-09-03 15:28:03,2025-09-03 15:12:36,31253107,9438438314,31253107,302,3358,,https://sra-downloadb.be-md.ncbi.nlm.nih.gov/sos8/sra-pub-zq-818/SRR035/35245/SRR35245038/SRR35245038.lite.1,SRX30347982,KC,WGS,MDA,GENOMIC,PAIRED,0,0,ILLUMINA,Illumina NovaSeq 6000,SRP507278,PRJNA1110996,,1110996,SRS26391138,simple,5741,Giardia duodenalis,KC,,,,,,,no,,,,,WALTER AND ELIZA HALL INSTITUTE OF MEDICAL RESEARCH,SRA2211538,,public,2DD11E6079F70740A49ECB02D3E06BCD,5EB5D146EADBC16B9B1C5DCE169E4C82
SRR35245035,SAMN50924390,,,,,NA,,,,,,,,,,,,Czech Republic,,Pig,,,P2-MER,,,,,,,Microbe sample from Giardia duodenalis,P2-MER,trophozoites,,NA,,,,,,,,,2025-09-03 15:28:03,2025-09-03 15:11:48,20031146,6049406092,20031146,302,2504,,https://sra-downloadb.be-md.ncbi.nlm.nih.gov/sos8/sra-pub-zq-818/SRR035/35245/SRR35245035/SRR35245035.lite.1,SRX30347985,P2-MER,WGS,MDA,GENOMIC,PAIRED,0,0,ILLUMINA,Illumina NovaSeq 6000,SRP507278,PRJNA1110996,,1110996,SRS26391139,simple,5741,Giardia duodenalis,P2-MER,,,,,,,no,,,,,WALTER AND ELIZA HALL INSTITUTE OF MEDICAL RESEARCH,SRA2211538,,public,1773968090050D1885B9FF57F3738A07,DD5E36F768F437E65102633E314B5236
SRR35245034,SAMN50924391,,,,,1997-10-09,,,,,,,,,,,,Czech Republic,,Homo sapiens,,,Ber1,,,,,,,Microbe sample from Giardia duodenalis,Ber1,trophozoites,,NA,,,,,,,,,2025-09-03 15:28:03,2025-09-03 15:10:25,24179907,7302331914,24179907,302,2557,,https://sra-downloadb.be-md.ncbi.nlm.nih.gov/sos8/sra-pub-zq-818/SRR035/35245/SRR35245034/SRR35245034.lite.1,SRX30347986,Ber1,WGS,MDA,GENOMIC,PAIRED,0,0,ILLUMINA,Illumina NovaSeq 6000,SRP507278,PRJNA1110996,,1110996,SRS26391140,simple,5741,Giardia duodenalis,Ber1,,,,,,,no,,,,,WALTER AND ELIZA HALL INSTITUTE OF MEDICAL RESEARCH,SRA2211538,,public,38CD9F6C566F0D13863A5A96F8F1A433,368741DB3C5508471BB303C5BAE160EB
SRR35245033,SAMN50924366,,,,,1988-10-14,,,,,,,,,,,,Czech Republic,,Homo sapiens,,,CZ16,,,,,,,Microbe sample from Giardia duodenalis,CZ16,trophozoites,,NA,,,,,,,,,2025-09-03 15:28:03,2025-09-03 15:13:13,31033018,9371971436,31033018,302,3353,,https://sra-downloadb.be-md.ncbi.nlm.nih.gov/sos8/sra-pub-zq-818/SRR035/35245/SRR35245033/SRR35245033.lite.1,SRX30347987,CZ16,WGS,MDA,GENOMIC,PAIRED,0,0,ILLUMINA,Illumina NovaSeq 6000,SRP507278,PRJNA1110996,,1110996,SRS26391141,simple,5741,Giardia duodenalis,CZ16,,,,,,,no,,,,,WALTER AND ELIZA HALL INSTITUTE OF MEDICAL RESEARCH,SRA2211538,,public,980CF8D841549E1503CB9428E27B0DF4,62D7A0EEE6996E8396A9BD1EE331978F
SRR35245032,SAMN50924367,,,,,1988-09-26,,,,,,,,,,,,Pakistan,,Homo sapiens,,,CZ18,,,,,,,Microbe sample from Giardia duodenalis,CZ18,trophozoites,,NA,,,,,,,,,2025-09-03 15:28:03,2025-09-03 15:09:06,12952054,3885616200,12952054,300,1616,,https://sra-downloadb.be-md.ncbi.nlm.nih.gov/sos8/sra-pub-zq-818/SRR035/35245/SRR35245032/SRR35245032.lite.1,SRX30347988,CZ18,WGS,MDA,GENOMIC,PAIRED,0,0,ILLUMINA,Illumina NovaSeq 6000,SRP507278,PRJNA1110996,,1110996,SRS26391142,simple,5741,Giardia duodenalis,CZ18,,,,,,,no,,,,,WALTER AND ELIZA HALL INSTITUTE OF MEDICAL RESEARCH,SRA2211538,,public,4E600C6D14C4E9743CFC9249D62E9221,9EC48D478969F720C3460F0FE2182B07
SRR35245029,SAMN50924370,,,,,1988-01-01,,,,,,,,,,,,Kuwait,,Homo sapiens,,,CZ20,,,,,,,Microbe sample from Giardia duodenalis,CZ20,trophozoites,,NA,,,,,,,,,2025-09-03 15:28:03,2025-09-03 15:10:29,18062456,5418736800,18062456,300,2241,,https://sra-downloadb.be-md.ncbi.nlm.nih.gov/sos8/sra-pub-zq-818/SRR035/35245/SRR35245029/SRR35245029.lite.1,SRX30347991,CZ20,WGS,MDA,GENOMIC,PAIRED,0,0,ILLUMINA,Illumina NovaSeq 6000,SRP507278,PRJNA1110996,,1110996,SRS26391143,simple,5741,Giardia duodenalis,CZ20,,,,,,,no,,,,,WALTER AND ELIZA HALL INSTITUTE OF MEDICAL RESEARCH,SRA2211538,,public,14AF3DD917F3E2624A7A453F19260A57,39D1A5638F4185FD70E2F4716A176D3A
SRR35245030,SAMN50924369,,,,,1987-01-01,,,,,,,,,,,,Viet Nam,,Homo sapiens,,,CZ2,,,,,,,Microbe sample from Giardia duodenalis,CZ2,trophozoites,,NA,,,,,,,,,2025-09-03 15:49:24,2025-09-03 15:42:52,18153967,5446190100,18153967,300,2279,,https://sra-downloadb.be-md.ncbi.nlm.nih.gov/sos8/sra-pub-zq-818/SRR035/35245/SRR35245030/SRR35245030.lite.1,SRX30347990,CZ2,WGS,MDA,GENOMIC,PAIRED,0,0,ILLUMINA,Illumina NovaSeq 6000,SRP507278,PRJNA1110996,,1110996,SRS26391144,simple,5741,Giardia duodenalis,CZ2,,,,,,,no,,,,,WALTER AND ELIZA HALL INSTITUTE OF MEDICAL RESEARCH,SRA2211538,,public,A822802B87F4423DDB044EBED37AC79C,8733EC26998936882939EB8F10A601BC
SRR35245031,SAMN50924368,,,,,1988-10-31,,,,,,,,,,,,Czech Republic,,Homo sapiens,,,CZ19,,,,,,,Microbe sample from Giardia duodenalis,CZ19,trophozoites,,NA,,,,,,,,,2025-09-03 15:28:03,2025-09-03 15:10:39,29660306,8957412412,29660306,302,3181,,https://sra-downloadb.be-md.ncbi.nlm.nih.gov/sos8/sra-pub-zq-818/SRR035/35245/SRR35245031/SRR35245031.lite.1,SRX30347989,CZ19,WGS,MDA,GENOMIC,PAIRED,0,0,ILLUMINA,Illumina NovaSeq 6000,SRP507278,PRJNA1110996,,1110996,SRS26391145,simple,5741,Giardia duodenalis,CZ19,,,,,,,no,,,,,WALTER AND ELIZA HALL INSTITUTE OF MEDICAL RESEARCH,SRA2211538,,public,F905DAB45EBAA721EA8E66981690A0FE,07ED28C2CD1591CBB3D6D74C605BD1FC
SRR35245028,SAMN50924371,,,,,1988-06-12,,,,,,,,,,,,India,,Homo sapiens,,,CZ23,,,,,,,Microbe sample from Giardia duodenalis,CZ23,trophozoites,,NA,,,,,,,,,2025-09-03 15:28:03,2025-09-03 15:12:26,34114112,10302461824,34114112,302,3561,,https://sra-downloadb.be-md.ncbi.nlm.nih.gov/sos8/sra-pub-zq-818/SRR035/35245/SRR35245028/SRR35245028.lite.1,SRX30347992,CZ23,WGS,MDA,GENOMIC,PAIRED,0,0,ILLUMINA,Illumina NovaSeq 6000,SRP507278,PRJNA1110996,,1110996,SRS26391146,simple,5741,Giardia duodenalis,CZ23,,,,,,,no,,,,,WALTER AND ELIZA HALL INSTITUTE OF MEDICAL RESEARCH,SRA2211538,,public,1CE0749C973FA8BA8EED94B29CC1BA5D,D9B3497C03B68A2D88037D39540C3796
SRR35245027,SAMN50924372,,,,,1988-07-12,,,,,,,,,,,,India,,Homo sapiens,,,CZ24,,,,,,,Microbe sample from Giardia duodenalis,CZ24,trophozoites,,NA,,,,,,,,,2025-09-03 15:28:03,2025-09-03 15:09:41,15877294,4763188200,15877294,300,1948,,https://sra-downloadb.be-md.ncbi.nlm.nih.gov/sos8/sra-pub-zq-818/SRR035/35245/SRR35245027/SRR35245027.lite.1,SRX30347993,CZ24,WGS,MDA,GENOMIC,PAIRED,0,0,ILLUMINA,Illumina NovaSeq 6000,SRP507278,PRJNA1110996,,1110996,SRS26391147,simple,5741,Giardia duodenalis,CZ24,,,,,,,no,,,,,WALTER AND ELIZA HALL INSTITUTE OF MEDICAL RESEARCH,SRA2211538,,public,2943D92E4CD59D95625692C5E495FC29,A3472EF965FE6D8AFCDAE01138343181
SRR35245055,SAMN50924363,,,,,1970,,,,,,,,,,,,USA,,Cat,,,CAT,,,,,,,Microbe sample from Giardia duodenalis,CAT,trophozoites,,NA,,,,,,,,,2025-09-03 15:28:19,2025-09-03 15:10:12,21867178,6603887756,21867178,302,2719,,https://sra-downloadb.be-md.ncbi.nlm.nih.gov/sos8/sra-pub-zq-818/SRR035/35245/SRR35245055/SRR35245055.lite.1,SRX30347965,CAT,WGS,MDA,GENOMIC,PAIRED,0,0,ILLUMINA,Illumina NovaSeq 6000,SRP507278,PRJNA1110996,,1110996,SRS26391119,simple,5741,Giardia duodenalis,CAT,,,,,,,no,,,,,WALTER AND ELIZA HALL INSTITUTE OF MEDICAL RESEARCH,SRA2211538,,public,421596B1C00C261B7F3592B10B69C8AD,4F42B63DEC26B8D62CE3EF172BB7CED3
SRR35245054,SAMN50924364,,,,,1988-01-01,,,,,,,,,,,,Libya,,Homo sapiens,,,CZ12,,,,,,,Microbe sample from Giardia duodenalis,CZ12,trophozoites,,NA,,,,,,,,,2025-09-03 15:28:02,2025-09-03 15:11:57,15132354,4539706200,15132354,300,1907,,https://sra-downloadb.be-md.ncbi.nlm.nih.gov/sos8/sra-pub-zq-818/SRR035/35245/SRR35245054/SRR35245054.lite.1,SRX30347966,CZ12,WGS,MDA,GENOMIC,PAIRED,0,0,ILLUMINA,Illumina NovaSeq 6000,SRP507278,PRJNA1110996,,1110996,SRS26391121,simple,5741,Giardia duodenalis,CZ12,,,,,,,no,,,,,WALTER AND ELIZA HALL INSTITUTE OF MEDICAL RESEARCH,SRA2211538,,public,82EC073EFC56BCAACB34AD7315B181E1,148DE37F51D75CD817C905C76651FDD0
SRR35245053,SAMN50924373,,,,,1989-11-01,,,,,,,,,,,,Viet Nam,,Homo sapiens,,,CZ25,,,,,,,Microbe sample from Giardia duodenalis,CZ25,trophozoites,,NA,,,,,,,,,2025-09-03 15:28:02,2025-09-03 15:09:21,11659510,3497853000,11659510,300,1450,,https://sra-downloadb.be-md.ncbi.nlm.nih.gov/sos8/sra-pub-zq-818/SRR035/35245/SRR35245053/SRR35245053.lite.1,SRX30347967,CZ25,WGS,MDA,GENOMIC,PAIRED,0,0,ILLUMINA,Illumina NovaSeq 6000,SRP507278,PRJNA1110996,,1110996,SRS26391120,simple,5741,Giardia duodenalis,CZ25,,,,,,,no,,,,,WALTER AND ELIZA HALL INSTITUTE OF MEDICAL RESEARCH,SRA2211538,,public,F1CBF3504F8D8EDA75853AF99FE41E82,E11CC1AAB32AA46C99462E57CF7B32B2
SRR35245052,SAMN50924374,,,,,1989-01-02,,,,,,,,,,,,Czech Republic,,Homo sapiens,,,CZ27,,,,,,,Microbe sample from Giardia duodenalis,CZ27,trophozoites,,NA,,,,,,,,,2025-09-04 16:23:09,2025-09-04 15:43:56,18026337,3527759250,5492058,195,1517,,https://sra-downloadb.be-md.ncbi.nlm.nih.gov/sos7/sra-pub-zq-41/SRR035/35245/SRR35245052/SRR35245052.lite.1,SRX30347968,CZ27,WGS,MDA,GENOMIC,PAIRED,0,0,ILLUMINA,Illumina NovaSeq 6000,SRP507278,PRJNA1110996,,1110996,SRS26391124,simple,5741,Giardia duodenalis,CZ27,,,,,,,no,,,,,WALTER AND ELIZA HALL INSTITUTE OF MEDICAL RESEARCH,SRA2211538,,public,3B54F492EE31C191D08DBF9639314B95,92D270BDAECB40DD0C342A5AABC0C6A0
SRR35245051,SAMN50924375,,,,,1987-01-24,,,,,,,,,,,,Czech Republic,,Homo sapiens,,,CZ28,,,,,,,Microbe sample from Giardia duodenalis,CZ28,trophozoites,,NA,,,,,,,,,2025-09-03 15:28:20,2025-09-03 15:14:34,32556507,9832065114,32556507,302,3417,,https://sra-downloadb.be-md.ncbi.nlm.nih.gov/sos8/sra-pub-zq-818/SRR035/35245/SRR35245051/SRR35245051.lite.1,SRX30347969,CZ28,WGS,MDA,GENOMIC,PAIRED,0,0,ILLUMINA,Illumina NovaSeq 6000,SRP507278,PRJNA1110996,,1110996,SRS26391122,simple,5741,Giardia duodenalis,CZ28,,,,,,,no,,,,,WALTER AND ELIZA HALL INSTITUTE OF MEDICAL RESEARCH,SRA2211538,,public,AF2D96AD436DFE344951B0DA897D807C,967D4BB95CA2E4B2A40762C866E2839C
SRR35245050,SAMN50924376,,,,,1989-04-18,,,,,,,,,,,,Czech Republic,,Homo sapiens,,,CZ34,,,,,,,Microbe sample from Giardia duodenalis,CZ34,trophozoites,,NA,,,,,,,,,2025-09-03 15:28:01,2025-09-03 15:13:52,28388688,8573383776,28388688,302,2998,,https://sra-downloadb.be-md.ncbi.nlm.nih.gov/sos8/sra-pub-zq-818/SRR035/35245/SRR35245050/SRR35245050.lite.1,SRX30347970,CZ34,WGS,MDA,GENOMIC,PAIRED,0,0,ILLUMINA,Illumina NovaSeq 6000,SRP507278,PRJNA1110996,,1110996,SRS26391123,simple,5741,Giardia duodenalis,CZ34,,,,,,,no,,,,,WALTER AND ELIZA HALL INSTITUTE OF MEDICAL RESEARCH,SRA2211538,,public,D493F2EC21BD0AC765502659A36D1C7F,4041AE33C5B0C1B2293679CE5DF8B983
