final_id,Run,Assay Type,AvgSpotLen,Bases,BioProject,BioSample,Bytes,Center Name,Consent,DATASTORE filetype,DATASTORE provider,DATASTORE region,Experiment,Instrument,LibraryLayout,LibrarySelection,LibrarySource,Organism,Platform,ReleaseDate,Sample Name,SRA Study,create_date,version,Library Name,BioSampleModel,Collection_Date,geo_loc_name_country,geo_loc_name_country_continent,geo_loc_name,isolate,sample_type,lat_lon,isolation_source,HOST,strain,env_biome,genotype,Sample_tittle,tissue,collected_by,sex,Sample_name,ENA-FIRST-PUBLIC (run),ena_first_public,ENA-LAST-UPDATE (run),ena_last_update,external_id,INSDC_center_name,INSDC_first_public,INSDC_last_update,INSDC_status,Scientific_Name,Submitter_Id,dev_stage,ArrayExpress-SPECIES,AssemblyName,isol_growth_condt,estimated_size,ploidy,env_feature,env_material,num_replicons,propagation,env_broad_scale,env_local_scale,env_medium,BARCODE,GEO_Accession (exp),source_name,BIOMATERIAL_PROVIDER,culture_collection,tax_id_x,altitude,Cultivar,Ecotype,type,biotic_relationship,host_body_product,Host_disease,host_genotype,host_scientific_name,host_taxid,pathogenicity,samp_mat_process,trophic_level,AGE,BREED,sample_description_x,isolation-source,health_state,host_body_habitat,host_tissue_sampled,Birth_date,birth_location,breeding_history,breeding_method,sample_comment,id,secondary_study_accession,parent_study,submission_accession,read_count,fastq_md5,fastq_bytes,fastq_ftp,fastq_galaxy,fastq_aspera,fastq_1,fastq_2,md5_1,md5_2,single_end,location,collection_date_year
SRR21529622,SRR21529622,WGS,8303,1162695627,PRJNA879307,SAMN30804753,807633080,ROBERT KOCH-INSTITUT,public,"fastq,sra","ncbi,s3,gs","s3.us-east-1,gs.us-east1,ncbi.public",SRX17532008,PacBio RS II,SINGLE,RANDOM,GENOMIC,Giardia duodenalis,PACBIO_SMRT,2022-10-04T00:00:00Z,P407-E2,SRP396690,2022-09-12T12:52:00Z,1,P407-E2-longReads-1,Model organism or animal,2014,Germany,Europe,Germany: Berlin,P407,,52.52 N 13.40 E,stool,,,,,,axenic,Christian Klotz,not applicable,,,,,,,,,,,,,trophozoite,,,,,,,,,,,,,,,,,,,,,,,,,,,,,,,,,,,,,,,,,,,,,,,,,,,,,,,,,,,,
SRR21529623,SRR21529623,WGS,6192,1033700952,PRJNA879307,SAMN30804752,725755803,ROBERT KOCH-INSTITUT,public,"fastq,sra","ncbi,s3,gs","s3.us-east-1,ncbi.public,gs.us-east1",SRX17532007,PacBio RS II,SINGLE,RANDOM,GENOMIC,Giardia duodenalis,PACBIO_SMRT,2022-10-04T00:00:00Z,P064-F7,SRP396690,2022-09-12T12:08:00Z,1,P064-F7-longReads-1,Model organism or animal,2011,Germany,Europe,Germany: Berlin,P064,,52.52 N 13.40 E,stool,,,,,,axenic,Christian Klotz,not applicable,,,,,,,,,,,,,trophozoite,,,,,,,,,,,,,,,,,,,,,,,,,,,,,,,,,,,,,,,,,,,,,,,,,,,,,,,,,,,,
SRR21529624,SRR21529624,WGS,6039,981429276,PRJNA879307,SAMN30804751,685948507,ROBERT KOCH-INSTITUT,public,"sra,fastq","s3,gs,ncbi","gs.us-east1,ncbi.public,s3.us-east-1",SRX17532006,PacBio RS II,SINGLE,RANDOM,GENOMIC,Giardia duodenalis,PACBIO_SMRT,2022-10-04T00:00:00Z,P458-E2,SRP396690,2022-09-12T12:43:00Z,1,P458-E2-longReads-1,Model organism or animal,2014,Germany,Europe,Germany: Berlin,P458,,52.52 N 13.40 E,stool,,,,,,axenic,Christian Klotz,not applicable,,,,,,,,,,,,,trophozoite,,,,,,,,,,,,,,,,,,,,,,,,,,,,,,,,,,,,,,,,,,,,,,,,,,,,,,,,,,,,
SRR21529625,SRR21529625,WGS,7055,920451356,PRJNA879307,SAMN30804750,648986967,ROBERT KOCH-INSTITUT,public,"sra,fastq","s3,gs,ncbi","s3.us-east-1,ncbi.public,gs.us-east1",SRX17532005,PacBio RS II,SINGLE,RANDOM,GENOMIC,Giardia duodenalis,PACBIO_SMRT,2022-10-04T00:00:00Z,P427-B2,SRP396690,2022-09-12T13:09:00Z,1,P427-B2-longReads-1,Model organism or animal,2014,Germany,Europe,Germany: Berlin,P427,,52.52 N 13.40 E,stool,,,,,,axenic,Christian Klotz,not applicable,,,,,,,,,,,,,trophozoite,,,,,,,,,,,,,,,,,,,,,,,,,,,,,,,,,,,,,,,,,,,,,,,,,,,,,,,,,,,,
SRR21529626,SRR21529626,WGS,462,302590405,PRJNA879307,SAMN30804752,194499247,ROBERT KOCH-INSTITUT,public,"fastq,run.zq,sra","s3,ncbi,gs","gs.us-east1,ncbi.public,s3.us-east-1",SRX17532004,Illumina HiSeq 2000,PAIRED,RANDOM,GENOMIC,Giardia duodenalis,ILLUMINA,2022-10-04T00:00:00Z,P064-F7,SRP396690,2022-09-12T12:04:00Z,1,P64-F7-shortReads-2,Model organism or animal,2011,Germany,Europe,Germany: Berlin,P064,,52.52 N 13.40 E,stool,,,,,,axenic,Christian Klotz,not applicable,,,,,,,,,,,,,trophozoite,,,,,,,,,,,,,,,,,,,,,,,,,,,,,,,,,,,,,,,,,,,,,,,,,,,,,,,,,,,,
SRR21529627,SRR21529627,WGS,464,1428572300,PRJNA879307,SAMN30804752,806170913,ROBERT KOCH-INSTITUT,public,"sra,run.zq,fastq","gs,ncbi,s3","ncbi.public,gs.us-east1,s3.us-east-1",SRX17532003,Illumina HiSeq 2000,PAIRED,RANDOM,GENOMIC,Giardia duodenalis,ILLUMINA,2022-10-04T00:00:00Z,P064-F7,SRP396690,2022-09-12T12:24:00Z,1,P64-F7-shortReads-1,Model organism or animal,2011,Germany,Europe,Germany: Berlin,P064,,52.52 N 13.40 E,stool,,,,,,axenic,Christian Klotz,not applicable,,,,,,,,,,,,,trophozoite,,,,,,,,,,,,,,,,,,,,,,,,,,,,,,,,,,,,,,,,,,,,,,,,,,,,,,,,,,,,
SRR21529628,SRR21529628,WGS,6318,787504514,PRJNA879307,SAMN30804749,542523108,ROBERT KOCH-INSTITUT,public,"sra,fastq","gs,s3,ncbi","ncbi.public,s3.us-east-1,gs.us-east1",SRX17532002,PacBio RS II,SINGLE,RANDOM,GENOMIC,Giardia duodenalis,PACBIO_SMRT,2022-10-04T00:00:00Z,P424-A5,SRP396690,2022-09-12T12:18:00Z,1,P424-A5-longReads-1,Model organism or animal,2014,Germany,Europe,Germany: Berlin,P424,,52.52 N 13.40 E,stool,,,,,,axenic,Christian Klotz,not applicable,,,,,,,,,,,,,trophozoite,,,,,,,,,,,,,,,,,,,,,,,,,,,,,,,,,,,,,,,,,,,,,,,,,,,,,,,,,,,,
SRR21529629,SRR21529629,WGS,398,456714896,PRJNA879307,SAMN30804751,277878457,ROBERT KOCH-INSTITUT,public,"fastq,sra,run.zq","ncbi,gs,s3","ncbi.public,gs.us-east1,s3.us-east-1",SRX17532001,Illumina HiSeq 2000,PAIRED,RANDOM,GENOMIC,Giardia duodenalis,ILLUMINA,2022-10-04T00:00:00Z,P458-E2,SRP396690,2022-09-12T12:23:00Z,1,P458-E2-shortReads-2,Model organism or animal,2014,Germany,Europe,Germany: Berlin,P458,,52.52 N 13.40 E,stool,,,,,,axenic,Christian Klotz,not applicable,,,,,,,,,,,,,trophozoite,,,,,,,,,,,,,,,,,,,,,,,,,,,,,,,,,,,,,,,,,,,,,,,,,,,,,,,,,,,,
SRR21529630,SRR21529630,WGS,402,1721379615,PRJNA879307,SAMN30804751,904154202,ROBERT KOCH-INSTITUT,public,"run.zq,fastq,sra","ncbi,gs,s3","s3.us-east-1,gs.us-east1,ncbi.public",SRX17532000,Illumina HiSeq 2000,PAIRED,RANDOM,GENOMIC,Giardia duodenalis,ILLUMINA,2022-10-04T00:00:00Z,P458-E2,SRP396690,2022-09-12T12:22:00Z,1,P458-E2-shortReads-1,Model organism or animal,2014,Germany,Europe,Germany: Berlin,P458,,52.52 N 13.40 E,stool,,,,,,axenic,Christian Klotz,not applicable,,,,,,,,,,,,,trophozoite,,,,,,,,,,,,,,,,,,,,,,,,,,,,,,,,,,,,,,,,,,,,,,,,,,,,,,,,,,,,
SRR21529631,SRR21529631,WGS,599,290920446,PRJNA879307,SAMN30804750,183485480,ROBERT KOCH-INSTITUT,public,"run.zq,sra,fastq","ncbi,s3,gs","gs.us-east1,ncbi.public,s3.us-east-1",SRX17531999,Illumina MiSeq,PAIRED,RANDOM,GENOMIC,Giardia duodenalis,ILLUMINA,2022-10-04T00:00:00Z,P427-B2,SRP396690,2022-09-12T12:08:00Z,1,P427-B2-shortReads-3,Model organism or animal,2014,Germany,Europe,Germany: Berlin,P427,,52.52 N 13.40 E,stool,,,,,,axenic,Christian Klotz,not applicable,,,,,,,,,,,,,trophozoite,,,,,,,,,,,,,,,,,,,,,,,,,,,,,,,,,,,,,,,,,,,,,,,,,,,,,,,,,,,,
SRR21529632,SRR21529632,WGS,460,435163578,PRJNA879307,SAMN30804750,272686335,ROBERT KOCH-INSTITUT,public,"fastq,run.zq,sra","gs,s3,ncbi","ncbi.public,s3.us-east-1,gs.us-east1",SRX17531998,Illumina HiSeq 2000,PAIRED,RANDOM,GENOMIC,Giardia duodenalis,ILLUMINA,2022-10-04T00:00:00Z,P427-B2,SRP396690,2022-09-12T11:59:00Z,1,P427-B2-shortReads-2,Model organism or animal,2014,Germany,Europe,Germany: Berlin,P427,,52.52 N 13.40 E,stool,,,,,,axenic,Christian Klotz,not applicable,,,,,,,,,,,,,trophozoite,,,,,,,,,,,,,,,,,,,,,,,,,,,,,,,,,,,,,,,,,,,,,,,,,,,,,,,,,,,,
SRR21529633,SRR21529633,WGS,463,1466989538,PRJNA879307,SAMN30804750,805385318,ROBERT KOCH-INSTITUT,public,"fastq,sra,run.zq","gs,ncbi,s3","gs.us-east1,s3.us-east-1,ncbi.public",SRX17531997,Illumina HiSeq 2000,PAIRED,RANDOM,GENOMIC,Giardia duodenalis,ILLUMINA,2022-10-04T00:00:00Z,P427-B2,SRP396690,2022-09-12T12:04:00Z,1,P427-B2-shortReads-1,Model organism or animal,2014,Germany,Europe,Germany: Berlin,P427,,52.52 N 13.40 E,stool,,,,,,axenic,Christian Klotz,not applicable,,,,,,,,,,,,,trophozoite,,,,,,,,,,,,,,,,,,,,,,,,,,,,,,,,,,,,,,,,,,,,,,,,,,,,,,,,,,,,
SRR21529634,SRR21529634,WGS,598,315061068,PRJNA879307,SAMN30804749,192873892,ROBERT KOCH-INSTITUT,public,"fastq,sra,run.zq","s3,ncbi,gs","gs.us-east1,ncbi.public,s3.us-east-1",SRX17531996,Illumina MiSeq,PAIRED,RANDOM,GENOMIC,Giardia duodenalis,ILLUMINA,2022-10-04T00:00:00Z,P424-A5,SRP396690,2022-09-12T12:33:00Z,1,P424-A5-shortReads-3,Model organism or animal,2014,Germany,Europe,Germany: Berlin,P424,,52.52 N 13.40 E,stool,,,,,,axenic,Christian Klotz,not applicable,,,,,,,,,,,,,trophozoite,,,,,,,,,,,,,,,,,,,,,,,,,,,,,,,,,,,,,,,,,,,,,,,,,,,,,,,,,,,,
SRR21529635,SRR21529635,WGS,502,686678106,PRJNA879307,SAMN30804749,444007028,ROBERT KOCH-INSTITUT,public,"fastq,sra,run.zq","ncbi,s3,gs","gs.us-east1,ncbi.public,s3.us-east-1",SRX17531995,Illumina HiSeq 2000,PAIRED,RANDOM,GENOMIC,Giardia duodenalis,ILLUMINA,2022-10-04T00:00:00Z,P424-A5,SRP396690,2022-09-12T12:11:00Z,1,P424-A5-shortReads-2,Model organism or animal,2014,Germany,Europe,Germany: Berlin,P424,,52.52 N 13.40 E,stool,,,,,,axenic,Christian Klotz,not applicable,,,,,,,,,,,,,trophozoite,,,,,,,,,,,,,,,,,,,,,,,,,,,,,,,,,,,,,,,,,,,,,,,,,,,,,,,,,,,,
SRR21529636,SRR21529636,WGS,504,1898442932,PRJNA879307,SAMN30804749,1076149954,ROBERT KOCH-INSTITUT,public,"sra,fastq,run.zq","s3,gs,ncbi","ncbi.public,s3.us-east-1,gs.us-east1",SRX17531994,Illumina HiSeq 2000,PAIRED,RANDOM,GENOMIC,Giardia duodenalis,ILLUMINA,2022-10-04T00:00:00Z,P424-A5,SRP396690,2022-09-12T12:11:00Z,1,P424-A5-shortReads-1,Model organism or animal,2014,Germany,Europe,Germany: Berlin,P424,,52.52 N 13.40 E,stool,,,,,,axenic,Christian Klotz,not applicable,,,,,,,,,,,,,trophozoite,,,,,,,,,,,,,,,,,,,,,,,,,,,,,,,,,,,,,,,,,,,,,,,,,,,,,,,,,,,,
SRR21529637,SRR21529637,WGS,599,533167635,PRJNA879307,SAMN30804753,332908315,ROBERT KOCH-INSTITUT,public,"sra,run.zq,fastq","ncbi,s3,gs","s3.us-east-1,gs.us-east1,ncbi.public",SRX17531993,Illumina MiSeq,PAIRED,RANDOM,GENOMIC,Giardia duodenalis,ILLUMINA,2022-10-04T00:00:00Z,P407-E2,SRP396690,2022-09-12T12:00:00Z,1,P407-E2-shortReads-3,Model organism or animal,2014,Germany,Europe,Germany: Berlin,P407,,52.52 N 13.40 E,stool,,,,,,axenic,Christian Klotz,not applicable,,,,,,,,,,,,,trophozoite,,,,,,,,,,,,,,,,,,,,,,,,,,,,,,,,,,,,,,,,,,,,,,,,,,,,,,,,,,,,
SRR21529638,SRR21529638,WGS,447,296520697,PRJNA879307,SAMN30804753,188215268,ROBERT KOCH-INSTITUT,public,"run.zq,sra,fastq","ncbi,s3,gs","gs.us-east1,ncbi.public,s3.us-east-1",SRX17531992,Illumina HiSeq 2000,PAIRED,RANDOM,GENOMIC,Giardia duodenalis,ILLUMINA,2022-10-04T00:00:00Z,P407-E2,SRP396690,2022-09-12T12:02:00Z,1,P407-E2-shortReads-2,Model organism or animal,2014,Germany,Europe,Germany: Berlin,P407,,52.52 N 13.40 E,stool,,,,,,axenic,Christian Klotz,not applicable,,,,,,,,,,,,,trophozoite,,,,,,,,,,,,,,,,,,,,,,,,,,,,,,,,,,,,,,,,,,,,,,,,,,,,,,,,,,,,
SRR21529639,SRR21529639,WGS,7762,1123045764,PRJNA879307,SAMN30804748,784130310,ROBERT KOCH-INSTITUT,public,"sra,fastq","gs,ncbi,s3","gs.us-east1,ncbi.public,s3.us-east-1",SRX17531991,PacBio RS II,SINGLE,RANDOM,GENOMIC,Giardia duodenalis,PACBIO_SMRT,2022-10-04T00:00:00Z,P392-H2,SRP396690,2022-09-12T12:25:00Z,1,P392-H2-longReads-1,Model organism or animal,2013,Germany,Europe,Germany: Berlin,P392,,52.52 N 13.40 E,stool,,,,,,axenic,Christian Klotz,not applicable,,,,,,,,,,,,,trophozoite,,,,,,,,,,,,,,,,,,,,,,,,,,,,,,,,,,,,,,,,,,,,,,,,,,,,,,,,,,,,
SRR21529640,SRR21529640,WGS,445,1454296603,PRJNA879307,SAMN30804753,806583455,ROBERT KOCH-INSTITUT,public,"run.zq,fastq,sra","s3,ncbi,gs","s3.us-east-1,ncbi.public,gs.us-east1",SRX17531990,Illumina HiSeq 2000,PAIRED,RANDOM,GENOMIC,Giardia duodenalis,ILLUMINA,2022-10-04T00:00:00Z,P407-E2,SRP396690,2022-09-12T12:17:00Z,1,P407-E2-shortReads-1,Model organism or animal,2014,Germany,Europe,Germany: Berlin,P407,,52.52 N 13.40 E,stool,,,,,,axenic,Christian Klotz,not applicable,,,,,,,,,,,,,trophozoite,,,,,,,,,,,,,,,,,,,,,,,,,,,,,,,,,,,,,,,,,,,,,,,,,,,,,,,,,,,,
SRR21529641,SRR21529641,WGS,598,587122420,PRJNA879307,SAMN30804748,356187448,ROBERT KOCH-INSTITUT,public,"sra,fastq,run.zq","ncbi,s3,gs","ncbi.public,s3.us-east-1,gs.us-east1",SRX17531989,Illumina MiSeq,PAIRED,RANDOM,GENOMIC,Giardia duodenalis,ILLUMINA,2022-10-04T00:00:00Z,P392-H2,SRP396690,2022-09-12T12:29:00Z,1,P392-H2-shortReads-3,Model organism or animal,2013,Germany,Europe,Germany: Berlin,P392,,52.52 N 13.40 E,stool,,,,,,axenic,Christian Klotz,not applicable,,,,,,,,,,,,,trophozoite,,,,,,,,,,,,,,,,,,,,,,,,,,,,,,,,,,,,,,,,,,,,,,,,,,,,,,,,,,,,
SRR21529642,SRR21529642,WGS,462,311769372,PRJNA879307,SAMN30804748,196123128,ROBERT KOCH-INSTITUT,public,"run.zq,fastq,sra","s3,gs,ncbi","s3.us-east-1,ncbi.public,gs.us-east1",SRX17531988,Illumina HiSeq 2000,PAIRED,RANDOM,GENOMIC,Giardia duodenalis,ILLUMINA,2022-10-04T00:00:00Z,P392-H2,SRP396690,2022-09-12T12:02:00Z,1,P392-H2-shortReads-2,Model organism or animal,2013,Germany,Europe,Germany: Berlin,P392,,52.52 N 13.40 E,stool,,,,,,axenic,Christian Klotz,not applicable,,,,,,,,,,,,,trophozoite,,,,,,,,,,,,,,,,,,,,,,,,,,,,,,,,,,,,,,,,,,,,,,,,,,,,,,,,,,,,
SRR21529643,SRR21529643,WGS,462,1455086095,PRJNA879307,SAMN30804748,802418221,ROBERT KOCH-INSTITUT,public,"run.zq,sra,fastq","s3,gs,ncbi","s3.us-east-1,ncbi.public,gs.us-east1",SRX17531987,Illumina HiSeq 2000,PAIRED,RANDOM,GENOMIC,Giardia duodenalis,ILLUMINA,2022-10-04T00:00:00Z,P392-H2,SRP396690,2022-09-12T12:02:00Z,1,P392-H2-shortReads-1,Model organism or animal,2013,Germany,Europe,Germany: Berlin,P392,,52.52 N 13.40 E,stool,,,,,,axenic,Christian Klotz,not applicable,,,,,,,,,,,,,trophozoite,,,,,,,,,,,,,,,,,,,,,,,,,,,,,,,,,,,,,,,,,,,,,,,,,,,,,,,,,,,,
SRR21529644,SRR21529644,WGS,598,561181122,PRJNA879307,SAMN30804747,347322961,ROBERT KOCH-INSTITUT,public,"run.zq,sra,fastq","ncbi,s3,gs","gs.us-east1,s3.us-east-1,ncbi.public",SRX17531986,Illumina MiSeq,PAIRED,RANDOM,GENOMIC,Giardia duodenalis,ILLUMINA,2022-10-04T00:00:00Z,P387-C1,SRP396690,2022-09-12T12:58:00Z,1,P387-C1-shortReads-3,Model organism or animal,2013,Germany,Europe,Germany: Berlin,P387,,52.52 N 13.40 E,stool,,,,,,axenic,Christian Klotz,not applicable,,,,,,,,,,,,,trophozoite,,,,,,,,,,,,,,,,,,,,,,,,,,,,,,,,,,,,,,,,,,,,,,,,,,,,,,,,,,,,
SRR21529645,SRR21529645,WGS,457,620816259,PRJNA879307,SAMN30804747,392690407,ROBERT KOCH-INSTITUT,public,"fastq,run.zq,sra","ncbi,s3,gs","ncbi.public,s3.us-east-1,gs.us-east1",SRX17531985,Illumina HiSeq 2000,PAIRED,RANDOM,GENOMIC,Giardia duodenalis,ILLUMINA,2022-10-04T00:00:00Z,P387-C1,SRP396690,2022-09-12T12:30:00Z,1,P387-C1-shortReads-2,Model organism or animal,2013,Germany,Europe,Germany: Berlin,P387,,52.52 N 13.40 E,stool,,,,,,axenic,Christian Klotz,not applicable,,,,,,,,,,,,,trophozoite,,,,,,,,,,,,,,,,,,,,,,,,,,,,,,,,,,,,,,,,,,,,,,,,,,,,,,,,,,,,
SRR21529646,SRR21529646,WGS,455,1147852852,PRJNA879307,SAMN30804747,632063387,ROBERT KOCH-INSTITUT,public,"run.zq,sra,fastq","ncbi,gs,s3","ncbi.public,gs.us-east1,s3.us-east-1",SRX17531984,Illumina HiSeq 2000,PAIRED,RANDOM,GENOMIC,Giardia duodenalis,ILLUMINA,2022-10-04T00:00:00Z,P387-C1,SRP396690,2022-09-12T12:19:00Z,1,P387-C1-shortReads-1,Model organism or animal,2013,Germany,Europe,Germany: Berlin,P387,,52.52 N 13.40 E,stool,,,,,,axenic,Christian Klotz,not applicable,,,,,,,,,,,,,trophozoite,,,,,,,,,,,,,,,,,,,,,,,,,,,,,,,,,,,,,,,,,,,,,,,,,,,,,,,,,,,,
SRR21529647,SRR21529647,WGS,597,358991816,PRJNA879307,SAMN30804746,222309092,ROBERT KOCH-INSTITUT,public,"sra,run.zq,fastq","gs,ncbi,s3","ncbi.public,s3.us-east-1,gs.us-east1",SRX17531983,Illumina MiSeq,PAIRED,RANDOM,GENOMIC,Giardia duodenalis,ILLUMINA,2022-10-04T00:00:00Z,P344-B2,SRP396690,2022-09-12T12:02:00Z,1,P344-B2-shortReads-3,Model organism or animal,2013,Germany,Europe,Germany: Berlin,P344,,52.52 N 13.40 E,stool,,,,,,axenic,Christian Klotz,not applicable,,,,,,,,,,,,,trophozoite,,,,,,,,,,,,,,,,,,,,,,,,,,,,,,,,,,,,,,,,,,,,,,,,,,,,,,,,,,,,
SRR21529648,SRR21529648,WGS,474,294018595,PRJNA879307,SAMN30804746,187129115,ROBERT KOCH-INSTITUT,public,"run.zq,sra,fastq","ncbi,s3,gs","gs.us-east1,ncbi.public,s3.us-east-1",SRX17531982,Illumina HiSeq 2000,PAIRED,RANDOM,GENOMIC,Giardia duodenalis,ILLUMINA,2022-10-04T00:00:00Z,P344-B2,SRP396690,2022-09-12T12:01:00Z,1,P344-B2-shortReads-2,Model organism or animal,2013,Germany,Europe,Germany: Berlin,P344,,52.52 N 13.40 E,stool,,,,,,axenic,Christian Klotz,not applicable,,,,,,,,,,,,,trophozoite,,,,,,,,,,,,,,,,,,,,,,,,,,,,,,,,,,,,,,,,,,,,,,,,,,,,,,,,,,,,
SRR21529649,SRR21529649,WGS,474,1299963175,PRJNA879307,SAMN30804746,726728121,ROBERT KOCH-INSTITUT,public,"fastq,run.zq,sra","gs,ncbi,s3","s3.us-east-1,ncbi.public,gs.us-east1",SRX17531981,Illumina HiSeq 2000,PAIRED,RANDOM,GENOMIC,Giardia duodenalis,ILLUMINA,2022-10-04T00:00:00Z,P344-B2,SRP396690,2022-09-12T12:14:00Z,1,P344-B2-shortReads-1,Model organism or animal,2013,Germany,Europe,Germany: Berlin,P344,,52.52 N 13.40 E,stool,,,,,,axenic,Christian Klotz,not applicable,,,,,,,,,,,,,trophozoite,,,,,,,,,,,,,,,,,,,,,,,,,,,,,,,,,,,,,,,,,,,,,,,,,,,,,,,,,,,,
SRR21529650,SRR21529650,WGS,6307,648696164,PRJNA879307,SAMN30804747,459039015,ROBERT KOCH-INSTITUT,public,"sra,fastq","s3,ncbi,gs","ncbi.public,gs.us-east1,s3.us-east-1",SRX17531980,PacBio RS II,SINGLE,RANDOM,GENOMIC,Giardia duodenalis,PACBIO_SMRT,2022-10-04T00:00:00Z,P387-C1,SRP396690,2022-09-12T12:18:00Z,1,P387-C1-longReads-1,Model organism or animal,2013,Germany,Europe,Germany: Berlin,P387,,52.52 N 13.40 E,stool,,,,,,axenic,Christian Klotz,not applicable,,,,,,,,,,,,,trophozoite,,,,,,,,,,,,,,,,,,,,,,,,,,,,,,,,,,,,,,,,,,,,,,,,,,,,,,,,,,,,
SRR21529651,SRR21529651,WGS,8268,1120669167,PRJNA879307,SAMN30804746,789641838,ROBERT KOCH-INSTITUT,public,"sra,fastq","ncbi,gs,s3","s3.us-east-1,ncbi.public,gs.us-east1",SRX17531979,PacBio RS II,SINGLE,RANDOM,GENOMIC,Giardia duodenalis,PACBIO_SMRT,2022-10-04T00:00:00Z,P344-B2,SRP396690,2022-09-12T12:16:00Z,1,P344-B2-longReads-1,Model organism or animal,2013,Germany,Europe,Germany: Berlin,P344,,52.52 N 13.40 E,stool,,,,,,axenic,Christian Klotz,not applicable,,,,,,,,,,,,,trophozoite,,,,,,,,,,,,,,,,,,,,,,,,,,,,,,,,,,,,,,,,,,,,,,,,,,,,,,,,,,,,
SRR21529620,SRR21529620,WGS,302,6856791616,PRJNA879307,SAMN30804754,2922382294,ROBERT KOCH-INSTITUT,public,"run.zq,fastq,sra","gs,s3,ncbi","gs.us-east1,s3.us-east-1,ncbi.public",SRX17532010,Illumina HiSeq 4000,PAIRED,RANDOM,GENOMIC,Giardia duodenalis,ILLUMINA,2022-10-04T00:00:00Z,KO188,SRP396690,2022-09-12T12:28:00Z,1,KO188-shortReads-1,Model organism or animal,1992-02-26,Czech Republic,Europe,Czech Republic: Prague,KO188,,50.10 N 14.44 E,stool,,,,,,axenic,Eva Nohynkova,not applicable,,,,,,,,,,,,,trophozoite,,,,,,,,,,,,,,,,,,,,,,,,,,,,,,,,,,,,,,,,,,,,,,,,,,,,,,,,,,,,
SRR21529621,SRR21529621,WGS,8544,1210519804,PRJNA879307,SAMN30804754,843889907,ROBERT KOCH-INSTITUT,public,"fastq,sra","gs,s3,ncbi","s3.us-east-1,gs.us-east1,ncbi.public",SRX17532009,PacBio RS II,SINGLE,RANDOM,GENOMIC,Giardia duodenalis,PACBIO_SMRT,2022-10-04T00:00:00Z,KO188,SRP396690,2022-09-12T12:47:00Z,1,KO188-longReads-1,Model organism or animal,1992-02-26,Czech Republic,Europe,Czech Republic: Prague,KO188,,50.10 N 14.44 E,stool,,,,,,axenic,Eva Nohynkova,not applicable,,,,,,,,,,,,,trophozoite,,,,,,,,,,,,,,,,,,,,,,,,,,,,,,,,,,,,,,,,,,,,,,,,,,,,,,,,,,,,
ERR311174,ERR311174,WGS,,1560996200,PRJEB3213,SAMEA2018796,699009116;748681566,submitted by Wellcome Sanger Institute ,,,,,ERX284455,Illumina HiSeq 2000,PAIRED,RANDOM,GENOMIC,Giardia intestinalis,ILLUMINA,,SC_RUN_8441_8#5,ERP001716,,,5742483,,unknown,unknown,unknown,unknown,SC_EXP_8441_8#5,,,,,,,,,,,,,,,,,,,,,,,,,,,,,,,,,,,,,,,,,,,,,,,,,,,,,,,,,,,,,,,,,,,,ERX284455_ERR311174,ERP001716,,ERA237528,7804981,41fa55e6f45be1f7ca1aa60d26a645fe;9981e20cdc9f34216b4342955a261aaa,699009116;748681566,ftp.sra.ebi.ac.uk/vol1/fastq/ERR311/ERR311174/ERR311174_1.fastq.gz;ftp.sra.ebi.ac.uk/vol1/fastq/ERR311/ERR311174/ERR311174_2.fastq.gz,ftp.sra.ebi.ac.uk/vol1/fastq/ERR311/ERR311174/ERR311174_1.fastq.gz;ftp.sra.ebi.ac.uk/vol1/fastq/ERR311/ERR311174/ERR311174_2.fastq.gz,fasp.sra.ebi.ac.uk:/vol1/fastq/ERR311/ERR311174/ERR311174_1.fastq.gz;fasp.sra.ebi.ac.uk:/vol1/fastq/ERR311/ERR311174/ERR311174_2.fastq.gz,ftp.sra.ebi.ac.uk/vol1/fastq/ERR311/ERR311174/ERR311174_1.fastq.gz,ftp.sra.ebi.ac.uk/vol1/fastq/ERR311/ERR311174/ERR311174_2.fastq.gz,41fa55e6f45be1f7ca1aa60d26a645fe,9981e20cdc9f34216b4342955a261aaa,FALSE,unknown,unknown
ERR311175,ERR311175,WGS,,1417145800,PRJEB3213,SAMEA2018552,632451252;676024970,submitted by Wellcome Sanger Institute ,,,,,ERX284456,Illumina HiSeq 2000,PAIRED,RANDOM,GENOMIC,Giardia intestinalis,ILLUMINA,,SC_RUN_8441_8#6,ERP001716,,,5742484,,unknown,unknown,unknown,unknown,SC_EXP_8441_8#6,,,,,,,,,,,,,,,,,,,,,,,,,,,,,,,,,,,,,,,,,,,,,,,,,,,,,,,,,,,,,,,,,,,,ERX284456_ERR311175,ERP001716,,ERA237528,7085729,c29f2f8cb1428140365b310d1fab6227;0c7f545d2994aa6bc2397f8560095509,632451252;676024970,ftp.sra.ebi.ac.uk/vol1/fastq/ERR311/ERR311175/ERR311175_1.fastq.gz;ftp.sra.ebi.ac.uk/vol1/fastq/ERR311/ERR311175/ERR311175_2.fastq.gz,ftp.sra.ebi.ac.uk/vol1/fastq/ERR311/ERR311175/ERR311175_1.fastq.gz;ftp.sra.ebi.ac.uk/vol1/fastq/ERR311/ERR311175/ERR311175_2.fastq.gz,fasp.sra.ebi.ac.uk:/vol1/fastq/ERR311/ERR311175/ERR311175_1.fastq.gz;fasp.sra.ebi.ac.uk:/vol1/fastq/ERR311/ERR311175/ERR311175_2.fastq.gz,ftp.sra.ebi.ac.uk/vol1/fastq/ERR311/ERR311175/ERR311175_1.fastq.gz,ftp.sra.ebi.ac.uk/vol1/fastq/ERR311/ERR311175/ERR311175_2.fastq.gz,c29f2f8cb1428140365b310d1fab6227,0c7f545d2994aa6bc2397f8560095509,FALSE,unknown,unknown
ERR311176,ERR311176,WGS,,550728000,PRJEB3213,SAMEA2020285,240667395;256985268,submitted by Wellcome Sanger Institute ,,,,,ERX284457,Illumina HiSeq 2000,PAIRED,RANDOM,GENOMIC,Giardia intestinalis,ILLUMINA,,SC_RUN_8441_8#7,ERP001716,,,5742485,,unknown,unknown,unknown,unknown,SC_EXP_8441_8#7,,,,,,,,,,,,,,,,,,,,,,,,,,,,,,,,,,,,,,,,,,,,,,,,,,,,,,,,,,,,,,,,,,,,ERX284457_ERR311176,ERP001716,,ERA237528,2753640,c9bf782d6c6a03f5a6bc9e7deb663e95;03dc9e91c8bbd9678465121fec594a1c,240667395;256985268,ftp.sra.ebi.ac.uk/vol1/fastq/ERR311/ERR311176/ERR311176_1.fastq.gz;ftp.sra.ebi.ac.uk/vol1/fastq/ERR311/ERR311176/ERR311176_2.fastq.gz,ftp.sra.ebi.ac.uk/vol1/fastq/ERR311/ERR311176/ERR311176_1.fastq.gz;ftp.sra.ebi.ac.uk/vol1/fastq/ERR311/ERR311176/ERR311176_2.fastq.gz,fasp.sra.ebi.ac.uk:/vol1/fastq/ERR311/ERR311176/ERR311176_1.fastq.gz;fasp.sra.ebi.ac.uk:/vol1/fastq/ERR311/ERR311176/ERR311176_2.fastq.gz,ftp.sra.ebi.ac.uk/vol1/fastq/ERR311/ERR311176/ERR311176_1.fastq.gz,ftp.sra.ebi.ac.uk/vol1/fastq/ERR311/ERR311176/ERR311176_2.fastq.gz,c9bf782d6c6a03f5a6bc9e7deb663e95,03dc9e91c8bbd9678465121fec594a1c,FALSE,unknown,unknown
ERR311179,ERR311179,WGS,,1181564000,PRJEB3213,SAMEA2020286,524030166;559542910,submitted by Wellcome Sanger Institute ,,,,,ERX284460,Illumina HiSeq 2000,PAIRED,RANDOM,GENOMIC,Giardia intestinalis,ILLUMINA,,SC_RUN_8441_8#10,ERP001716,,,5742488,,unknown,unknown,unknown,unknown,SC_EXP_8441_8#10,,,,,,,,,,,,,,,,,,,,,,,,,,,,,,,,,,,,,,,,,,,,,,,,,,,,,,,,,,,,,,,,,,,,ERX284460_ERR311179,ERP001716,,ERA237528,5907820,98f34d60b460ffa0212322c5583c2797;b4c89039a936a22889642cb2930995bb,524030166;559542910,ftp.sra.ebi.ac.uk/vol1/fastq/ERR311/ERR311179/ERR311179_1.fastq.gz;ftp.sra.ebi.ac.uk/vol1/fastq/ERR311/ERR311179/ERR311179_2.fastq.gz,ftp.sra.ebi.ac.uk/vol1/fastq/ERR311/ERR311179/ERR311179_1.fastq.gz;ftp.sra.ebi.ac.uk/vol1/fastq/ERR311/ERR311179/ERR311179_2.fastq.gz,fasp.sra.ebi.ac.uk:/vol1/fastq/ERR311/ERR311179/ERR311179_1.fastq.gz;fasp.sra.ebi.ac.uk:/vol1/fastq/ERR311/ERR311179/ERR311179_2.fastq.gz,ftp.sra.ebi.ac.uk/vol1/fastq/ERR311/ERR311179/ERR311179_1.fastq.gz,ftp.sra.ebi.ac.uk/vol1/fastq/ERR311/ERR311179/ERR311179_2.fastq.gz,98f34d60b460ffa0212322c5583c2797,b4c89039a936a22889642cb2930995bb,FALSE,unknown,unknown
ERR311184,ERR311184,WGS,,1612495200,PRJEB3213,SAMEA2018676,704429263;749736186,submitted by Wellcome Sanger Institute ,,,,,ERX284465,Illumina HiSeq 2000,PAIRED,RANDOM,GENOMIC,Giardia intestinalis,ILLUMINA,,SC_RUN_8441_8#15,ERP001716,,,5742493,,unknown,unknown,unknown,unknown,SC_EXP_8441_8#15,,,,,,,,,,,,,,,,,,,,,,,,,,,,,,,,,,,,,,,,,,,,,,,,,,,,,,,,,,,,,,,,,,,,ERX284465_ERR311184,ERP001716,,ERA237528,8062476,b0af72cd44b14e583d5aeab3aa0d5b94;3e72d7c0c5cd7fe59e00f69b0479ee1b,704429263;749736186,ftp.sra.ebi.ac.uk/vol1/fastq/ERR311/ERR311184/ERR311184_1.fastq.gz;ftp.sra.ebi.ac.uk/vol1/fastq/ERR311/ERR311184/ERR311184_2.fastq.gz,ftp.sra.ebi.ac.uk/vol1/fastq/ERR311/ERR311184/ERR311184_1.fastq.gz;ftp.sra.ebi.ac.uk/vol1/fastq/ERR311/ERR311184/ERR311184_2.fastq.gz,fasp.sra.ebi.ac.uk:/vol1/fastq/ERR311/ERR311184/ERR311184_1.fastq.gz;fasp.sra.ebi.ac.uk:/vol1/fastq/ERR311/ERR311184/ERR311184_2.fastq.gz,ftp.sra.ebi.ac.uk/vol1/fastq/ERR311/ERR311184/ERR311184_1.fastq.gz,ftp.sra.ebi.ac.uk/vol1/fastq/ERR311/ERR311184/ERR311184_2.fastq.gz,b0af72cd44b14e583d5aeab3aa0d5b94,3e72d7c0c5cd7fe59e00f69b0479ee1b,FALSE,unknown,unknown
ERR311185,ERR311185,WGS,,777974400,PRJEB3213,SAMEA2035758,312973719;339268726,submitted by Wellcome Sanger Institute ,,,,,ERX284466,Illumina MiSeq,PAIRED,RANDOM,GENOMIC,Giardia intestinalis,ILLUMINA,,SC_RUN_8945_1#1,ERP001716,,,6141433,,unknown,unknown,unknown,unknown,SC_EXP_8945_1#1,,,,,,,,,,,,,,,,,,,,,,,,,,,,,,,,,,,,,,,,,,,,,,,,,,,,,,,,,,,,,,,,,,,,ERX284466_ERR311185,ERP001716,,ERA237528,2593248,e49fa80dc8cfaf2a978eed4084599c2f;2a08fab76aa299fe9b67c72428cb10f0,312973719;339268726,ftp.sra.ebi.ac.uk/vol1/fastq/ERR311/ERR311185/ERR311185_1.fastq.gz;ftp.sra.ebi.ac.uk/vol1/fastq/ERR311/ERR311185/ERR311185_2.fastq.gz,ftp.sra.ebi.ac.uk/vol1/fastq/ERR311/ERR311185/ERR311185_1.fastq.gz;ftp.sra.ebi.ac.uk/vol1/fastq/ERR311/ERR311185/ERR311185_2.fastq.gz,fasp.sra.ebi.ac.uk:/vol1/fastq/ERR311/ERR311185/ERR311185_1.fastq.gz;fasp.sra.ebi.ac.uk:/vol1/fastq/ERR311/ERR311185/ERR311185_2.fastq.gz,ftp.sra.ebi.ac.uk/vol1/fastq/ERR311/ERR311185/ERR311185_1.fastq.gz,ftp.sra.ebi.ac.uk/vol1/fastq/ERR311/ERR311185/ERR311185_2.fastq.gz,e49fa80dc8cfaf2a978eed4084599c2f,2a08fab76aa299fe9b67c72428cb10f0,FALSE,unknown,unknown
ERR311186,ERR311186,WGS,,923963100,PRJEB3213,SAMEA1971072,372864414;413735832,submitted by Wellcome Sanger Institute ,,,,,ERX284467,Illumina MiSeq,PAIRED,RANDOM,GENOMIC,Giardia intestinalis,ILLUMINA,,SC_RUN_8945_1#2,ERP001716,,,6141434,,unknown,unknown,unknown,unknown,SC_EXP_8945_1#2,,,,,,,,,,,,,,,,,,,,,,,,,,,,,,,,,,,,,,,,,,,,,,,,,,,,,,,,,,,,,,,,,,,,ERX284467_ERR311186,ERP001716,,ERA237528,3079877,cb46971662ee0951b9d83bf7ba318117;323eb2f868c92a219e9172b7a36cef36,372864414;413735832,ftp.sra.ebi.ac.uk/vol1/fastq/ERR311/ERR311186/ERR311186_1.fastq.gz;ftp.sra.ebi.ac.uk/vol1/fastq/ERR311/ERR311186/ERR311186_2.fastq.gz,ftp.sra.ebi.ac.uk/vol1/fastq/ERR311/ERR311186/ERR311186_1.fastq.gz;ftp.sra.ebi.ac.uk/vol1/fastq/ERR311/ERR311186/ERR311186_2.fastq.gz,fasp.sra.ebi.ac.uk:/vol1/fastq/ERR311/ERR311186/ERR311186_1.fastq.gz;fasp.sra.ebi.ac.uk:/vol1/fastq/ERR311/ERR311186/ERR311186_2.fastq.gz,ftp.sra.ebi.ac.uk/vol1/fastq/ERR311/ERR311186/ERR311186_1.fastq.gz,ftp.sra.ebi.ac.uk/vol1/fastq/ERR311/ERR311186/ERR311186_2.fastq.gz,cb46971662ee0951b9d83bf7ba318117,323eb2f868c92a219e9172b7a36cef36,FALSE,unknown,unknown
ERR311187,ERR311187,WGS,,553985400,PRJEB3213,SAMEA2033331,226473816;245920481,submitted by Wellcome Sanger Institute ,,,,,ERX284468,Illumina MiSeq,PAIRED,RANDOM,GENOMIC,Giardia intestinalis,ILLUMINA,,SC_RUN_8945_1#3,ERP001716,,,6141435,,unknown,unknown,unknown,unknown,SC_EXP_8945_1#3,,,,,,,,,,,,,,,,,,,,,,,,,,,,,,,,,,,,,,,,,,,,,,,,,,,,,,,,,,,,,,,,,,,,ERX284468_ERR311187,ERP001716,,ERA237528,1846618,89d92991ffa9b02e891dd68d90d8268d;77c706dfc745f8f2942b6c1ca1f55586,226473816;245920481,ftp.sra.ebi.ac.uk/vol1/fastq/ERR311/ERR311187/ERR311187_1.fastq.gz;ftp.sra.ebi.ac.uk/vol1/fastq/ERR311/ERR311187/ERR311187_2.fastq.gz,ftp.sra.ebi.ac.uk/vol1/fastq/ERR311/ERR311187/ERR311187_1.fastq.gz;ftp.sra.ebi.ac.uk/vol1/fastq/ERR311/ERR311187/ERR311187_2.fastq.gz,fasp.sra.ebi.ac.uk:/vol1/fastq/ERR311/ERR311187/ERR311187_1.fastq.gz;fasp.sra.ebi.ac.uk:/vol1/fastq/ERR311/ERR311187/ERR311187_2.fastq.gz,ftp.sra.ebi.ac.uk/vol1/fastq/ERR311/ERR311187/ERR311187_1.fastq.gz,ftp.sra.ebi.ac.uk/vol1/fastq/ERR311/ERR311187/ERR311187_2.fastq.gz,89d92991ffa9b02e891dd68d90d8268d,77c706dfc745f8f2942b6c1ca1f55586,FALSE,unknown,unknown
ERR311188,ERR311188,WGS,,617016600,PRJEB3213,SAMEA2035757,244528597;262857844,submitted by Wellcome Sanger Institute ,,,,,ERX284469,Illumina MiSeq,PAIRED,RANDOM,GENOMIC,Giardia intestinalis,ILLUMINA,,SC_RUN_8945_1#4,ERP001716,,,6141436,,unknown,unknown,unknown,unknown,SC_EXP_8945_1#4,,,,,,,,,,,,,,,,,,,,,,,,,,,,,,,,,,,,,,,,,,,,,,,,,,,,,,,,,,,,,,,,,,,,ERX284469_ERR311188,ERP001716,,ERA237528,2056722,fe14687ce2a9f05fa27df2922ee35feb;0d150bf4270b32f40d7441ffae6115d1,244528597;262857844,ftp.sra.ebi.ac.uk/vol1/fastq/ERR311/ERR311188/ERR311188_1.fastq.gz;ftp.sra.ebi.ac.uk/vol1/fastq/ERR311/ERR311188/ERR311188_2.fastq.gz,ftp.sra.ebi.ac.uk/vol1/fastq/ERR311/ERR311188/ERR311188_1.fastq.gz;ftp.sra.ebi.ac.uk/vol1/fastq/ERR311/ERR311188/ERR311188_2.fastq.gz,fasp.sra.ebi.ac.uk:/vol1/fastq/ERR311/ERR311188/ERR311188_1.fastq.gz;fasp.sra.ebi.ac.uk:/vol1/fastq/ERR311/ERR311188/ERR311188_2.fastq.gz,ftp.sra.ebi.ac.uk/vol1/fastq/ERR311/ERR311188/ERR311188_1.fastq.gz,ftp.sra.ebi.ac.uk/vol1/fastq/ERR311/ERR311188/ERR311188_2.fastq.gz,fe14687ce2a9f05fa27df2922ee35feb,0d150bf4270b32f40d7441ffae6115d1,FALSE,unknown,unknown
ERR311189,ERR311189,WGS,,763239600,PRJEB3213,SAMEA2033330,305563881;334996778,submitted by Wellcome Sanger Institute ,,,,,ERX284470,Illumina MiSeq,PAIRED,RANDOM,GENOMIC,Giardia intestinalis,ILLUMINA,,SC_RUN_8945_1#5,ERP001716,,,6141437,,unknown,unknown,unknown,unknown,SC_EXP_8945_1#5,,,,,,,,,,,,,,,,,,,,,,,,,,,,,,,,,,,,,,,,,,,,,,,,,,,,,,,,,,,,,,,,,,,,ERX284470_ERR311189,ERP001716,,ERA237528,2544132,c28c203939ff0133548a1cbb4efb82aa;5661fa2869c97214fb1b1d9875cbcb9c,305563881;334996778,ftp.sra.ebi.ac.uk/vol1/fastq/ERR311/ERR311189/ERR311189_1.fastq.gz;ftp.sra.ebi.ac.uk/vol1/fastq/ERR311/ERR311189/ERR311189_2.fastq.gz,ftp.sra.ebi.ac.uk/vol1/fastq/ERR311/ERR311189/ERR311189_1.fastq.gz;ftp.sra.ebi.ac.uk/vol1/fastq/ERR311/ERR311189/ERR311189_2.fastq.gz,fasp.sra.ebi.ac.uk:/vol1/fastq/ERR311/ERR311189/ERR311189_1.fastq.gz;fasp.sra.ebi.ac.uk:/vol1/fastq/ERR311/ERR311189/ERR311189_2.fastq.gz,ftp.sra.ebi.ac.uk/vol1/fastq/ERR311/ERR311189/ERR311189_1.fastq.gz,ftp.sra.ebi.ac.uk/vol1/fastq/ERR311/ERR311189/ERR311189_2.fastq.gz,c28c203939ff0133548a1cbb4efb82aa,5661fa2869c97214fb1b1d9875cbcb9c,FALSE,unknown,unknown
ERR311190,ERR311190,WGS,,543245700,PRJEB3213,SAMEA2057584,175895912;198988775,submitted by Wellcome Sanger Institute ,,,,,ERX284471,Illumina MiSeq,PAIRED,RANDOM,GENOMIC,Giardia intestinalis,ILLUMINA,,SC_RUN_9731_1#1,ERP001716,,,7144457,,unknown,unknown,unknown,unknown,SC_EXP_9731_1#1,,,,,,,,,,,,,,,,,,,,,,,,,,,,,,,,,,,,,,,,,,,,,,,,,,,,,,,,,,,,,,,,,,,,ERX284471_ERR311190,ERP001716,,ERA237528,1810819,7348228b5e574a8a58d06771e495ad39;a9f8ab1653730ec5ae30306452a1e00b,175895912;198988775,ftp.sra.ebi.ac.uk/vol1/fastq/ERR311/ERR311190/ERR311190_1.fastq.gz;ftp.sra.ebi.ac.uk/vol1/fastq/ERR311/ERR311190/ERR311190_2.fastq.gz,ftp.sra.ebi.ac.uk/vol1/fastq/ERR311/ERR311190/ERR311190_1.fastq.gz;ftp.sra.ebi.ac.uk/vol1/fastq/ERR311/ERR311190/ERR311190_2.fastq.gz,fasp.sra.ebi.ac.uk:/vol1/fastq/ERR311/ERR311190/ERR311190_1.fastq.gz;fasp.sra.ebi.ac.uk:/vol1/fastq/ERR311/ERR311190/ERR311190_2.fastq.gz,ftp.sra.ebi.ac.uk/vol1/fastq/ERR311/ERR311190/ERR311190_1.fastq.gz,ftp.sra.ebi.ac.uk/vol1/fastq/ERR311/ERR311190/ERR311190_2.fastq.gz,7348228b5e574a8a58d06771e495ad39,a9f8ab1653730ec5ae30306452a1e00b,FALSE,unknown,unknown
ERR311191,ERR311191,WGS,,460713000,PRJEB3213,SAMEA2057585,151829616;182672866,submitted by Wellcome Sanger Institute ,,,,,ERX284472,Illumina MiSeq,PAIRED,RANDOM,GENOMIC,Giardia intestinalis,ILLUMINA,,SC_RUN_9731_1#2,ERP001716,,,7144458,,unknown,unknown,unknown,unknown,SC_EXP_9731_1#2,,,,,,,,,,,,,,,,,,,,,,,,,,,,,,,,,,,,,,,,,,,,,,,,,,,,,,,,,,,,,,,,,,,,ERX284472_ERR311191,ERP001716,,ERA237528,1535710,39787cfa2dd39718f54b5478e64f0df6;fa5f4deccbc6eda6026486104773c70f,151829616;182672866,ftp.sra.ebi.ac.uk/vol1/fastq/ERR311/ERR311191/ERR311191_1.fastq.gz;ftp.sra.ebi.ac.uk/vol1/fastq/ERR311/ERR311191/ERR311191_2.fastq.gz,ftp.sra.ebi.ac.uk/vol1/fastq/ERR311/ERR311191/ERR311191_1.fastq.gz;ftp.sra.ebi.ac.uk/vol1/fastq/ERR311/ERR311191/ERR311191_2.fastq.gz,fasp.sra.ebi.ac.uk:/vol1/fastq/ERR311/ERR311191/ERR311191_1.fastq.gz;fasp.sra.ebi.ac.uk:/vol1/fastq/ERR311/ERR311191/ERR311191_2.fastq.gz,ftp.sra.ebi.ac.uk/vol1/fastq/ERR311/ERR311191/ERR311191_1.fastq.gz,ftp.sra.ebi.ac.uk/vol1/fastq/ERR311/ERR311191/ERR311191_2.fastq.gz,39787cfa2dd39718f54b5478e64f0df6,fa5f4deccbc6eda6026486104773c70f,FALSE,unknown,unknown
ERR311192,ERR311192,WGS,,383862600,PRJEB3213,SAMEA2057586,128847000;148390979,submitted by Wellcome Sanger Institute ,,,,,ERX284473,Illumina MiSeq,PAIRED,RANDOM,GENOMIC,Giardia intestinalis,ILLUMINA,,SC_RUN_9731_1#3,ERP001716,,,7144459,,unknown,unknown,unknown,unknown,SC_EXP_9731_1#3,,,,,,,,,,,,,,,,,,,,,,,,,,,,,,,,,,,,,,,,,,,,,,,,,,,,,,,,,,,,,,,,,,,,ERX284473_ERR311192,ERP001716,,ERA237528,1279542,39b6cdc41ff47fde1aac985ef1859040;d73b8b1a4cf5cd8e89c27546bc5ffb39,128847000;148390979,ftp.sra.ebi.ac.uk/vol1/fastq/ERR311/ERR311192/ERR311192_1.fastq.gz;ftp.sra.ebi.ac.uk/vol1/fastq/ERR311/ERR311192/ERR311192_2.fastq.gz,ftp.sra.ebi.ac.uk/vol1/fastq/ERR311/ERR311192/ERR311192_1.fastq.gz;ftp.sra.ebi.ac.uk/vol1/fastq/ERR311/ERR311192/ERR311192_2.fastq.gz,fasp.sra.ebi.ac.uk:/vol1/fastq/ERR311/ERR311192/ERR311192_1.fastq.gz;fasp.sra.ebi.ac.uk:/vol1/fastq/ERR311/ERR311192/ERR311192_2.fastq.gz,ftp.sra.ebi.ac.uk/vol1/fastq/ERR311/ERR311192/ERR311192_1.fastq.gz,ftp.sra.ebi.ac.uk/vol1/fastq/ERR311/ERR311192/ERR311192_2.fastq.gz,39b6cdc41ff47fde1aac985ef1859040,d73b8b1a4cf5cd8e89c27546bc5ffb39,FALSE,unknown,unknown
ERR311193,ERR311193,WGS,,505570800,PRJEB3213,SAMEA2057587,165354504;187981207,submitted by Wellcome Sanger Institute ,,,,,ERX284474,Illumina MiSeq,PAIRED,RANDOM,GENOMIC,Giardia intestinalis,ILLUMINA,,SC_RUN_9731_1#4,ERP001716,,,7144460,,unknown,unknown,unknown,unknown,SC_EXP_9731_1#4,,,,,,,,,,,,,,,,,,,,,,,,,,,,,,,,,,,,,,,,,,,,,,,,,,,,,,,,,,,,,,,,,,,,ERX284474_ERR311193,ERP001716,,ERA237528,1685236,4a80562dec04a95795f820551bc8283d;d0ad04f30927ca92b9c02998f08278ab,165354504;187981207,ftp.sra.ebi.ac.uk/vol1/fastq/ERR311/ERR311193/ERR311193_1.fastq.gz;ftp.sra.ebi.ac.uk/vol1/fastq/ERR311/ERR311193/ERR311193_2.fastq.gz,ftp.sra.ebi.ac.uk/vol1/fastq/ERR311/ERR311193/ERR311193_1.fastq.gz;ftp.sra.ebi.ac.uk/vol1/fastq/ERR311/ERR311193/ERR311193_2.fastq.gz,fasp.sra.ebi.ac.uk:/vol1/fastq/ERR311/ERR311193/ERR311193_1.fastq.gz;fasp.sra.ebi.ac.uk:/vol1/fastq/ERR311/ERR311193/ERR311193_2.fastq.gz,ftp.sra.ebi.ac.uk/vol1/fastq/ERR311/ERR311193/ERR311193_1.fastq.gz,ftp.sra.ebi.ac.uk/vol1/fastq/ERR311/ERR311193/ERR311193_2.fastq.gz,4a80562dec04a95795f820551bc8283d,d0ad04f30927ca92b9c02998f08278ab,FALSE,unknown,unknown
ERR311194,ERR311194,WGS,,444436800,PRJEB3213,SAMEA2057588,144419719;166126167,submitted by Wellcome Sanger Institute ,,,,,ERX284475,Illumina MiSeq,PAIRED,RANDOM,GENOMIC,Giardia intestinalis,ILLUMINA,,SC_RUN_9731_1#5,ERP001716,,,7144461,,unknown,unknown,unknown,unknown,SC_EXP_9731_1#5,,,,,,,,,,,,,,,,,,,,,,,,,,,,,,,,,,,,,,,,,,,,,,,,,,,,,,,,,,,,,,,,,,,,ERX284475_ERR311194,ERP001716,,ERA237528,1481456,6770f8d3eb21cfe8fe2e5de0a181730f;504bcdafb6c8771a5cd53844e04b344c,144419719;166126167,ftp.sra.ebi.ac.uk/vol1/fastq/ERR311/ERR311194/ERR311194_1.fastq.gz;ftp.sra.ebi.ac.uk/vol1/fastq/ERR311/ERR311194/ERR311194_2.fastq.gz,ftp.sra.ebi.ac.uk/vol1/fastq/ERR311/ERR311194/ERR311194_1.fastq.gz;ftp.sra.ebi.ac.uk/vol1/fastq/ERR311/ERR311194/ERR311194_2.fastq.gz,fasp.sra.ebi.ac.uk:/vol1/fastq/ERR311/ERR311194/ERR311194_1.fastq.gz;fasp.sra.ebi.ac.uk:/vol1/fastq/ERR311/ERR311194/ERR311194_2.fastq.gz,ftp.sra.ebi.ac.uk/vol1/fastq/ERR311/ERR311194/ERR311194_1.fastq.gz,ftp.sra.ebi.ac.uk/vol1/fastq/ERR311/ERR311194/ERR311194_2.fastq.gz,6770f8d3eb21cfe8fe2e5de0a181730f,504bcdafb6c8771a5cd53844e04b344c,FALSE,unknown,unknown
ERR311195,ERR311195,WGS,,435823200,PRJEB3213,SAMEA2057589,142576460;166214746,submitted by Wellcome Sanger Institute ,,,,,ERX284476,Illumina MiSeq,PAIRED,RANDOM,GENOMIC,Giardia intestinalis,ILLUMINA,,SC_RUN_9731_1#6,ERP001716,,,7144462,,unknown,unknown,unknown,unknown,SC_EXP_9731_1#6,,,,,,,,,,,,,,,,,,,,,,,,,,,,,,,,,,,,,,,,,,,,,,,,,,,,,,,,,,,,,,,,,,,,ERX284476_ERR311195,ERP001716,,ERA237528,1452744,75616866126032a168cca6d72f1e0667;b8c38815da7c36a97c96673c506e7559,142576460;166214746,ftp.sra.ebi.ac.uk/vol1/fastq/ERR311/ERR311195/ERR311195_1.fastq.gz;ftp.sra.ebi.ac.uk/vol1/fastq/ERR311/ERR311195/ERR311195_2.fastq.gz,ftp.sra.ebi.ac.uk/vol1/fastq/ERR311/ERR311195/ERR311195_1.fastq.gz;ftp.sra.ebi.ac.uk/vol1/fastq/ERR311/ERR311195/ERR311195_2.fastq.gz,fasp.sra.ebi.ac.uk:/vol1/fastq/ERR311/ERR311195/ERR311195_1.fastq.gz;fasp.sra.ebi.ac.uk:/vol1/fastq/ERR311/ERR311195/ERR311195_2.fastq.gz,ftp.sra.ebi.ac.uk/vol1/fastq/ERR311/ERR311195/ERR311195_1.fastq.gz,ftp.sra.ebi.ac.uk/vol1/fastq/ERR311/ERR311195/ERR311195_2.fastq.gz,75616866126032a168cca6d72f1e0667,b8c38815da7c36a97c96673c506e7559,FALSE,unknown,unknown
ERR311196,ERR311196,WGS,,304738800,PRJEB3213,SAMEA2057590,110463379;124346010,submitted by Wellcome Sanger Institute ,,,,,ERX284477,Illumina MiSeq,PAIRED,RANDOM,GENOMIC,Giardia intestinalis,ILLUMINA,,SC_RUN_9740_1#7,ERP001716,,,7144463,,unknown,unknown,unknown,unknown,SC_EXP_9740_1#7,,,,,,,,,,,,,,,,,,,,,,,,,,,,,,,,,,,,,,,,,,,,,,,,,,,,,,,,,,,,,,,,,,,,ERX284477_ERR311196,ERP001716,,ERA237528,1015796,1117b5863b5af61295714d7c2ea8d51a;55336e14c6d5d775ea596b34fce9cd65,110463379;124346010,ftp.sra.ebi.ac.uk/vol1/fastq/ERR311/ERR311196/ERR311196_1.fastq.gz;ftp.sra.ebi.ac.uk/vol1/fastq/ERR311/ERR311196/ERR311196_2.fastq.gz,ftp.sra.ebi.ac.uk/vol1/fastq/ERR311/ERR311196/ERR311196_1.fastq.gz;ftp.sra.ebi.ac.uk/vol1/fastq/ERR311/ERR311196/ERR311196_2.fastq.gz,fasp.sra.ebi.ac.uk:/vol1/fastq/ERR311/ERR311196/ERR311196_1.fastq.gz;fasp.sra.ebi.ac.uk:/vol1/fastq/ERR311/ERR311196/ERR311196_2.fastq.gz,ftp.sra.ebi.ac.uk/vol1/fastq/ERR311/ERR311196/ERR311196_1.fastq.gz,ftp.sra.ebi.ac.uk/vol1/fastq/ERR311/ERR311196/ERR311196_2.fastq.gz,1117b5863b5af61295714d7c2ea8d51a,55336e14c6d5d775ea596b34fce9cd65,FALSE,unknown,unknown
ERR311197,ERR311197,WGS,,290733900,PRJEB3213,SAMEA2057591,105932227;117464183,submitted by Wellcome Sanger Institute ,,,,,ERX284478,Illumina MiSeq,PAIRED,RANDOM,GENOMIC,Giardia intestinalis,ILLUMINA,,SC_RUN_9740_1#8,ERP001716,,,7144464,,unknown,unknown,unknown,unknown,SC_EXP_9740_1#8,,,,,,,,,,,,,,,,,,,,,,,,,,,,,,,,,,,,,,,,,,,,,,,,,,,,,,,,,,,,,,,,,,,,ERX284478_ERR311197,ERP001716,,ERA237528,969113,a1b30c1589ff77b827e689c10b255f27;ff150cb569f982548e09a5c3819aed5b,105932227;117464183,ftp.sra.ebi.ac.uk/vol1/fastq/ERR311/ERR311197/ERR311197_1.fastq.gz;ftp.sra.ebi.ac.uk/vol1/fastq/ERR311/ERR311197/ERR311197_2.fastq.gz,ftp.sra.ebi.ac.uk/vol1/fastq/ERR311/ERR311197/ERR311197_1.fastq.gz;ftp.sra.ebi.ac.uk/vol1/fastq/ERR311/ERR311197/ERR311197_2.fastq.gz,fasp.sra.ebi.ac.uk:/vol1/fastq/ERR311/ERR311197/ERR311197_1.fastq.gz;fasp.sra.ebi.ac.uk:/vol1/fastq/ERR311/ERR311197/ERR311197_2.fastq.gz,ftp.sra.ebi.ac.uk/vol1/fastq/ERR311/ERR311197/ERR311197_1.fastq.gz,ftp.sra.ebi.ac.uk/vol1/fastq/ERR311/ERR311197/ERR311197_2.fastq.gz,a1b30c1589ff77b827e689c10b255f27,ff150cb569f982548e09a5c3819aed5b,FALSE,unknown,unknown
ERR311198,ERR311198,WGS,,288153600,PRJEB3213,SAMEA2057592,103816059;116055585,submitted by Wellcome Sanger Institute ,,,,,ERX284479,Illumina MiSeq,PAIRED,RANDOM,GENOMIC,Giardia intestinalis,ILLUMINA,,SC_RUN_9740_1#9,ERP001716,,,7144465,,unknown,unknown,unknown,unknown,SC_EXP_9740_1#9,,,,,,,,,,,,,,,,,,,,,,,,,,,,,,,,,,,,,,,,,,,,,,,,,,,,,,,,,,,,,,,,,,,,ERX284479_ERR311198,ERP001716,,ERA237528,960512,c314a9c915f283a963cacdd91e7cfa44;8167db8f4f45c3a383159f7e078f8dcc,103816059;116055585,ftp.sra.ebi.ac.uk/vol1/fastq/ERR311/ERR311198/ERR311198_1.fastq.gz;ftp.sra.ebi.ac.uk/vol1/fastq/ERR311/ERR311198/ERR311198_2.fastq.gz,ftp.sra.ebi.ac.uk/vol1/fastq/ERR311/ERR311198/ERR311198_1.fastq.gz;ftp.sra.ebi.ac.uk/vol1/fastq/ERR311/ERR311198/ERR311198_2.fastq.gz,fasp.sra.ebi.ac.uk:/vol1/fastq/ERR311/ERR311198/ERR311198_1.fastq.gz;fasp.sra.ebi.ac.uk:/vol1/fastq/ERR311/ERR311198/ERR311198_2.fastq.gz,ftp.sra.ebi.ac.uk/vol1/fastq/ERR311/ERR311198/ERR311198_1.fastq.gz,ftp.sra.ebi.ac.uk/vol1/fastq/ERR311/ERR311198/ERR311198_2.fastq.gz,c314a9c915f283a963cacdd91e7cfa44,8167db8f4f45c3a383159f7e078f8dcc,FALSE,unknown,unknown
ERR311199,ERR311199,WGS,,267725700,PRJEB3213,SAMEA2057593,98416785;109076172,submitted by Wellcome Sanger Institute ,,,,,ERX284480,Illumina MiSeq,PAIRED,RANDOM,GENOMIC,Giardia intestinalis,ILLUMINA,,SC_RUN_9740_1#10,ERP001716,,,7144466,,unknown,unknown,unknown,unknown,SC_EXP_9740_1#10,,,,,,,,,,,,,,,,,,,,,,,,,,,,,,,,,,,,,,,,,,,,,,,,,,,,,,,,,,,,,,,,,,,,ERX284480_ERR311199,ERP001716,,ERA237528,892419,dd7bb26e6858219a4319148f0caff98b;1c869ceaa95132b68fdfeecda3b3e0fd,98416785;109076172,ftp.sra.ebi.ac.uk/vol1/fastq/ERR311/ERR311199/ERR311199_1.fastq.gz;ftp.sra.ebi.ac.uk/vol1/fastq/ERR311/ERR311199/ERR311199_2.fastq.gz,ftp.sra.ebi.ac.uk/vol1/fastq/ERR311/ERR311199/ERR311199_1.fastq.gz;ftp.sra.ebi.ac.uk/vol1/fastq/ERR311/ERR311199/ERR311199_2.fastq.gz,fasp.sra.ebi.ac.uk:/vol1/fastq/ERR311/ERR311199/ERR311199_1.fastq.gz;fasp.sra.ebi.ac.uk:/vol1/fastq/ERR311/ERR311199/ERR311199_2.fastq.gz,ftp.sra.ebi.ac.uk/vol1/fastq/ERR311/ERR311199/ERR311199_1.fastq.gz,ftp.sra.ebi.ac.uk/vol1/fastq/ERR311/ERR311199/ERR311199_2.fastq.gz,dd7bb26e6858219a4319148f0caff98b,1c869ceaa95132b68fdfeecda3b3e0fd,FALSE,unknown,unknown
ERR311200,ERR311200,WGS,,321809400,PRJEB3213,SAMEA2057594,117436123;131765987,submitted by Wellcome Sanger Institute ,,,,,ERX284481,Illumina MiSeq,PAIRED,RANDOM,GENOMIC,Giardia intestinalis,ILLUMINA,,SC_RUN_9740_1#11,ERP001716,,,7144467,,unknown,unknown,unknown,unknown,SC_EXP_9740_1#11,,,,,,,,,,,,,,,,,,,,,,,,,,,,,,,,,,,,,,,,,,,,,,,,,,,,,,,,,,,,,,,,,,,,ERX284481_ERR311200,ERP001716,,ERA237528,1072698,c0b12a3b4c16a250a875e149bed960eb;72a9439800b413df803417622bd26471,117436123;131765987,ftp.sra.ebi.ac.uk/vol1/fastq/ERR311/ERR311200/ERR311200_1.fastq.gz;ftp.sra.ebi.ac.uk/vol1/fastq/ERR311/ERR311200/ERR311200_2.fastq.gz,ftp.sra.ebi.ac.uk/vol1/fastq/ERR311/ERR311200/ERR311200_1.fastq.gz;ftp.sra.ebi.ac.uk/vol1/fastq/ERR311/ERR311200/ERR311200_2.fastq.gz,fasp.sra.ebi.ac.uk:/vol1/fastq/ERR311/ERR311200/ERR311200_1.fastq.gz;fasp.sra.ebi.ac.uk:/vol1/fastq/ERR311/ERR311200/ERR311200_2.fastq.gz,ftp.sra.ebi.ac.uk/vol1/fastq/ERR311/ERR311200/ERR311200_1.fastq.gz,ftp.sra.ebi.ac.uk/vol1/fastq/ERR311/ERR311200/ERR311200_2.fastq.gz,c0b12a3b4c16a250a875e149bed960eb,72a9439800b413df803417622bd26471,FALSE,unknown,unknown
ERR311214,ERR311214,WGS,,1958541300,PRJEB3213,SAMEA2064494,639190626;724830429,submitted by Wellcome Sanger Institute ,,,,,ERX284495,Illumina MiSeq,PAIRED,RANDOM,GENOMIC,Giardia intestinalis,ILLUMINA,,SC_RUN_9804_1#5,ERP001716,,,7286711,,unknown,unknown,unknown,unknown,SC_EXP_9804_1#5,,,,,,,,,,,,,,,,,,,,,,,,,,,,,,,,,,,,,,,,,,,,,,,,,,,,,,,,,,,,,,,,,,,,ERX284495_ERR311214,ERP001716,,ERA237528,6528471,132533091411601844137d07b1c85362;c107e6745f9b3f8c2bdaacccbb8b71cf,639190626;724830429,ftp.sra.ebi.ac.uk/vol1/fastq/ERR311/ERR311214/ERR311214_1.fastq.gz;ftp.sra.ebi.ac.uk/vol1/fastq/ERR311/ERR311214/ERR311214_2.fastq.gz,ftp.sra.ebi.ac.uk/vol1/fastq/ERR311/ERR311214/ERR311214_1.fastq.gz;ftp.sra.ebi.ac.uk/vol1/fastq/ERR311/ERR311214/ERR311214_2.fastq.gz,fasp.sra.ebi.ac.uk:/vol1/fastq/ERR311/ERR311214/ERR311214_1.fastq.gz;fasp.sra.ebi.ac.uk:/vol1/fastq/ERR311/ERR311214/ERR311214_2.fastq.gz,ftp.sra.ebi.ac.uk/vol1/fastq/ERR311/ERR311214/ERR311214_1.fastq.gz,ftp.sra.ebi.ac.uk/vol1/fastq/ERR311/ERR311214/ERR311214_2.fastq.gz,132533091411601844137d07b1c85362,c107e6745f9b3f8c2bdaacccbb8b71cf,FALSE,unknown,unknown
ERR311215,ERR311215,WGS,,1850118000,PRJEB3213,SAMEA2066657,602588693;689927515,submitted by Wellcome Sanger Institute ,,,,,ERX284496,Illumina MiSeq,PAIRED,RANDOM,GENOMIC,Giardia intestinalis,ILLUMINA,,SC_RUN_9804_1#6,ERP001716,,,7286712,,unknown,unknown,unknown,unknown,SC_EXP_9804_1#6,,,,,,,,,,,,,,,,,,,,,,,,,,,,,,,,,,,,,,,,,,,,,,,,,,,,,,,,,,,,,,,,,,,,ERX284496_ERR311215,ERP001716,,ERA237528,6167060,0ee9dbabd8c98823d7d4d2b0eeee628d;5a9bc77cd87a88c7935d8a969b424d86,602588693;689927515,ftp.sra.ebi.ac.uk/vol1/fastq/ERR311/ERR311215/ERR311215_1.fastq.gz;ftp.sra.ebi.ac.uk/vol1/fastq/ERR311/ERR311215/ERR311215_2.fastq.gz,ftp.sra.ebi.ac.uk/vol1/fastq/ERR311/ERR311215/ERR311215_1.fastq.gz;ftp.sra.ebi.ac.uk/vol1/fastq/ERR311/ERR311215/ERR311215_2.fastq.gz,fasp.sra.ebi.ac.uk:/vol1/fastq/ERR311/ERR311215/ERR311215_1.fastq.gz;fasp.sra.ebi.ac.uk:/vol1/fastq/ERR311/ERR311215/ERR311215_2.fastq.gz,ftp.sra.ebi.ac.uk/vol1/fastq/ERR311/ERR311215/ERR311215_1.fastq.gz,ftp.sra.ebi.ac.uk/vol1/fastq/ERR311/ERR311215/ERR311215_2.fastq.gz,0ee9dbabd8c98823d7d4d2b0eeee628d,5a9bc77cd87a88c7935d8a969b424d86,FALSE,unknown,unknown
ERR311216,ERR311216,WGS,,1211065800,PRJEB3213,SAMEA2064495,329715143;390904597,submitted by Wellcome Sanger Institute ,,,,,ERX284497,Illumina MiSeq,PAIRED,RANDOM,GENOMIC,Giardia intestinalis,ILLUMINA,,SC_RUN_9804_1#7,ERP001716,,,7286713,,unknown,unknown,unknown,unknown,SC_EXP_9804_1#7,,,,,,,,,,,,,,,,,,,,,,,,,,,,,,,,,,,,,,,,,,,,,,,,,,,,,,,,,,,,,,,,,,,,ERX284497_ERR311216,ERP001716,,ERA237528,4036886,f90bda174ec8a8b0722aed06dfdc8ed5;fe5507cbbdb3c5ed9559e7e60ffbf190,329715143;390904597,ftp.sra.ebi.ac.uk/vol1/fastq/ERR311/ERR311216/ERR311216_1.fastq.gz;ftp.sra.ebi.ac.uk/vol1/fastq/ERR311/ERR311216/ERR311216_2.fastq.gz,ftp.sra.ebi.ac.uk/vol1/fastq/ERR311/ERR311216/ERR311216_1.fastq.gz;ftp.sra.ebi.ac.uk/vol1/fastq/ERR311/ERR311216/ERR311216_2.fastq.gz,fasp.sra.ebi.ac.uk:/vol1/fastq/ERR311/ERR311216/ERR311216_1.fastq.gz;fasp.sra.ebi.ac.uk:/vol1/fastq/ERR311/ERR311216/ERR311216_2.fastq.gz,ftp.sra.ebi.ac.uk/vol1/fastq/ERR311/ERR311216/ERR311216_1.fastq.gz,ftp.sra.ebi.ac.uk/vol1/fastq/ERR311/ERR311216/ERR311216_2.fastq.gz,f90bda174ec8a8b0722aed06dfdc8ed5,fe5507cbbdb3c5ed9559e7e60ffbf190,FALSE,unknown,unknown
ERR311217,ERR311217,WGS,,159330000,PRJEB3213,SAMEA2064496,57045557;61476096,submitted by Wellcome Sanger Institute ,,,,,ERX284498,Illumina MiSeq,PAIRED,RANDOM,GENOMIC,Giardia intestinalis,ILLUMINA,,SC_RUN_9804_1#8,ERP001716,,,7286714,,unknown,unknown,unknown,unknown,SC_EXP_9804_1#8,,,,,,,,,,,,,,,,,,,,,,,,,,,,,,,,,,,,,,,,,,,,,,,,,,,,,,,,,,,,,,,,,,,,ERX284498_ERR311217,ERP001716,,ERA237528,531100,364b1f1be29350d743d752e68bbde889;11a38faf2e652914f5be6a2873eef9c2,57045557;61476096,ftp.sra.ebi.ac.uk/vol1/fastq/ERR311/ERR311217/ERR311217_1.fastq.gz;ftp.sra.ebi.ac.uk/vol1/fastq/ERR311/ERR311217/ERR311217_2.fastq.gz,ftp.sra.ebi.ac.uk/vol1/fastq/ERR311/ERR311217/ERR311217_1.fastq.gz;ftp.sra.ebi.ac.uk/vol1/fastq/ERR311/ERR311217/ERR311217_2.fastq.gz,fasp.sra.ebi.ac.uk:/vol1/fastq/ERR311/ERR311217/ERR311217_1.fastq.gz;fasp.sra.ebi.ac.uk:/vol1/fastq/ERR311/ERR311217/ERR311217_2.fastq.gz,ftp.sra.ebi.ac.uk/vol1/fastq/ERR311/ERR311217/ERR311217_1.fastq.gz,ftp.sra.ebi.ac.uk/vol1/fastq/ERR311/ERR311217/ERR311217_2.fastq.gz,364b1f1be29350d743d752e68bbde889,11a38faf2e652914f5be6a2873eef9c2,FALSE,unknown,unknown
ERR422653,ERR422653,WGS,,463644000,PRJEB3213,SAMEA2248445,153311340;168435454,submitted by Wellcome Sanger Institute ,,,,,ERX388946,Illumina MiSeq,PAIRED,RANDOM,GENOMIC,Giardia intestinalis,ILLUMINA,,SC_RUN_11655_1#5,ERP001716,,,8637076,,unknown,unknown,unknown,unknown,SC_EXP_11655_1#5,,,,,,,,,,,,,,,,,,,,,,,,,,,,,,,,,,,,,,,,,,,,,,,,,,,,,,,,,,,,,,,,,,,,ERX388946_ERR422653,ERP001716,,ERA283716,3090960,9355b0b13e83878149ead56e50462f13;3580c9d842bb89b68f1e95140ec60d14,153311340;168435454,ftp.sra.ebi.ac.uk/vol1/fastq/ERR422/ERR422653/ERR422653_1.fastq.gz;ftp.sra.ebi.ac.uk/vol1/fastq/ERR422/ERR422653/ERR422653_2.fastq.gz,ftp.sra.ebi.ac.uk/vol1/fastq/ERR422/ERR422653/ERR422653_1.fastq.gz;ftp.sra.ebi.ac.uk/vol1/fastq/ERR422/ERR422653/ERR422653_2.fastq.gz,fasp.sra.ebi.ac.uk:/vol1/fastq/ERR422/ERR422653/ERR422653_1.fastq.gz;fasp.sra.ebi.ac.uk:/vol1/fastq/ERR422/ERR422653/ERR422653_2.fastq.gz,ftp.sra.ebi.ac.uk/vol1/fastq/ERR422/ERR422653/ERR422653_1.fastq.gz,ftp.sra.ebi.ac.uk/vol1/fastq/ERR422/ERR422653/ERR422653_2.fastq.gz,9355b0b13e83878149ead56e50462f13,3580c9d842bb89b68f1e95140ec60d14,FALSE,unknown,unknown
ERR422654,ERR422654,WGS,,535994400,PRJEB3213,SAMEA2248446,176566301;193009833,submitted by Wellcome Sanger Institute ,,,,,ERX388947,Illumina MiSeq,PAIRED,RANDOM,GENOMIC,Giardia intestinalis,ILLUMINA,,SC_RUN_11655_1#6,ERP001716,,,8637077,,unknown,unknown,unknown,unknown,SC_EXP_11655_1#6,,,,,,,,,,,,,,,,,,,,,,,,,,,,,,,,,,,,,,,,,,,,,,,,,,,,,,,,,,,,,,,,,,,,ERX388947_ERR422654,ERP001716,,ERA283716,3573296,4c44d7689fb0cbc4bc86fa95efbf4b70;ff0e4b6d381e88c93879b06525d935d2,176566301;193009833,ftp.sra.ebi.ac.uk/vol1/fastq/ERR422/ERR422654/ERR422654_1.fastq.gz;ftp.sra.ebi.ac.uk/vol1/fastq/ERR422/ERR422654/ERR422654_2.fastq.gz,ftp.sra.ebi.ac.uk/vol1/fastq/ERR422/ERR422654/ERR422654_1.fastq.gz;ftp.sra.ebi.ac.uk/vol1/fastq/ERR422/ERR422654/ERR422654_2.fastq.gz,fasp.sra.ebi.ac.uk:/vol1/fastq/ERR422/ERR422654/ERR422654_1.fastq.gz;fasp.sra.ebi.ac.uk:/vol1/fastq/ERR422/ERR422654/ERR422654_2.fastq.gz,ftp.sra.ebi.ac.uk/vol1/fastq/ERR422/ERR422654/ERR422654_1.fastq.gz,ftp.sra.ebi.ac.uk/vol1/fastq/ERR422/ERR422654/ERR422654_2.fastq.gz,4c44d7689fb0cbc4bc86fa95efbf4b70,ff0e4b6d381e88c93879b06525d935d2,FALSE,unknown,unknown
ERR422655,ERR422655,WGS,,456847500,PRJEB3213,SAMEA2248447,145583408;162425637,submitted by Wellcome Sanger Institute ,,,,,ERX388948,Illumina MiSeq,PAIRED,RANDOM,GENOMIC,Giardia intestinalis,ILLUMINA,,SC_RUN_11655_1#7,ERP001716,,,8637078,,unknown,unknown,unknown,unknown,SC_EXP_11655_1#7,,,,,,,,,,,,,,,,,,,,,,,,,,,,,,,,,,,,,,,,,,,,,,,,,,,,,,,,,,,,,,,,,,,,ERX388948_ERR422655,ERP001716,,ERA283716,3045650,d05d2c37b2b3b7e4e870a2e6cd6ca8af;b002846c19ae6e5b4b64c3099b2704fd,145583408;162425637,ftp.sra.ebi.ac.uk/vol1/fastq/ERR422/ERR422655/ERR422655_1.fastq.gz;ftp.sra.ebi.ac.uk/vol1/fastq/ERR422/ERR422655/ERR422655_2.fastq.gz,ftp.sra.ebi.ac.uk/vol1/fastq/ERR422/ERR422655/ERR422655_1.fastq.gz;ftp.sra.ebi.ac.uk/vol1/fastq/ERR422/ERR422655/ERR422655_2.fastq.gz,fasp.sra.ebi.ac.uk:/vol1/fastq/ERR422/ERR422655/ERR422655_1.fastq.gz;fasp.sra.ebi.ac.uk:/vol1/fastq/ERR422/ERR422655/ERR422655_2.fastq.gz,ftp.sra.ebi.ac.uk/vol1/fastq/ERR422/ERR422655/ERR422655_1.fastq.gz,ftp.sra.ebi.ac.uk/vol1/fastq/ERR422/ERR422655/ERR422655_2.fastq.gz,d05d2c37b2b3b7e4e870a2e6cd6ca8af,b002846c19ae6e5b4b64c3099b2704fd,FALSE,unknown,unknown
ERR422656,ERR422656,WGS,,493002300,PRJEB3213,SAMEA2248448,161326150;175414094,submitted by Wellcome Sanger Institute ,,,,,ERX388949,Illumina MiSeq,PAIRED,RANDOM,GENOMIC,Giardia intestinalis,ILLUMINA,,SC_RUN_11655_1#8,ERP001716,,,8637079,,unknown,unknown,unknown,unknown,SC_EXP_11655_1#8,,,,,,,,,,,,,,,,,,,,,,,,,,,,,,,,,,,,,,,,,,,,,,,,,,,,,,,,,,,,,,,,,,,,ERX388949_ERR422656,ERP001716,,ERA283716,3286682,dad88dc07b6eff7c1d56857b4487f369;8f3a001a8584b141570646f757afb172,161326150;175414094,ftp.sra.ebi.ac.uk/vol1/fastq/ERR422/ERR422656/ERR422656_1.fastq.gz;ftp.sra.ebi.ac.uk/vol1/fastq/ERR422/ERR422656/ERR422656_2.fastq.gz,ftp.sra.ebi.ac.uk/vol1/fastq/ERR422/ERR422656/ERR422656_1.fastq.gz;ftp.sra.ebi.ac.uk/vol1/fastq/ERR422/ERR422656/ERR422656_2.fastq.gz,fasp.sra.ebi.ac.uk:/vol1/fastq/ERR422/ERR422656/ERR422656_1.fastq.gz;fasp.sra.ebi.ac.uk:/vol1/fastq/ERR422/ERR422656/ERR422656_2.fastq.gz,ftp.sra.ebi.ac.uk/vol1/fastq/ERR422/ERR422656/ERR422656_1.fastq.gz,ftp.sra.ebi.ac.uk/vol1/fastq/ERR422/ERR422656/ERR422656_2.fastq.gz,dad88dc07b6eff7c1d56857b4487f369,8f3a001a8584b141570646f757afb172,FALSE,unknown,unknown
ERR422657,ERR422657,WGS,,574608000,PRJEB3213,SAMEA2248449,182937560;201410586,submitted by Wellcome Sanger Institute ,,,,,ERX388950,Illumina MiSeq,PAIRED,RANDOM,GENOMIC,Giardia intestinalis,ILLUMINA,,SC_RUN_11655_1#9,ERP001716,,,8637080,,unknown,unknown,unknown,unknown,SC_EXP_11655_1#9,,,,,,,,,,,,,,,,,,,,,,,,,,,,,,,,,,,,,,,,,,,,,,,,,,,,,,,,,,,,,,,,,,,,ERX388950_ERR422657,ERP001716,,ERA283716,3830720,a3fe0bd366eb0175c4522489945f17e8;b89dee590aa12224a25108dc06915e73,182937560;201410586,ftp.sra.ebi.ac.uk/vol1/fastq/ERR422/ERR422657/ERR422657_1.fastq.gz;ftp.sra.ebi.ac.uk/vol1/fastq/ERR422/ERR422657/ERR422657_2.fastq.gz,ftp.sra.ebi.ac.uk/vol1/fastq/ERR422/ERR422657/ERR422657_1.fastq.gz;ftp.sra.ebi.ac.uk/vol1/fastq/ERR422/ERR422657/ERR422657_2.fastq.gz,fasp.sra.ebi.ac.uk:/vol1/fastq/ERR422/ERR422657/ERR422657_1.fastq.gz;fasp.sra.ebi.ac.uk:/vol1/fastq/ERR422/ERR422657/ERR422657_2.fastq.gz,ftp.sra.ebi.ac.uk/vol1/fastq/ERR422/ERR422657/ERR422657_1.fastq.gz,ftp.sra.ebi.ac.uk/vol1/fastq/ERR422/ERR422657/ERR422657_2.fastq.gz,a3fe0bd366eb0175c4522489945f17e8,b89dee590aa12224a25108dc06915e73,FALSE,unknown,unknown
ERR422658,ERR422658,WGS,,473008800,PRJEB3213,SAMEA2248450,154708235;171073446,submitted by Wellcome Sanger Institute ,,,,,ERX388951,Illumina MiSeq,PAIRED,RANDOM,GENOMIC,Giardia intestinalis,ILLUMINA,,SC_RUN_11655_1#10,ERP001716,,,8637081,,unknown,unknown,unknown,unknown,SC_EXP_11655_1#10,,,,,,,,,,,,,,,,,,,,,,,,,,,,,,,,,,,,,,,,,,,,,,,,,,,,,,,,,,,,,,,,,,,,ERX388951_ERR422658,ERP001716,,ERA283716,3153392,e40e00928093bd8b4fe9d8797e0e9689;bd4168feda38a877d99dc76eeb16bfaa,154708235;171073446,ftp.sra.ebi.ac.uk/vol1/fastq/ERR422/ERR422658/ERR422658_1.fastq.gz;ftp.sra.ebi.ac.uk/vol1/fastq/ERR422/ERR422658/ERR422658_2.fastq.gz,ftp.sra.ebi.ac.uk/vol1/fastq/ERR422/ERR422658/ERR422658_1.fastq.gz;ftp.sra.ebi.ac.uk/vol1/fastq/ERR422/ERR422658/ERR422658_2.fastq.gz,fasp.sra.ebi.ac.uk:/vol1/fastq/ERR422/ERR422658/ERR422658_1.fastq.gz;fasp.sra.ebi.ac.uk:/vol1/fastq/ERR422/ERR422658/ERR422658_2.fastq.gz,ftp.sra.ebi.ac.uk/vol1/fastq/ERR422/ERR422658/ERR422658_1.fastq.gz,ftp.sra.ebi.ac.uk/vol1/fastq/ERR422/ERR422658/ERR422658_2.fastq.gz,e40e00928093bd8b4fe9d8797e0e9689,bd4168feda38a877d99dc76eeb16bfaa,FALSE,unknown,unknown
ERR422659,ERR422659,WGS,,424339500,PRJEB3213,SAMEA2250360,139357950;157226800,submitted by Wellcome Sanger Institute ,,,,,ERX388952,Illumina MiSeq,PAIRED,RANDOM,GENOMIC,Giardia intestinalis,ILLUMINA,,SC_RUN_11655_1#11,ERP001716,,,8637075,,unknown,unknown,unknown,unknown,SC_EXP_11655_1#11,,,,,,,,,,,,,,,,,,,,,,,,,,,,,,,,,,,,,,,,,,,,,,,,,,,,,,,,,,,,,,,,,,,,ERX388952_ERR422659,ERP001716,,ERA283716,2828930,a7815e2314f9f64021e2fb8235ac7f24;7d02b2c66ae9b56a2ae819dc57a7e63d,139357950;157226800,ftp.sra.ebi.ac.uk/vol1/fastq/ERR422/ERR422659/ERR422659_1.fastq.gz;ftp.sra.ebi.ac.uk/vol1/fastq/ERR422/ERR422659/ERR422659_2.fastq.gz,ftp.sra.ebi.ac.uk/vol1/fastq/ERR422/ERR422659/ERR422659_1.fastq.gz;ftp.sra.ebi.ac.uk/vol1/fastq/ERR422/ERR422659/ERR422659_2.fastq.gz,fasp.sra.ebi.ac.uk:/vol1/fastq/ERR422/ERR422659/ERR422659_1.fastq.gz;fasp.sra.ebi.ac.uk:/vol1/fastq/ERR422/ERR422659/ERR422659_2.fastq.gz,ftp.sra.ebi.ac.uk/vol1/fastq/ERR422/ERR422659/ERR422659_1.fastq.gz,ftp.sra.ebi.ac.uk/vol1/fastq/ERR422/ERR422659/ERR422659_2.fastq.gz,a7815e2314f9f64021e2fb8235ac7f24,7d02b2c66ae9b56a2ae819dc57a7e63d,FALSE,unknown,unknown
SRR10007607,SRR10007607,WGS,,576465347,PRJNA561185,SAMN12610744,220372612;244846399,submitted by Wellcome Sanger Institute ,,,,,SRX6745910,Illumina MiSeq,PAIRED,unspecified,GENOMIC,Giardia intestinalis,ILLUMINA,,Beaver_S70_L001_R1_001.fastq.gz,SRP218927,,,218,,unknown,unknown,unknown,unknown,Giardia beaver,,,,,,,,,,,,,,,,,,,,,,,,,,,,,,,,,,,,,,,,,,,,,,,,,,,,,,,,,,,,,,,,,,,,SRX6745910_SRR10007607,SRP218927,PRJNA9531,SRA945782,1035336,e1dd2df60e0499bb8e67c33344defdc2;78f4fa7be2aaa02521d3c6378e27d755,220372612;244846399,ftp.sra.ebi.ac.uk/vol1/fastq/SRR100/007/SRR10007607/SRR10007607_1.fastq.gz;ftp.sra.ebi.ac.uk/vol1/fastq/SRR100/007/SRR10007607/SRR10007607_2.fastq.gz,ftp.sra.ebi.ac.uk/vol1/fastq/SRR100/007/SRR10007607/SRR10007607_1.fastq.gz;ftp.sra.ebi.ac.uk/vol1/fastq/SRR100/007/SRR10007607/SRR10007607_2.fastq.gz,fasp.sra.ebi.ac.uk:/vol1/fastq/SRR100/007/SRR10007607/SRR10007607_1.fastq.gz;fasp.sra.ebi.ac.uk:/vol1/fastq/SRR100/007/SRR10007607/SRR10007607_2.fastq.gz,ftp.sra.ebi.ac.uk/vol1/fastq/SRR100/007/SRR10007607/SRR10007607_1.fastq.gz,ftp.sra.ebi.ac.uk/vol1/fastq/SRR100/007/SRR10007607/SRR10007607_2.fastq.gz,e1dd2df60e0499bb8e67c33344defdc2,78f4fa7be2aaa02521d3c6378e27d755,FALSE,unknown,unknown
SRR10007609,SRR10007609,WGS,,3165598307,PRJNA561185,SAMN12610744,3257136259,submitted by Wellcome Sanger Institute ,,,,,SRX6745908,MinION,SINGLE,unspecified,GENOMIC,Giardia intestinalis,OXFORD_NANOPORE,,Beaver_2309_reads_all.fastq,SRP218927,,,2309,,unknown,unknown,unknown,unknown,Giardia beaver,,,,,,,,,,,,,,,,,,,,,,,,,,,,,,,,,,,,,,,,,,,,,,,,,,,,,,,,,,,,,,,,,,,,SRX6745908_SRR10007609,SRP218927,PRJNA9531,SRA945782,382042,74539151e7bc812df76d42ef7658aaf8,3257136259,ftp.sra.ebi.ac.uk/vol1/fastq/SRR100/009/SRR10007609/SRR10007609_1.fastq.gz,ftp.sra.ebi.ac.uk/vol1/fastq/SRR100/009/SRR10007609/SRR10007609_1.fastq.gz,fasp.sra.ebi.ac.uk:/vol1/fastq/SRR100/009/SRR10007609/SRR10007609_1.fastq.gz,ftp.sra.ebi.ac.uk/vol1/fastq/SRR100/009/SRR10007609/SRR10007609_1.fastq.gz,,74539151e7bc812df76d42ef7658aaf8,,TRUE,unknown,unknown
SRR10007650,SRR10007650,WGS,,588063931,PRJNA561185,SAMN12611509,214778499;248262648,submitted by Wellcome Sanger Institute ,,,,,SRX6745954,Illumina MiSeq,PAIRED,unspecified,GENOMIC,Giardia intestinalis,ILLUMINA,,WB_S1_L001_R1_001.fastq.gz,SRP218927,,,106,,unknown,unknown,unknown,unknown,Giardia AWB,,,,,,,,,,,,,,,,,,,,,,,,,,,,,,,,,,,,,,,,,,,,,,,,,,,,,,,,,,,,,,,,,,,,SRX6745954_SRR10007650,SRP218927,PRJNA9531,SRA945793,1016408,b1d1188fd43e67ee8e1dfb2226bd218b;dca85f5dcecb35b1e87b16d6c5b9b8b6,214778499;248262648,ftp.sra.ebi.ac.uk/vol1/fastq/SRR100/050/SRR10007650/SRR10007650_1.fastq.gz;ftp.sra.ebi.ac.uk/vol1/fastq/SRR100/050/SRR10007650/SRR10007650_2.fastq.gz,ftp.sra.ebi.ac.uk/vol1/fastq/SRR100/050/SRR10007650/SRR10007650_1.fastq.gz;ftp.sra.ebi.ac.uk/vol1/fastq/SRR100/050/SRR10007650/SRR10007650_2.fastq.gz,fasp.sra.ebi.ac.uk:/vol1/fastq/SRR100/050/SRR10007650/SRR10007650_1.fastq.gz;fasp.sra.ebi.ac.uk:/vol1/fastq/SRR100/050/SRR10007650/SRR10007650_2.fastq.gz,ftp.sra.ebi.ac.uk/vol1/fastq/SRR100/050/SRR10007650/SRR10007650_1.fastq.gz,ftp.sra.ebi.ac.uk/vol1/fastq/SRR100/050/SRR10007650/SRR10007650_2.fastq.gz,b1d1188fd43e67ee8e1dfb2226bd218b,dca85f5dcecb35b1e87b16d6c5b9b8b6,FALSE,unknown,unknown
SRR10007652,SRR10007652,WGS,,2367530512,PRJNA561185,SAMN12611509,2435942076,submitted by Wellcome Sanger Institute ,,,,,SRX6745952,MinION,SINGLE,unspecified,GENOMIC,Giardia intestinalis,OXFORD_NANOPORE,,WB_Run1_0157_reads_all.fastq,SRP218927,,,157,,unknown,unknown,unknown,unknown,Giardia AWB,,,,,,,,,,,,,,,,,,,,,,,,,,,,,,,,,,,,,,,,,,,,,,,,,,,,,,,,,,,,,,,,,,,,SRX6745952_SRR10007652,SRP218927,PRJNA9531,SRA945793,328554,5d2fb88097ddd919e28f89861681d34b,2435942076,ftp.sra.ebi.ac.uk/vol1/fastq/SRR100/052/SRR10007652/SRR10007652_1.fastq.gz,ftp.sra.ebi.ac.uk/vol1/fastq/SRR100/052/SRR10007652/SRR10007652_1.fastq.gz,fasp.sra.ebi.ac.uk:/vol1/fastq/SRR100/052/SRR10007652/SRR10007652_1.fastq.gz,ftp.sra.ebi.ac.uk/vol1/fastq/SRR100/052/SRR10007652/SRR10007652_1.fastq.gz,,5d2fb88097ddd919e28f89861681d34b,,TRUE,unknown,unknown
SRR10007722,SRR10007722,WGS,,487421538,PRJNA561185,SAMN12611599,106792555;111718254,submitted by Wellcome Sanger Institute ,,,,,SRX6746024,Illumina iSeq 100,PAIRED,unspecified,GENOMIC,Giardia intestinalis,ILLUMINA,,Giardia-GS_S1_L001_R1_001.fastq.gz,SRP218927,,,GS-iSeq,,unknown,unknown,unknown,unknown,Giardia BGS,,,,,,,,,,,,,,,,,,,,,,,,,,,,,,,,,,,,,,,,,,,,,,,,,,,,,,,,,,,,,,,,,,,,SRX6746024_SRR10007722,SRP218927,PRJNA9531,SRA945802,1666440,e0442952b4e1638548f82a0bc9c99883;93763f98a1d89c9f5c8c789910bf2b5b,106792555;111718254,ftp.sra.ebi.ac.uk/vol1/fastq/SRR100/022/SRR10007722/SRR10007722_1.fastq.gz;ftp.sra.ebi.ac.uk/vol1/fastq/SRR100/022/SRR10007722/SRR10007722_2.fastq.gz,ftp.sra.ebi.ac.uk/vol1/fastq/SRR100/022/SRR10007722/SRR10007722_1.fastq.gz;ftp.sra.ebi.ac.uk/vol1/fastq/SRR100/022/SRR10007722/SRR10007722_2.fastq.gz,fasp.sra.ebi.ac.uk:/vol1/fastq/SRR100/022/SRR10007722/SRR10007722_1.fastq.gz;fasp.sra.ebi.ac.uk:/vol1/fastq/SRR100/022/SRR10007722/SRR10007722_2.fastq.gz,ftp.sra.ebi.ac.uk/vol1/fastq/SRR100/022/SRR10007722/SRR10007722_1.fastq.gz,ftp.sra.ebi.ac.uk/vol1/fastq/SRR100/022/SRR10007722/SRR10007722_2.fastq.gz,e0442952b4e1638548f82a0bc9c99883,93763f98a1d89c9f5c8c789910bf2b5b,FALSE,unknown,unknown
SRR10007724,SRR10007724,WGS,,8335004787,PRJNA561185,SAMN12611599,8496755231,submitted by Wellcome Sanger Institute ,,,,,SRX6746022,MinION,SINGLE,unspecified,GENOMIC,Giardia intestinalis,OXFORD_NANOPORE,,GS_Run4_2244_1dreads_all.fastq,SRP218927,,,2244,,unknown,unknown,unknown,unknown,Giardia BGS,,,,,,,,,,,,,,,,,,,,,,,,,,,,,,,,,,,,,,,,,,,,,,,,,,,,,,,,,,,,,,,,,,,,SRX6746022_SRR10007724,SRP218927,PRJNA9531,SRA945802,882737,bc0854d543c76155c898a479b1474661,8496755231,ftp.sra.ebi.ac.uk/vol1/fastq/SRR100/024/SRR10007724/SRR10007724_1.fastq.gz,ftp.sra.ebi.ac.uk/vol1/fastq/SRR100/024/SRR10007724/SRR10007724_1.fastq.gz,fasp.sra.ebi.ac.uk:/vol1/fastq/SRR100/024/SRR10007724/SRR10007724_1.fastq.gz,ftp.sra.ebi.ac.uk/vol1/fastq/SRR100/024/SRR10007724/SRR10007724_1.fastq.gz,,bc0854d543c76155c898a479b1474661,,TRUE,unknown,unknown
SRR1957167,SRR1957167,WGA,,1312474984,PRJNA280606,SAMN03447284,430308975;515574989,BCCDC,,,,,SRX982617,Illumina MiSeq,PAIRED,unspecified,GENOMIC,Giardia intestinalis,ILLUMINA,,VANC/90/UBC/41,SRP056976,,,,,1990,Canada,North America,BC,VANC/90/UBC/41,,,,,,,,,,,,,,,,,,,,,,,,,,,,,,,,,,,,,,,,,,,,,,,,,,,,,,,,,,,,,,,,,,,,SRX982617_SRR1957167,SRP056976,PRJNA9531,SRA249579,2614492,b4bc6316f3cc17cee1b6bd5ca23582d2;8c07a0b8a27da5c7e3529b825a985022,430308975;515574989,ftp.sra.ebi.ac.uk/vol1/fastq/SRR195/007/SRR1957167/SRR1957167_1.fastq.gz;ftp.sra.ebi.ac.uk/vol1/fastq/SRR195/007/SRR1957167/SRR1957167_2.fastq.gz,ftp.sra.ebi.ac.uk/vol1/fastq/SRR195/007/SRR1957167/SRR1957167_1.fastq.gz;ftp.sra.ebi.ac.uk/vol1/fastq/SRR195/007/SRR1957167/SRR1957167_2.fastq.gz,fasp.sra.ebi.ac.uk:/vol1/fastq/SRR195/007/SRR1957167/SRR1957167_1.fastq.gz;fasp.sra.ebi.ac.uk:/vol1/fastq/SRR195/007/SRR1957167/SRR1957167_2.fastq.gz,ftp.sra.ebi.ac.uk/vol1/fastq/SRR195/007/SRR1957167/SRR1957167_1.fastq.gz,ftp.sra.ebi.ac.uk/vol1/fastq/SRR195/007/SRR1957167/SRR1957167_2.fastq.gz,b4bc6316f3cc17cee1b6bd5ca23582d2,8c07a0b8a27da5c7e3529b825a985022,FALSE,BC,1990
SRR1957168,SRR1957168,WGA,,1591011190,PRJNA280606,SAMN03447285,546743265;624658727,BCCDC,,,,,SRX982618,Illumina MiSeq,PAIRED,unspecified,GENOMIC,Giardia intestinalis,ILLUMINA,,VANC/90/UBC/42,SRP056976,,,,,1990,Canada,North America,BC,VANC/90/UBC/42,,,,,,,,,,,,,,,,,,,,,,,,,,,,,,,,,,,,,,,,,,,,,,,,,,,,,,,,,,,,,,,,,,,,SRX982618_SRR1957168,SRP056976,PRJNA9531,SRA249579,3169345,abb1a1cfba9f9d7696191f18232b7515;b2b52b82b788b76bf2ee6fb9df80b493,546743265;624658727,ftp.sra.ebi.ac.uk/vol1/fastq/SRR195/008/SRR1957168/SRR1957168_1.fastq.gz;ftp.sra.ebi.ac.uk/vol1/fastq/SRR195/008/SRR1957168/SRR1957168_2.fastq.gz,ftp.sra.ebi.ac.uk/vol1/fastq/SRR195/008/SRR1957168/SRR1957168_1.fastq.gz;ftp.sra.ebi.ac.uk/vol1/fastq/SRR195/008/SRR1957168/SRR1957168_2.fastq.gz,fasp.sra.ebi.ac.uk:/vol1/fastq/SRR195/008/SRR1957168/SRR1957168_1.fastq.gz;fasp.sra.ebi.ac.uk:/vol1/fastq/SRR195/008/SRR1957168/SRR1957168_2.fastq.gz,ftp.sra.ebi.ac.uk/vol1/fastq/SRR195/008/SRR1957168/SRR1957168_1.fastq.gz,ftp.sra.ebi.ac.uk/vol1/fastq/SRR195/008/SRR1957168/SRR1957168_2.fastq.gz,abb1a1cfba9f9d7696191f18232b7515,b2b52b82b788b76bf2ee6fb9df80b493,FALSE,BC,1990
SRR1957169,SRR1957169,WGA,,1240666896,PRJNA280606,SAMN03447286,420290945;505157916,BCCDC,,,,,SRX982619,Illumina MiSeq,PAIRED,unspecified,GENOMIC,Giardia intestinalis,ILLUMINA,,VANC/90/UBC/43,SRP056976,,,,,1990,Canada,North America,BC,VANC/90/UBC/43,,,,,,,,,,,,,,,,,,,,,,,,,,,,,,,,,,,,,,,,,,,,,,,,,,,,,,,,,,,,,,,,,,,,SRX982619_SRR1957169,SRP056976,PRJNA9531,SRA249579,2471448,081fc47fef9921335fc50c66574c948b;e35679cd026aaea7972b9bdcf5a54307,420290945;505157916,ftp.sra.ebi.ac.uk/vol1/fastq/SRR195/009/SRR1957169/SRR1957169_1.fastq.gz;ftp.sra.ebi.ac.uk/vol1/fastq/SRR195/009/SRR1957169/SRR1957169_2.fastq.gz,ftp.sra.ebi.ac.uk/vol1/fastq/SRR195/009/SRR1957169/SRR1957169_1.fastq.gz;ftp.sra.ebi.ac.uk/vol1/fastq/SRR195/009/SRR1957169/SRR1957169_2.fastq.gz,fasp.sra.ebi.ac.uk:/vol1/fastq/SRR195/009/SRR1957169/SRR1957169_1.fastq.gz;fasp.sra.ebi.ac.uk:/vol1/fastq/SRR195/009/SRR1957169/SRR1957169_2.fastq.gz,ftp.sra.ebi.ac.uk/vol1/fastq/SRR195/009/SRR1957169/SRR1957169_1.fastq.gz,ftp.sra.ebi.ac.uk/vol1/fastq/SRR195/009/SRR1957169/SRR1957169_2.fastq.gz,081fc47fef9921335fc50c66574c948b,e35679cd026aaea7972b9bdcf5a54307,FALSE,BC,1990
SRR1957170,SRR1957170,WGA,,2961334646,PRJNA280606,SAMN03447287,1038402889;1140285283,BCCDC,,,,,SRX982620,Illumina MiSeq,PAIRED,unspecified,GENOMIC,Giardia intestinalis,ILLUMINA,,VANC/90/UBC/45,SRP056976,,,,,1990,Canada,North America,BC,VANC/90/UBC/45,,,,,,,,,,,,,,,,,,,,,,,,,,,,,,,,,,,,,,,,,,,,,,,,,,,,,,,,,,,,,,,,,,,,SRX982620_SRR1957170,SRP056976,PRJNA9531,SRA249579,5899073,f5e9a4e2a2b4ba0e49549c4d502a53f6;b7c8a28ea1ec19f03cfada933ebacef4,1038402889;1140285283,ftp.sra.ebi.ac.uk/vol1/fastq/SRR195/000/SRR1957170/SRR1957170_1.fastq.gz;ftp.sra.ebi.ac.uk/vol1/fastq/SRR195/000/SRR1957170/SRR1957170_2.fastq.gz,ftp.sra.ebi.ac.uk/vol1/fastq/SRR195/000/SRR1957170/SRR1957170_1.fastq.gz;ftp.sra.ebi.ac.uk/vol1/fastq/SRR195/000/SRR1957170/SRR1957170_2.fastq.gz,fasp.sra.ebi.ac.uk:/vol1/fastq/SRR195/000/SRR1957170/SRR1957170_1.fastq.gz;fasp.sra.ebi.ac.uk:/vol1/fastq/SRR195/000/SRR1957170/SRR1957170_2.fastq.gz,ftp.sra.ebi.ac.uk/vol1/fastq/SRR195/000/SRR1957170/SRR1957170_1.fastq.gz,ftp.sra.ebi.ac.uk/vol1/fastq/SRR195/000/SRR1957170/SRR1957170_2.fastq.gz,f5e9a4e2a2b4ba0e49549c4d502a53f6,b7c8a28ea1ec19f03cfada933ebacef4,FALSE,BC,1990
SRR1957171,SRR1957171,WGA,,886505394,PRJNA280606,SAMN03447288,322489131;369478625,BCCDC,,,,,SRX982621,Illumina MiSeq,PAIRED,unspecified,GENOMIC,Giardia intestinalis,ILLUMINA,,VANC/90/UBC/46,SRP056976,,,,,1990,Canada,North America,BC,VANC/90/UBC/46,,,,,,,,,,,,,,,,,,,,,,,,,,,,,,,,,,,,,,,,,,,,,,,,,,,,,,,,,,,,,,,,,,,,SRX982621_SRR1957171,SRP056976,PRJNA9531,SRA249579,1765947,6e646a913c51ceb99fd807e4010bd869;a831c4b80c8293d4cad8fd2b4b3152f3,322489131;369478625,ftp.sra.ebi.ac.uk/vol1/fastq/SRR195/001/SRR1957171/SRR1957171_1.fastq.gz;ftp.sra.ebi.ac.uk/vol1/fastq/SRR195/001/SRR1957171/SRR1957171_2.fastq.gz,ftp.sra.ebi.ac.uk/vol1/fastq/SRR195/001/SRR1957171/SRR1957171_1.fastq.gz;ftp.sra.ebi.ac.uk/vol1/fastq/SRR195/001/SRR1957171/SRR1957171_2.fastq.gz,fasp.sra.ebi.ac.uk:/vol1/fastq/SRR195/001/SRR1957171/SRR1957171_1.fastq.gz;fasp.sra.ebi.ac.uk:/vol1/fastq/SRR195/001/SRR1957171/SRR1957171_2.fastq.gz,ftp.sra.ebi.ac.uk/vol1/fastq/SRR195/001/SRR1957171/SRR1957171_1.fastq.gz,ftp.sra.ebi.ac.uk/vol1/fastq/SRR195/001/SRR1957171/SRR1957171_2.fastq.gz,6e646a913c51ceb99fd807e4010bd869,a831c4b80c8293d4cad8fd2b4b3152f3,FALSE,BC,1990
SRR1957172,SRR1957172,WGA,,1781545792,PRJNA280606,SAMN03447289,630576998;765800821,BCCDC,,,,,SRX982622,Illumina MiSeq,PAIRED,unspecified,GENOMIC,Giardia intestinalis,ILLUMINA,,VANC/90/UBC/49,SRP056976,,,,,1990,Canada,North America,BC,VANC/90/UBC/49,,,,,,,,,,,,,,,,,,,,,,,,,,,,,,,,,,,,,,,,,,,,,,,,,,,,,,,,,,,,,,,,,,,,SRX982622_SRR1957172,SRP056976,PRJNA9531,SRA249579,3548896,e9c6058d25955fb7d54ab03d34e34010;4b51a7888a2c643d0b0e4ad8eb2f1da7,630576998;765800821,ftp.sra.ebi.ac.uk/vol1/fastq/SRR195/002/SRR1957172/SRR1957172_1.fastq.gz;ftp.sra.ebi.ac.uk/vol1/fastq/SRR195/002/SRR1957172/SRR1957172_2.fastq.gz,ftp.sra.ebi.ac.uk/vol1/fastq/SRR195/002/SRR1957172/SRR1957172_1.fastq.gz;ftp.sra.ebi.ac.uk/vol1/fastq/SRR195/002/SRR1957172/SRR1957172_2.fastq.gz,fasp.sra.ebi.ac.uk:/vol1/fastq/SRR195/002/SRR1957172/SRR1957172_1.fastq.gz;fasp.sra.ebi.ac.uk:/vol1/fastq/SRR195/002/SRR1957172/SRR1957172_2.fastq.gz,ftp.sra.ebi.ac.uk/vol1/fastq/SRR195/002/SRR1957172/SRR1957172_1.fastq.gz,ftp.sra.ebi.ac.uk/vol1/fastq/SRR195/002/SRR1957172/SRR1957172_2.fastq.gz,e9c6058d25955fb7d54ab03d34e34010,4b51a7888a2c643d0b0e4ad8eb2f1da7,FALSE,BC,1990
SRR1957173,SRR1957173,WGA,,1139547530,PRJNA280606,SAMN03447290,401169043;472534871,BCCDC,,,,,SRX982623,Illumina MiSeq,PAIRED,unspecified,GENOMIC,Giardia intestinalis,ILLUMINA,,VANC/90/UBC/50,SRP056976,,,,,1990,Canada,North America,BC,VANC/90/UBC/50,,,,,,,,,,,,,,,,,,,,,,,,,,,,,,,,,,,,,,,,,,,,,,,,,,,,,,,,,,,,,,,,,,,,SRX982623_SRR1957173,SRP056976,PRJNA9531,SRA249579,2270015,0771d0ad462737710b380cb88fda9d3e;0bddd43adf43810492a22bf6fe4441bd,401169043;472534871,ftp.sra.ebi.ac.uk/vol1/fastq/SRR195/003/SRR1957173/SRR1957173_1.fastq.gz;ftp.sra.ebi.ac.uk/vol1/fastq/SRR195/003/SRR1957173/SRR1957173_2.fastq.gz,ftp.sra.ebi.ac.uk/vol1/fastq/SRR195/003/SRR1957173/SRR1957173_1.fastq.gz;ftp.sra.ebi.ac.uk/vol1/fastq/SRR195/003/SRR1957173/SRR1957173_2.fastq.gz,fasp.sra.ebi.ac.uk:/vol1/fastq/SRR195/003/SRR1957173/SRR1957173_1.fastq.gz;fasp.sra.ebi.ac.uk:/vol1/fastq/SRR195/003/SRR1957173/SRR1957173_2.fastq.gz,ftp.sra.ebi.ac.uk/vol1/fastq/SRR195/003/SRR1957173/SRR1957173_1.fastq.gz,ftp.sra.ebi.ac.uk/vol1/fastq/SRR195/003/SRR1957173/SRR1957173_2.fastq.gz,0771d0ad462737710b380cb88fda9d3e,0bddd43adf43810492a22bf6fe4441bd,FALSE,BC,1990
SRR1957174,SRR1957174,WGA,,1698032068,PRJNA280606,SAMN03447291,586718812;646098029,BCCDC,,,,,SRX982624,Illumina MiSeq,PAIRED,unspecified,GENOMIC,Giardia intestinalis,ILLUMINA,,VANC/90/UBC/52,SRP056976,,,,,1990,Canada,North America,BC,VANC/90/UBC/52,,,,,,,,,,,,,,,,,,,,,,,,,,,,,,,,,,,,,,,,,,,,,,,,,,,,,,,,,,,,,,,,,,,,SRX982624_SRR1957174,SRP056976,PRJNA9531,SRA249579,3382534,85eebc45e7e0ab3d60625ee9473ad016;546d0475f10fc66dee89b510edf750bb,586718812;646098029,ftp.sra.ebi.ac.uk/vol1/fastq/SRR195/004/SRR1957174/SRR1957174_1.fastq.gz;ftp.sra.ebi.ac.uk/vol1/fastq/SRR195/004/SRR1957174/SRR1957174_2.fastq.gz,ftp.sra.ebi.ac.uk/vol1/fastq/SRR195/004/SRR1957174/SRR1957174_1.fastq.gz;ftp.sra.ebi.ac.uk/vol1/fastq/SRR195/004/SRR1957174/SRR1957174_2.fastq.gz,fasp.sra.ebi.ac.uk:/vol1/fastq/SRR195/004/SRR1957174/SRR1957174_1.fastq.gz;fasp.sra.ebi.ac.uk:/vol1/fastq/SRR195/004/SRR1957174/SRR1957174_2.fastq.gz,ftp.sra.ebi.ac.uk/vol1/fastq/SRR195/004/SRR1957174/SRR1957174_1.fastq.gz,ftp.sra.ebi.ac.uk/vol1/fastq/SRR195/004/SRR1957174/SRR1957174_2.fastq.gz,85eebc45e7e0ab3d60625ee9473ad016,546d0475f10fc66dee89b510edf750bb,FALSE,BC,1990
SRR1957175,SRR1957175,WGA,,836955986,PRJNA280606,SAMN03447292,277443147;342213997,BCCDC,,,,,SRX982625,Illumina MiSeq,PAIRED,unspecified,GENOMIC,Giardia intestinalis,ILLUMINA,,VANC/90/UBC/71,SRP056976,,,,,1990,Canada,North America,BC,VANC/90/UBC/71,,,,,,,,,,,,,,,,,,,,,,,,,,,,,,,,,,,,,,,,,,,,,,,,,,,,,,,,,,,,,,,,,,,,SRX982625_SRR1957175,SRP056976,PRJNA9531,SRA249579,1667243,562443445487035b0b999a0ae7417140;27716e6bdb9f708505b66cc082785fef,277443147;342213997,ftp.sra.ebi.ac.uk/vol1/fastq/SRR195/005/SRR1957175/SRR1957175_1.fastq.gz;ftp.sra.ebi.ac.uk/vol1/fastq/SRR195/005/SRR1957175/SRR1957175_2.fastq.gz,ftp.sra.ebi.ac.uk/vol1/fastq/SRR195/005/SRR1957175/SRR1957175_1.fastq.gz;ftp.sra.ebi.ac.uk/vol1/fastq/SRR195/005/SRR1957175/SRR1957175_2.fastq.gz,fasp.sra.ebi.ac.uk:/vol1/fastq/SRR195/005/SRR1957175/SRR1957175_1.fastq.gz;fasp.sra.ebi.ac.uk:/vol1/fastq/SRR195/005/SRR1957175/SRR1957175_2.fastq.gz,ftp.sra.ebi.ac.uk/vol1/fastq/SRR195/005/SRR1957175/SRR1957175_1.fastq.gz,ftp.sra.ebi.ac.uk/vol1/fastq/SRR195/005/SRR1957175/SRR1957175_2.fastq.gz,562443445487035b0b999a0ae7417140,27716e6bdb9f708505b66cc082785fef,FALSE,BC,1990
SRR1957176,SRR1957176,WGA,,1519421472,PRJNA280606,SAMN03447293,559658138;589696894,BCCDC,,,,,SRX982626,Illumina MiSeq,PAIRED,unspecified,GENOMIC,Giardia intestinalis,ILLUMINA,,VANC/90/UBC/40,SRP056976,,,,,1990,Canada,North America,BC,VANC/90/UBC/40,,,,,,,,,,,,,,,,,,,,,,,,,,,,,,,,,,,,,,,,,,,,,,,,,,,,,,,,,,,,,,,,,,,,SRX982626_SRR1957176,SRP056976,PRJNA9531,SRA249579,3026736,d6fa3f552042c72de1a461d96d11ba86;129639efb5216b3f56328ddc3b627897,559658138;589696894,ftp.sra.ebi.ac.uk/vol1/fastq/SRR195/006/SRR1957176/SRR1957176_1.fastq.gz;ftp.sra.ebi.ac.uk/vol1/fastq/SRR195/006/SRR1957176/SRR1957176_2.fastq.gz,ftp.sra.ebi.ac.uk/vol1/fastq/SRR195/006/SRR1957176/SRR1957176_1.fastq.gz;ftp.sra.ebi.ac.uk/vol1/fastq/SRR195/006/SRR1957176/SRR1957176_2.fastq.gz,fasp.sra.ebi.ac.uk:/vol1/fastq/SRR195/006/SRR1957176/SRR1957176_1.fastq.gz;fasp.sra.ebi.ac.uk:/vol1/fastq/SRR195/006/SRR1957176/SRR1957176_2.fastq.gz,ftp.sra.ebi.ac.uk/vol1/fastq/SRR195/006/SRR1957176/SRR1957176_1.fastq.gz,ftp.sra.ebi.ac.uk/vol1/fastq/SRR195/006/SRR1957176/SRR1957176_2.fastq.gz,d6fa3f552042c72de1a461d96d11ba86,129639efb5216b3f56328ddc3b627897,FALSE,BC,1990
SRR1957177,SRR1957177,WGA,,1618642274,PRJNA280606,SAMN03447294,542174978;641841311,BCCDC,,,,,SRX982627,Illumina MiSeq,PAIRED,unspecified,GENOMIC,Giardia intestinalis,ILLUMINA,,VANC/90/UBC/44,SRP056976,,,,,1990,Canada,North America,BC,VANC/90/UBC/44,,,,,,,,,,,,,,,,,,,,,,,,,,,,,,,,,,,,,,,,,,,,,,,,,,,,,,,,,,,,,,,,,,,,SRX982627_SRR1957177,SRP056976,PRJNA9531,SRA249579,3224387,059600806c170a1d90679dab50f2fa0a;a7ab0e25e207bb8efa004a049a50952a,542174978;641841311,ftp.sra.ebi.ac.uk/vol1/fastq/SRR195/007/SRR1957177/SRR1957177_1.fastq.gz;ftp.sra.ebi.ac.uk/vol1/fastq/SRR195/007/SRR1957177/SRR1957177_2.fastq.gz,ftp.sra.ebi.ac.uk/vol1/fastq/SRR195/007/SRR1957177/SRR1957177_1.fastq.gz;ftp.sra.ebi.ac.uk/vol1/fastq/SRR195/007/SRR1957177/SRR1957177_2.fastq.gz,fasp.sra.ebi.ac.uk:/vol1/fastq/SRR195/007/SRR1957177/SRR1957177_1.fastq.gz;fasp.sra.ebi.ac.uk:/vol1/fastq/SRR195/007/SRR1957177/SRR1957177_2.fastq.gz,ftp.sra.ebi.ac.uk/vol1/fastq/SRR195/007/SRR1957177/SRR1957177_1.fastq.gz,ftp.sra.ebi.ac.uk/vol1/fastq/SRR195/007/SRR1957177/SRR1957177_2.fastq.gz,059600806c170a1d90679dab50f2fa0a,a7ab0e25e207bb8efa004a049a50952a,FALSE,BC,1990
SRR1957178,SRR1957178,WGA,,421299484,PRJNA280606,SAMN03447295,142687574;171245698,BCCDC,,,,,SRX982628,Illumina MiSeq,PAIRED,unspecified,GENOMIC,Giardia intestinalis,ILLUMINA,,VANC/90/UBC/60,SRP056976,,,,,1990,Canada,North America,BC,VANC/90/UBC/60,,,,,,,,,,,,,,,,,,,,,,,,,,,,,,,,,,,,,,,,,,,,,,,,,,,,,,,,,,,,,,,,,,,,SRX982628_SRR1957178,SRP056976,PRJNA9531,SRA249579,839242,4a72b28abfb81c5c68b98b075192cd20;0e9ae792d5844f9b7f72b482645a110f,142687574;171245698,ftp.sra.ebi.ac.uk/vol1/fastq/SRR195/008/SRR1957178/SRR1957178_1.fastq.gz;ftp.sra.ebi.ac.uk/vol1/fastq/SRR195/008/SRR1957178/SRR1957178_2.fastq.gz,ftp.sra.ebi.ac.uk/vol1/fastq/SRR195/008/SRR1957178/SRR1957178_1.fastq.gz;ftp.sra.ebi.ac.uk/vol1/fastq/SRR195/008/SRR1957178/SRR1957178_2.fastq.gz,fasp.sra.ebi.ac.uk:/vol1/fastq/SRR195/008/SRR1957178/SRR1957178_1.fastq.gz;fasp.sra.ebi.ac.uk:/vol1/fastq/SRR195/008/SRR1957178/SRR1957178_2.fastq.gz,ftp.sra.ebi.ac.uk/vol1/fastq/SRR195/008/SRR1957178/SRR1957178_1.fastq.gz,ftp.sra.ebi.ac.uk/vol1/fastq/SRR195/008/SRR1957178/SRR1957178_2.fastq.gz,4a72b28abfb81c5c68b98b075192cd20,0e9ae792d5844f9b7f72b482645a110f,FALSE,BC,1990
SRR2158266,SRR2158266,WGS,,788939686,PRJNA280606,SAMN03981847,291320180;321555498,BCCDC,,,,,SRX1154245,Illumina MiSeq,PAIRED,unspecified,GENOMIC,Giardia intestinalis,ILLUMINA,,Goat River  beaver BV17,SRP056976,,,VANC/90/UBC/56,,1990,Canada,North America,BC,VANC/90/UBC/56,,,,,,,,,,,,,,,,,,,,,,,,,,,,,,,,,,,,,,,,,,,,,,,,,,,,,,,,,,,,,,,,,,,,SRX1154245_SRR2158266,SRP056976,PRJNA9531,SRA289039,1571593,fee42e1028efb291fa265bb1d0c09e19;384fa61c9dc2f8963fe2cc52a76ccc74,291320180;321555498,ftp.sra.ebi.ac.uk/vol1/fastq/SRR215/006/SRR2158266/SRR2158266_1.fastq.gz;ftp.sra.ebi.ac.uk/vol1/fastq/SRR215/006/SRR2158266/SRR2158266_2.fastq.gz,ftp.sra.ebi.ac.uk/vol1/fastq/SRR215/006/SRR2158266/SRR2158266_1.fastq.gz;ftp.sra.ebi.ac.uk/vol1/fastq/SRR215/006/SRR2158266/SRR2158266_2.fastq.gz,fasp.sra.ebi.ac.uk:/vol1/fastq/SRR215/006/SRR2158266/SRR2158266_1.fastq.gz;fasp.sra.ebi.ac.uk:/vol1/fastq/SRR215/006/SRR2158266/SRR2158266_2.fastq.gz,ftp.sra.ebi.ac.uk/vol1/fastq/SRR215/006/SRR2158266/SRR2158266_1.fastq.gz,ftp.sra.ebi.ac.uk/vol1/fastq/SRR215/006/SRR2158266/SRR2158266_2.fastq.gz,fee42e1028efb291fa265bb1d0c09e19,384fa61c9dc2f8963fe2cc52a76ccc74,FALSE,BC,1990
SRR2168393,SRR2168393,WGS,,1711749720,PRJNA280606,SAMN03981846,609064368;667576528,BCCDC,,,,,SRX1144605,Illumina MiSeq,PAIRED,unspecified,GENOMIC,Giardia intestinalis,ILLUMINA,,Goat River Beaver UBC53_merged,SRP056976,,,VANC/90/UBC/53,,1990,Canada,North America,BC,VANC/90/UBC/53,,,,,,,,,,,,,,,,,,,,,,,,,,,,,,,,,,,,,,,,,,,,,,,,,,,,,,,,,,,,,,,,,,,,SRX1144605_SRR2168393,SRP056976,PRJNA9531,SRA289039,3409860,f944ea225c9d50f5936589c567669b5d;3bb9b672366ca115855d1f89f065630e,609064368;667576528,ftp.sra.ebi.ac.uk/vol1/fastq/SRR216/003/SRR2168393/SRR2168393_1.fastq.gz;ftp.sra.ebi.ac.uk/vol1/fastq/SRR216/003/SRR2168393/SRR2168393_2.fastq.gz,ftp.sra.ebi.ac.uk/vol1/fastq/SRR216/003/SRR2168393/SRR2168393_1.fastq.gz;ftp.sra.ebi.ac.uk/vol1/fastq/SRR216/003/SRR2168393/SRR2168393_2.fastq.gz,fasp.sra.ebi.ac.uk:/vol1/fastq/SRR216/003/SRR2168393/SRR2168393_1.fastq.gz;fasp.sra.ebi.ac.uk:/vol1/fastq/SRR216/003/SRR2168393/SRR2168393_2.fastq.gz,ftp.sra.ebi.ac.uk/vol1/fastq/SRR216/003/SRR2168393/SRR2168393_1.fastq.gz,ftp.sra.ebi.ac.uk/vol1/fastq/SRR216/003/SRR2168393/SRR2168393_2.fastq.gz,f944ea225c9d50f5936589c567669b5d,3bb9b672366ca115855d1f89f065630e,FALSE,BC,1990
SRR29006273,SRR29006273,WGS,180,1837158480,PRJNA1110996,SAMN41379879,1154707287,WALTER AND ELIZA HALL INSTITUTE OF MEDICAL RESEARCH,public,"sra,run.zq,fastq","ncbi,s3,gs","s3.us-east-1,gs.us-east1,ncbi.public",SRX24533367,Illumina NovaSeq 6000,PAIRED,other,GENOMIC,Giardia duodenalis,ILLUMINA,2025-08-19T00:00:00Z,GduoAI-11,SRP507278,2024-05-13T09:16:00Z,1,10,"Microbe\, viral or environmental",1992-03-11,Afghanistan,Asia,Afghanistan,GduoAI-11,trophozoites,,,Homo sapiens,,,,giardia11,,,,,,,,,,,,,,,,,,,,,,,,,,,,,,,,,,,,,,,,,,,,,,,,,,,,,,,,,,,,,,,,,,,,,,,,,,,,
SRR29006274,SRR29006274,WGS,302,3358042190,PRJNA1110996,SAMN41379878,1469955067,WALTER AND ELIZA HALL INSTITUTE OF MEDICAL RESEARCH,public,"run.zq,sra,fastq","ncbi,s3,gs","ncbi.public,gs.us-east1,s3.us-east-1",SRX24533366,Illumina NovaSeq 6000,PAIRED,other,GENOMIC,Giardia duodenalis,ILLUMINA,2025-08-19T00:00:00Z,VB9,SRP507278,2024-05-13T09:18:00Z,1,9,"Microbe\, viral or environmental",2019-01-01,Italy,Europe,Italy,VB9,trophozoites,,,Homo sapiens,,,,VB9,,,,,,,,,,,,,,,,,,,,,,,,,,,,,,,,,,,,,,,,,,,,,,,,,,,,,,,,,,,,,,,,,,,,,,,,,,,,
SRR29006275,SRR29006275,WGS,302,2442757200,PRJNA1110996,SAMN41379877,1105644915,WALTER AND ELIZA HALL INSTITUTE OF MEDICAL RESEARCH,public,"sra,run.zq,fastq","s3,gs,ncbi","ncbi.public,gs.us-east1,s3.us-east-1",SRX24533365,Illumina NovaSeq 6000,PAIRED,other,GENOMIC,Giardia duodenalis,ILLUMINA,2025-08-19T00:00:00Z,VB7,SRP507278,2024-05-13T09:17:00Z,1,8,"Microbe\, viral or environmental",2019-01-01,Italy,Europe,Italy,VB7,trophozoites,,,Homo sapiens,,,,VB7,,,,,,,,,,,,,,,,,,,,,,,,,,,,,,,,,,,,,,,,,,,,,,,,,,,,,,,,,,,,,,,,,,,,,,,,,,,,
SRR29006276,SRR29006276,WGS,302,3435551698,PRJNA1110996,SAMN41379876,1479819957,WALTER AND ELIZA HALL INSTITUTE OF MEDICAL RESEARCH,public,"fastq,run.zq,sra","gs,ncbi,s3","s3.us-east-1,gs.us-east1,ncbi.public",SRX24533364,Illumina NovaSeq 6000,PAIRED,other,GENOMIC,Giardia duodenalis,ILLUMINA,2025-08-19T00:00:00Z,VB37,SRP507278,2024-05-13T09:18:00Z,1,7,"Microbe\, viral or environmental",2019-01-01,Italy,Europe,Italy,VB37,trophozoites,,,Homo sapiens,,,,VB37,,,,,,,,,,,,,,,,,,,,,,,,,,,,,,,,,,,,,,,,,,,,,,,,,,,,,,,,,,,,,,,,,,,,,,,,,,,,
SRR29006277,SRR29006277,WGS,302,3002911632,PRJNA1110996,SAMN41379875,1311437896,WALTER AND ELIZA HALL INSTITUTE OF MEDICAL RESEARCH,public,"fastq,run.zq,sra","gs,s3,ncbi","s3.us-east-1,gs.us-east1,ncbi.public",SRX24533363,Illumina NovaSeq 6000,PAIRED,other,GENOMIC,Giardia duodenalis,ILLUMINA,2025-08-19T00:00:00Z,VB36,SRP507278,2024-05-13T09:17:00Z,1,6,"Microbe\, viral or environmental",2019-01-01,Italy,Europe,Italy,VB36,trophozoites,,,Homo sapiens,,,,VB36,,,,,,,,,,,,,,,,,,,,,,,,,,,,,,,,,,,,,,,,,,,,,,,,,,,,,,,,,,,,,,,,,,,,,,,,,,,,
SRR29006278,SRR29006278,WGS,302,2858966654,PRJNA1110996,SAMN41379874,1258064201,WALTER AND ELIZA HALL INSTITUTE OF MEDICAL RESEARCH,public,"run.zq,fastq,sra","ncbi,s3,gs","ncbi.public,s3.us-east-1,gs.us-east1",SRX24533362,Illumina NovaSeq 6000,PAIRED,other,GENOMIC,Giardia duodenalis,ILLUMINA,2025-08-19T00:00:00Z,VB11,SRP507278,2024-05-13T09:17:00Z,1,5,"Microbe\, viral or environmental",2019-01-01,Italy,Europe,Italy,VB11,trophozoites,,,Homo sapiens,,,,VB11,,,,,,,,,,,,,,,,,,,,,,,,,,,,,,,,,,,,,,,,,,,,,,,,,,,,,,,,,,,,,,,,,,,,,,,,,,,,
SRR29006279,SRR29006279,WGS,180,1555216560,PRJNA1110996,SAMN41379900,906257526,WALTER AND ELIZA HALL INSTITUTE OF MEDICAL RESEARCH,public,"sra,fastq,run.zq","ncbi,gs,s3","s3.us-east-1,ncbi.public,gs.us-east1",SRX24533361,Illumina NovaSeq 6000,PAIRED,other,GENOMIC,Giardia duodenalis,ILLUMINA,2025-08-19T00:00:00Z,GduoAI-20,SRP507278,2024-05-13T09:16:00Z,1,31,"Microbe\, viral or environmental",1992-02-05,Australia,Oceania,Australia,GduoAI-20,trophozoites,,,Homo sapiens,,,,giardiaPGP2-20-MDA,,,,,,,,,,,,,,,,,,,,,,,,,,,,,,,,,,,,,,,,,,,,,,,,,,,,,,,,,,,,,,,,,,,,,,,,,,,,
SRR29006280,SRR29006280,WGS,302,7921687708,PRJNA1110996,SAMN41379873,3420532113,WALTER AND ELIZA HALL INSTITUTE OF MEDICAL RESEARCH,public,"fastq,sra,run.zq","s3,gs,ncbi","gs.us-east1,ncbi.public,s3.us-east-1",SRX24533360,Illumina NovaSeq 6000,PAIRED,other,GENOMIC,Giardia duodenalis,ILLUMINA,2025-08-19T00:00:00Z,VAJ,SRP507278,2024-05-13T09:22:00Z,1,4,"Microbe\, viral or environmental",not applicable,USA,North America,USA,VAJ,trophozoites,,,Homo sapiens,,,,VAJ,,,,,,,,,,,,,,,,,,,,,,,,,,,,,,,,,,,,,,,,,,,,,,,,,,,,,,,,,,,,,,,,,,,,,,,,,,,,
SRR29006281,SRR29006281,WGS,180,1370076120,PRJNA1110996,SAMN41379899,789761076,WALTER AND ELIZA HALL INSTITUTE OF MEDICAL RESEARCH,public,"fastq,sra,run.zq","ncbi,gs,s3","s3.us-east-1,gs.us-east1,ncbi.public",SRX24533359,Illumina NovaSeq 6000,PAIRED,other,GENOMIC,Giardia duodenalis,ILLUMINA,2025-08-19T00:00:00Z,GduoAI-2,SRP507278,2024-05-13T09:15:00Z,1,30,"Microbe\, viral or environmental",1994-10-10,Australia,Oceania,Australia,GduoAI-2,trophozoites,,,Homo sapiens,,,,giardiaPGP2-2-MDA,,,,,,,,,,,,,,,,,,,,,,,,,,,,,,,,,,,,,,,,,,,,,,,,,,,,,,,,,,,,,,,,,,,,,,,,,,,,
SRR29006282,SRR29006282,WGS,180,1420370100,PRJNA1110996,SAMN41379898,828934498,WALTER AND ELIZA HALL INSTITUTE OF MEDICAL RESEARCH,public,"sra,run.zq,fastq","ncbi,s3,gs","s3.us-east-1,ncbi.public,gs.us-east1",SRX24533358,Illumina NovaSeq 6000,PAIRED,other,GENOMIC,Giardia duodenalis,ILLUMINA,2025-08-19T00:00:00Z,GduoAI-17,SRP507278,2024-05-13T09:15:00Z,1,29,"Microbe\, viral or environmental",1992-03-03,Australia,Oceania,Australia,GduoAI-17,trophozoites,,,Homo sapiens,,,,giardiaPGP2-17-MDA,,,,,,,,,,,,,,,,,,,,,,,,,,,,,,,,,,,,,,,,,,,,,,,,,,,,,,,,,,,,,,,,,,,,,,,,,,,,
SRR29006283,SRR29006283,WGS,180,1459910340,PRJNA1110996,SAMN41379897,848823040,WALTER AND ELIZA HALL INSTITUTE OF MEDICAL RESEARCH,public,"fastq,sra,run.zq","gs,s3,ncbi","gs.us-east1,s3.us-east-1,ncbi.public",SRX24533357,Illumina NovaSeq 6000,PAIRED,other,GENOMIC,Giardia duodenalis,ILLUMINA,2025-08-19T00:00:00Z,GduoAI-16,SRP507278,2024-05-13T09:15:00Z,1,28,"Microbe\, viral or environmental",1991-09-17,Australia,Oceania,Australia,GduoAI-16,trophozoites,,,Homo sapiens,,,,giardiaPGP2-16-MDA,,,,,,,,,,,,,,,,,,,,,,,,,,,,,,,,,,,,,,,,,,,,,,,,,,,,,,,,,,,,,,,,,,,,,,,,,,,,
SRR29006284,SRR29006284,WGS,180,1384205040,PRJNA1110996,SAMN41379896,804012136,WALTER AND ELIZA HALL INSTITUTE OF MEDICAL RESEARCH,public,"fastq,run.zq,sra","s3,ncbi,gs","gs.us-east1,s3.us-east-1,ncbi.public",SRX24533356,Illumina NovaSeq 6000,PAIRED,other,GENOMIC,Giardia duodenalis,ILLUMINA,2025-08-19T00:00:00Z,GduoAI-15,SRP507278,2024-05-13T09:15:00Z,1,27,"Microbe\, viral or environmental",2001-06-14,Afghanistan,Asia,Afghanistan,GduoAI-15,trophozoites,,,Homo sapiens,,,,giardiaPGP2-15-MDA,,,,,,,,,,,,,,,,,,,,,,,,,,,,,,,,,,,,,,,,,,,,,,,,,,,,,,,,,,,,,,,,,,,,,,,,,,,,
SRR29006285,SRR29006285,WGS,180,1345112100,PRJNA1110996,SAMN41379895,782431567,WALTER AND ELIZA HALL INSTITUTE OF MEDICAL RESEARCH,public,"run.zq,fastq,sra","ncbi,gs,s3","gs.us-east1,s3.us-east-1,ncbi.public",SRX24533355,Illumina NovaSeq 6000,PAIRED,other,GENOMIC,Giardia duodenalis,ILLUMINA,2025-08-19T00:00:00Z,GduoAI-14,SRP507278,2024-05-13T09:16:00Z,1,26,"Microbe\, viral or environmental",1999-03-22,Afghanistan,Asia,Afghanistan,GduoAI-14,trophozoites,,,Homo sapiens,,,,giardiaPGP2-14-MDA,,,,,,,,,,,,,,,,,,,,,,,,,,,,,,,,,,,,,,,,,,,,,,,,,,,,,,,,,,,,,,,,,,,,,,,,,,,,
SRR29006286,SRR29006286,WGS,180,1376499780,PRJNA1110996,SAMN41379894,790354074,WALTER AND ELIZA HALL INSTITUTE OF MEDICAL RESEARCH,public,"fastq,sra,run.zq","s3,ncbi,gs","s3.us-east-1,gs.us-east1,ncbi.public",SRX24533354,Illumina NovaSeq 6000,PAIRED,other,GENOMIC,Giardia duodenalis,ILLUMINA,2025-08-19T00:00:00Z,GduoAI-10,SRP507278,2024-05-13T09:15:00Z,1,25,"Microbe\, viral or environmental",1991-08-13,Canada,North America,Canada,GduoAI-10,trophozoites,,,Sheep,,,,giardiaPGP2-10-MDA,,,,,,,,,,,,,,,,,,,,,,,,,,,,,,,,,,,,,,,,,,,,,,,,,,,,,,,,,,,,,,,,,,,,,,,,,,,,
SRR29006287,SRR29006287,WGS,180,1246460580,PRJNA1110996,SAMN41379893,710395478,WALTER AND ELIZA HALL INSTITUTE OF MEDICAL RESEARCH,public,"fastq,run.zq,sra","gs,ncbi,s3","ncbi.public,gs.us-east1,s3.us-east-1",SRX24533353,Illumina NovaSeq 6000,PAIRED,other,GENOMIC,Giardia duodenalis,ILLUMINA,2025-08-19T00:00:00Z,GduoAI-9,SRP507278,2024-05-13T09:15:00Z,1,24,"Microbe\, viral or environmental",1991-09-02,Canada,North America,Canada,GduoAI-9,trophozoites,,,Sheep,,,,giardia9,,,,,,,,,,,,,,,,,,,,,,,,,,,,,,,,,,,,,,,,,,,,,,,,,,,,,,,,,,,,,,,,,,,,,,,,,,,,
SRR29006288,SRR29006288,WGS,180,1432472760,PRJNA1110996,SAMN41379892,817841058,WALTER AND ELIZA HALL INSTITUTE OF MEDICAL RESEARCH,public,"run.zq,fastq,sra","s3,gs,ncbi","ncbi.public,s3.us-east-1,gs.us-east1",SRX24533352,Illumina NovaSeq 6000,PAIRED,other,GENOMIC,Giardia duodenalis,ILLUMINA,2025-08-19T00:00:00Z,GduoAI-8,SRP507278,2024-05-13T09:15:00Z,1,23,"Microbe\, viral or environmental",1992-04-01,Australia,Oceania,Australia,GduoAI-8,trophozoites,,,Homo sapiens,,,,giardia8,,,,,,,,,,,,,,,,,,,,,,,,,,,,,,,,,,,,,,,,,,,,,,,,,,,,,,,,,,,,,,,,,,,,,,,,,,,,
SRR29006289,SRR29006289,WGS,180,1497241080,PRJNA1110996,SAMN41379891,862533090,WALTER AND ELIZA HALL INSTITUTE OF MEDICAL RESEARCH,public,"sra,fastq,run.zq","ncbi,s3,gs","gs.us-east1,ncbi.public,s3.us-east-1",SRX24533351,Illumina NovaSeq 6000,PAIRED,other,GENOMIC,Giardia duodenalis,ILLUMINA,2025-08-19T00:00:00Z,GduoAI-6,SRP507278,2024-05-13T09:15:00Z,1,22,"Microbe\, viral or environmental",1991-04-01,uncalculated,uncalculated,,GduoAI-6,trophozoites,,,Cat,,,,giardia6,,,,,,,,,,,,,,,,,,,,,,,,,,,,,,,,,,,,,,,,,,,,,,,,,,,,,,,,,,,,,,,,,,,,,,,,,,,,
SRR29006290,SRR29006290,WGS,180,1266598440,PRJNA1110996,SAMN41379890,730444351,WALTER AND ELIZA HALL INSTITUTE OF MEDICAL RESEARCH,public,"fastq,sra,run.zq","ncbi,gs,s3","gs.us-east1,ncbi.public,s3.us-east-1",SRX24533350,Illumina NovaSeq 6000,PAIRED,other,GENOMIC,Giardia duodenalis,ILLUMINA,2025-08-19T00:00:00Z,GduoAI-5,SRP507278,2024-05-13T09:15:00Z,1,21,"Microbe\, viral or environmental",1991-08-29,uncalculated,uncalculated,,GduoAI-5,trophozoites,,,Cat,,,,giardia5,,,,,,,,,,,,,,,,,,,,,,,,,,,,,,,,,,,,,,,,,,,,,,,,,,,,,,,,,,,,,,,,,,,,,,,,,,,,
SRR29006291,SRR29006291,WGS,302,6856791616,PRJNA1110996,SAMN41379872,2948976894,WALTER AND ELIZA HALL INSTITUTE OF MEDICAL RESEARCH,public,"fastq,sra,run.zq","gs,ncbi,s3","s3.us-east-1,ncbi.public,gs.us-east1",SRX24533349,Illumina NovaSeq 6000,PAIRED,other,GENOMIC,Giardia duodenalis,ILLUMINA,2025-08-19T00:00:00Z,K188,SRP507278,2024-05-13T09:22:00Z,1,3,"Microbe\, viral or environmental",1992-02-26,Czech Republic,Europe,Czech Republic,K188,trophozoites,,,Cat,,,,K188,,,,,,,,,,,,,,,,,,,,,,,,,,,,,,,,,,,,,,,,,,,,,,,,,,,,,,,,,,,,,,,,,,,,,,,,,,,,
SRR29006292,SRR29006292,WGS,180,1510483500,PRJNA1110996,SAMN41379889,920516294,WALTER AND ELIZA HALL INSTITUTE OF MEDICAL RESEARCH,public,"sra,run.zq,fastq","ncbi,s3,gs","ncbi.public,gs.us-east1,s3.us-east-1",SRX24533348,Illumina NovaSeq 6000,PAIRED,other,GENOMIC,Giardia duodenalis,ILLUMINA,2025-08-19T00:00:00Z,GduoAII-43,SRP507278,2024-05-13T09:17:00Z,1,20,"Microbe\, viral or environmental",1991-12-13,Australia,Oceania,Australia,GduoAII-43,trophozoites,,,Homo sapiens,,,,giardia43,,,,,,,,,,,,,,,,,,,,,,,,,,,,,,,,,,,,,,,,,,,,,,,,,,,,,,,,,,,,,,,,,,,,,,,,,,,,
SRR29006293,SRR29006293,WGS,180,1275574320,PRJNA1110996,SAMN41379888,733619445,WALTER AND ELIZA HALL INSTITUTE OF MEDICAL RESEARCH,public,"run.zq,sra,fastq","gs,s3,ncbi","s3.us-east-1,ncbi.public,gs.us-east1",SRX24533347,Illumina NovaSeq 6000,PAIRED,other,GENOMIC,Giardia duodenalis,ILLUMINA,2025-08-19T00:00:00Z,GduoAI-4,SRP507278,2024-05-13T09:16:00Z,1,19,"Microbe\, viral or environmental",2000-01-26,Australia,Oceania,Australia,GduoAI-4,trophozoites,,,Homo sapiens,,,,giardia4,,,,,,,,,,,,,,,,,,,,,,,,,,,,,,,,,,,,,,,,,,,,,,,,,,,,,,,,,,,,,,,,,,,,,,,,,,,,
SRR29006294,SRR29006294,WGS,180,1541306520,PRJNA1110996,SAMN41379887,971156724,WALTER AND ELIZA HALL INSTITUTE OF MEDICAL RESEARCH,public,"sra,run.zq,fastq","s3,gs,ncbi","s3.us-east-1,gs.us-east1,ncbi.public",SRX24533346,Illumina NovaSeq 6000,PAIRED,other,GENOMIC,Giardia duodenalis,ILLUMINA,2025-08-19T00:00:00Z,GduoAII-31,SRP507278,2024-05-13T09:17:00Z,1,18,"Microbe\, viral or environmental",1993-06-22,Australia,Oceania,Australia,GduoAII-31,trophozoites,,,Homo sapiens,,,,giardia31,,,,,,,,,,,,,,,,,,,,,,,,,,,,,,,,,,,,,,,,,,,,,,,,,,,,,,,,,,,,,,,,,,,,,,,,,,,,
SRR29006295,SRR29006295,WGS,180,1596793500,PRJNA1110996,SAMN41379886,1005842578,WALTER AND ELIZA HALL INSTITUTE OF MEDICAL RESEARCH,public,"run.zq,fastq,sra","s3,ncbi,gs","gs.us-east1,s3.us-east-1,ncbi.public",SRX24533345,Illumina NovaSeq 6000,PAIRED,other,GENOMIC,Giardia duodenalis,ILLUMINA,2025-08-19T00:00:00Z,GduoAI-3,SRP507278,2024-05-13T09:17:00Z,1,17,"Microbe\, viral or environmental",1994-08-25,Australia,Oceania,Australia,GduoAI-3,trophozoites,,,Homo sapiens,,,,giardia3,,,,,,,,,,,,,,,,,,,,,,,,,,,,,,,,,,,,,,,,,,,,,,,,,,,,,,,,,,,,,,,,,,,,,,,,,,,,
SRR29006296,SRR29006296,WGS,180,1399349520,PRJNA1110996,SAMN41379885,914510294,WALTER AND ELIZA HALL INSTITUTE OF MEDICAL RESEARCH,public,"sra,fastq,run.zq","ncbi,s3,gs","ncbi.public,s3.us-east-1,gs.us-east1",SRX24533344,Illumina NovaSeq 6000,PAIRED,other,GENOMIC,Giardia duodenalis,ILLUMINA,2025-08-19T00:00:00Z,GduoAI-27,SRP507278,2024-05-13T09:16:00Z,1,16,"Microbe\, viral or environmental",1998-02-09,Australia,Oceania,Australia,GduoAI-27,trophozoites,,,Homo sapiens,,,,giardia27,,,,,,,,,,,,,,,,,,,,,,,,,,,,,,,,,,,,,,,,,,,,,,,,,,,,,,,,,,,,,,,,,,,,,,,,,,,,
SRR29006297,SRR29006297,WGS,180,2084459400,PRJNA1110996,SAMN41379884,1279442454,WALTER AND ELIZA HALL INSTITUTE OF MEDICAL RESEARCH,public,"sra,fastq,run.zq","ncbi,gs,s3","ncbi.public,s3.us-east-1,gs.us-east1",SRX24533343,Illumina NovaSeq 6000,PAIRED,other,GENOMIC,Giardia duodenalis,ILLUMINA,2025-08-19T00:00:00Z,GduoAII-26,SRP507278,2024-05-13T09:18:00Z,1,15,"Microbe\, viral or environmental",1992-08-21,Australia,Oceania,Australia,GduoAII-26,trophozoites,,,Homo sapiens,,,,giardia26,,,,,,,,,,,,,,,,,,,,,,,,,,,,,,,,,,,,,,,,,,,,,,,,,,,,,,,,,,,,,,,,,,,,,,,,,,,,
SRR29006298,SRR29006298,WGS,180,1495355220,PRJNA1110996,SAMN41379883,976774702,WALTER AND ELIZA HALL INSTITUTE OF MEDICAL RESEARCH,public,"run.zq,sra,fastq","gs,ncbi,s3","s3.us-east-1,ncbi.public,gs.us-east1",SRX24533342,Illumina NovaSeq 6000,PAIRED,other,GENOMIC,Giardia duodenalis,ILLUMINA,2025-08-19T00:00:00Z,GduoAI-24,SRP507278,2024-05-13T09:17:00Z,1,14,"Microbe\, viral or environmental",1992-04-14,Australia,Oceania,Australia,GduoAI-24,trophozoites,,,Homo sapiens,,,,giardia24,,,,,,,,,,,,,,,,,,,,,,,,,,,,,,,,,,,,,,,,,,,,,,,,,,,,,,,,,,,,,,,,,,,,,,,,,,,,
SRR29006299,SRR29006299,WGS,180,1453180320,PRJNA1110996,SAMN41379882,950097544,WALTER AND ELIZA HALL INSTITUTE OF MEDICAL RESEARCH,public,"fastq,sra,run.zq","gs,s3,ncbi","gs.us-east1,s3.us-east-1,ncbi.public",SRX24533341,Illumina NovaSeq 6000,PAIRED,other,GENOMIC,Giardia duodenalis,ILLUMINA,2025-08-19T00:00:00Z,GduoAI-23,SRP507278,2024-05-13T09:17:00Z,1,13,"Microbe\, viral or environmental",1995-06-05,Malaysia,Asia,Malaysia,GduoAI-23,trophozoites,,,Homo sapiens,,,,giardia23,,,,,,,,,,,,,,,,,,,,,,,,,,,,,,,,,,,,,,,,,,,,,,,,,,,,,,,,,,,,,,,,,,,,,,,,,,,,
SRR29006300,SRR29006300,WGS,180,1565726040,PRJNA1110996,SAMN41379881,1023786521,WALTER AND ELIZA HALL INSTITUTE OF MEDICAL RESEARCH,public,"sra,run.zq,fastq","gs,s3,ncbi","gs.us-east1,ncbi.public,s3.us-east-1",SRX24533340,Illumina NovaSeq 6000,PAIRED,other,GENOMIC,Giardia duodenalis,ILLUMINA,2025-08-19T00:00:00Z,GduoAI-13,SRP507278,2024-05-13T09:17:00Z,1,12,"Microbe\, viral or environmental",1997-09-19,Afghanistan,Asia,Afghanistan,GduoAI-13,trophozoites,,,Homo sapiens,,,,giardia13,,,,,,,,,,,,,,,,,,,,,,,,,,,,,,,,,,,,,,,,,,,,,,,,,,,,,,,,,,,,,,,,,,,,,,,,,,,,
SRR29006301,SRR29006301,WGS,180,1602032940,PRJNA1110996,SAMN41379880,1009819844,WALTER AND ELIZA HALL INSTITUTE OF MEDICAL RESEARCH,public,"sra,run.zq,fastq","ncbi,s3,gs","gs.us-east1,s3.us-east-1,ncbi.public",SRX24533339,Illumina NovaSeq 6000,PAIRED,other,GENOMIC,Giardia duodenalis,ILLUMINA,2025-08-19T00:00:00Z,GduoAI-12,SRP507278,2024-05-13T09:17:00Z,1,11,"Microbe\, viral or environmental",1994-08-30,Afghanistan,Asia,Afghanistan,GduoAI-12,trophozoites,,,Homo sapiens,,,,giardia12,,,,,,,,,,,,,,,,,,,,,,,,,,,,,,,,,,,,,,,,,,,,,,,,,,,,,,,,,,,,,,,,,,,,,,,,,,,,
SRR29006302,SRR29006302,WGS,150,3114973200,PRJNA1110996,SAMN41379871,2100224099,WALTER AND ELIZA HALL INSTITUTE OF MEDICAL RESEARCH,public,"run.zq,fastq,sra","ncbi,s3,gs","ncbi.public,gs.us-east1,s3.us-east-1",SRX24533338,Illumina NovaSeq 6000,PAIRED,other,GENOMIC,Giardia duodenalis,ILLUMINA,2025-08-19T00:00:00Z,C6,SRP507278,2024-05-13T09:17:00Z,1,2,"Microbe\, viral or environmental",not applicable,Afghanistan,Asia,Afghanistan,C6,trophozoites,,,Homo sapiens,,,,C6,,,,,,,,,,,,,,,,,,,,,,,,,,,,,,,,,,,,,,,,,,,,,,,,,,,,,,,,,,,,,,,,,,,,,,,,,,,,
SRR29006303,SRR29006303,WGS,150,1930908300,PRJNA1110996,SAMN41379870,1382602872,WALTER AND ELIZA HALL INSTITUTE OF MEDICAL RESEARCH,public,"run.zq,fastq,sra","ncbi,gs,s3","ncbi.public,s3.us-east-1,gs.us-east1",SRX24533337,Illumina NovaSeq 6000,PAIRED,other,GENOMIC,Giardia duodenalis,ILLUMINA,2025-08-19T00:00:00Z,C4,SRP507278,2024-05-13T09:17:00Z,1,1,"Microbe\, viral or environmental",not applicable,Afghanistan,Asia,Afghanistan,C4,trophozoites,,,Homo sapiens,,,,C4,,,,,,,,,,,,,,,,,,,,,,,,,,,,,,,,,,,,,,,,,,,,,,,,,,,,,,,,,,,,,,,,,,,,,,,,,,,,
SRR3177738,SRR3177738,WGS,,2158829916,PRJNA280606,SAMN04494398,725622607;822297293,BCCDC,,,,,SRX1592101,Illumina MiSeq,PAIRED,RANDOM,GENOMIC,Giardia intestinalis,ILLUMINA,,ATCC30888_13_L001_R1_001.fastq,SRP056976,,,ATCC30888:13,,1985,Not Applicable,Not Applicable,ATCC-OREGON,ATCC:30888,,,,,,,,,,,,,,,,,,,,,,,,,,,,,,,,,,,,,,,,,,,,,,,,,,,,,,,,,,,,,,,,,,,,SRX1592101_SRR3177738,SRP056976,PRJNA9531,SRA355098,4300458,bee3b2444e88feeb5532222080a2a98f;33c14a3f530481ff5a44f2c0125942a9,725622607;822297293,ftp.sra.ebi.ac.uk/vol1/fastq/SRR317/008/SRR3177738/SRR3177738_1.fastq.gz;ftp.sra.ebi.ac.uk/vol1/fastq/SRR317/008/SRR3177738/SRR3177738_2.fastq.gz,ftp.sra.ebi.ac.uk/vol1/fastq/SRR317/008/SRR3177738/SRR3177738_1.fastq.gz;ftp.sra.ebi.ac.uk/vol1/fastq/SRR317/008/SRR3177738/SRR3177738_2.fastq.gz,fasp.sra.ebi.ac.uk:/vol1/fastq/SRR317/008/SRR3177738/SRR3177738_1.fastq.gz;fasp.sra.ebi.ac.uk:/vol1/fastq/SRR317/008/SRR3177738/SRR3177738_2.fastq.gz,ftp.sra.ebi.ac.uk/vol1/fastq/SRR317/008/SRR3177738/SRR3177738_1.fastq.gz,ftp.sra.ebi.ac.uk/vol1/fastq/SRR317/008/SRR3177738/SRR3177738_2.fastq.gz,bee3b2444e88feeb5532222080a2a98f,33c14a3f530481ff5a44f2c0125942a9,FALSE,ATCC-OREGON,1985
SRR3177739,SRR3177739,WGS,,924922450,PRJNA280606,SAMN04494399,396303106;394294973,BCCDC,,,,,SRX1592162,Illumina MiSeq,PAIRED,RANDOM,GENOMIC,Giardia intestinalis,ILLUMINA,,ATCC50830_120_3_R1_001.fastq,SRP056976,,,ATCC50830:120_3,,2014,Not Applicable,Not Applicable,ATCC-MARYLAND,ATCC:50830,,,,,,,,,,,,,,,,,,,,,,,,,,,,,,,,,,,,,,,,,,,,,,,,,,,,,,,,,,,,,,,,,,,,SRX1592162_SRR3177739,SRP056976,PRJNA9531,SRA355098,1842475,b31b7d3450be630adcb8e5fe693d88e3;acd58a837f54f3e71040b83fa8f73a2f,396303106;394294973,ftp.sra.ebi.ac.uk/vol1/fastq/SRR317/009/SRR3177739/SRR3177739_1.fastq.gz;ftp.sra.ebi.ac.uk/vol1/fastq/SRR317/009/SRR3177739/SRR3177739_2.fastq.gz,ftp.sra.ebi.ac.uk/vol1/fastq/SRR317/009/SRR3177739/SRR3177739_1.fastq.gz;ftp.sra.ebi.ac.uk/vol1/fastq/SRR317/009/SRR3177739/SRR3177739_2.fastq.gz,fasp.sra.ebi.ac.uk:/vol1/fastq/SRR317/009/SRR3177739/SRR3177739_1.fastq.gz;fasp.sra.ebi.ac.uk:/vol1/fastq/SRR317/009/SRR3177739/SRR3177739_2.fastq.gz,ftp.sra.ebi.ac.uk/vol1/fastq/SRR317/009/SRR3177739/SRR3177739_1.fastq.gz,ftp.sra.ebi.ac.uk/vol1/fastq/SRR317/009/SRR3177739/SRR3177739_2.fastq.gz,b31b7d3450be630adcb8e5fe693d88e3,acd58a837f54f3e71040b83fa8f73a2f,FALSE,ATCC-MARYLAND,2014
SRR3177740,SRR3177740,WGS,,2150612176,PRJNA280606,SAMN04494408,873937856;855258804,BCCDC,,,,,SRX1592163,Illumina MiSeq,PAIRED,RANDOM,GENOMIC,Giardia intestinalis,ILLUMINA,,HAMILTON7_75_R1_001.fastq,SRP056976,,,HAMILTON7/75,,1991,New Zealand,North America,NEW ZEALAND,HAMILTON7/75,,,,,,,,,,,,,,,,,,,,,,,,,,,,,,,,,,,,,,,,,,,,,,,,,,,,,,,,,,,,,,,,,,,,SRX1592163_SRR3177740,SRP056976,PRJNA9531,SRA355098,4284088,b816ccccf22c6ff0f9ae09034b3ce09e;32a1b303fbfc37f72ce79c0421aac0b5,873937856;855258804,ftp.sra.ebi.ac.uk/vol1/fastq/SRR317/000/SRR3177740/SRR3177740_1.fastq.gz;ftp.sra.ebi.ac.uk/vol1/fastq/SRR317/000/SRR3177740/SRR3177740_2.fastq.gz,ftp.sra.ebi.ac.uk/vol1/fastq/SRR317/000/SRR3177740/SRR3177740_1.fastq.gz;ftp.sra.ebi.ac.uk/vol1/fastq/SRR317/000/SRR3177740/SRR3177740_2.fastq.gz,fasp.sra.ebi.ac.uk:/vol1/fastq/SRR317/000/SRR3177740/SRR3177740_1.fastq.gz;fasp.sra.ebi.ac.uk:/vol1/fastq/SRR317/000/SRR3177740/SRR3177740_2.fastq.gz,ftp.sra.ebi.ac.uk/vol1/fastq/SRR317/000/SRR3177740/SRR3177740_1.fastq.gz,ftp.sra.ebi.ac.uk/vol1/fastq/SRR317/000/SRR3177740/SRR3177740_2.fastq.gz,b816ccccf22c6ff0f9ae09034b3ce09e,32a1b303fbfc37f72ce79c0421aac0b5,FALSE,NEW ZEALAND,1991
SRR3177741,SRR3177741,WGS,,1028956428,PRJNA280606,SAMN04494409,441889323;425088673,BCCDC,,,,,SRX1592164,Illumina MiSeq,PAIRED,RANDOM,GENOMIC,Giardia intestinalis,ILLUMINA,,HAMILTON84_76_R2_001.fastq,SRP056976,,,HAMILTON84/76,,1991,New Zealand,North America,NEW ZEALAND,HAMILTON84/76,,,,,,,,,,,,,,,,,,,,,,,,,,,,,,,,,,,,,,,,,,,,,,,,,,,,,,,,,,,,,,,,,,,,SRX1592164_SRR3177741,SRP056976,PRJNA9531,SRA355098,2049714,de9c06caa6d78a09a0d21eb6560d6e16;cb6eb89670d540bcfc43a2cc1606fdc2,441889323;425088673,ftp.sra.ebi.ac.uk/vol1/fastq/SRR317/001/SRR3177741/SRR3177741_1.fastq.gz;ftp.sra.ebi.ac.uk/vol1/fastq/SRR317/001/SRR3177741/SRR3177741_2.fastq.gz,ftp.sra.ebi.ac.uk/vol1/fastq/SRR317/001/SRR3177741/SRR3177741_1.fastq.gz;ftp.sra.ebi.ac.uk/vol1/fastq/SRR317/001/SRR3177741/SRR3177741_2.fastq.gz,fasp.sra.ebi.ac.uk:/vol1/fastq/SRR317/001/SRR3177741/SRR3177741_1.fastq.gz;fasp.sra.ebi.ac.uk:/vol1/fastq/SRR317/001/SRR3177741/SRR3177741_2.fastq.gz,ftp.sra.ebi.ac.uk/vol1/fastq/SRR317/001/SRR3177741/SRR3177741_1.fastq.gz,ftp.sra.ebi.ac.uk/vol1/fastq/SRR317/001/SRR3177741/SRR3177741_2.fastq.gz,de9c06caa6d78a09a0d21eb6560d6e16,cb6eb89670d540bcfc43a2cc1606fdc2,FALSE,NEW ZEALAND,1991
SRR3177742,SRR3177742,WGS,,860087256,PRJNA280606,SAMN04494410,313460757;317796143,BCCDC,,,,,SRX1592165,Illumina MiSeq,PAIRED,RANDOM,GENOMIC,Giardia intestinalis,ILLUMINA,,MONASTASHE_6_L001_R2_001.fastq,SRP056976,,,MONASTASHE/6,,1986,USA,North America,USA,MONASTASHE/6,,,,,,,,,,,,,,,,,,,,,,,,,,,,,,,,,,,,,,,,,,,,,,,,,,,,,,,,,,,,,,,,,,,,SRX1592165_SRR3177742,SRP056976,PRJNA9531,SRA355098,1806906,7c3630ec235eea06d24dd920d86da7f8;03d03e36a9a577d34d0685900c1a7396,313460757;317796143,ftp.sra.ebi.ac.uk/vol1/fastq/SRR317/002/SRR3177742/SRR3177742_1.fastq.gz;ftp.sra.ebi.ac.uk/vol1/fastq/SRR317/002/SRR3177742/SRR3177742_2.fastq.gz,ftp.sra.ebi.ac.uk/vol1/fastq/SRR317/002/SRR3177742/SRR3177742_1.fastq.gz;ftp.sra.ebi.ac.uk/vol1/fastq/SRR317/002/SRR3177742/SRR3177742_2.fastq.gz,fasp.sra.ebi.ac.uk:/vol1/fastq/SRR317/002/SRR3177742/SRR3177742_1.fastq.gz;fasp.sra.ebi.ac.uk:/vol1/fastq/SRR317/002/SRR3177742/SRR3177742_2.fastq.gz,ftp.sra.ebi.ac.uk/vol1/fastq/SRR317/002/SRR3177742/SRR3177742_1.fastq.gz,ftp.sra.ebi.ac.uk/vol1/fastq/SRR317/002/SRR3177742/SRR3177742_2.fastq.gz,7c3630ec235eea06d24dd920d86da7f8,03d03e36a9a577d34d0685900c1a7396,FALSE,USA,1986
SRR3177743,SRR3177743,WGS,,1155481010,PRJNA280606,SAMN04494411,488540026;478914161,BCCDC,,,,,SRX1592166,Illumina MiSeq,PAIRED,RANDOM,GENOMIC,Giardia intestinalis,ILLUMINA,,S1_16_R1_001.fastq,SRP056976,,,S1/16,,1987,Canada,North America,AB,S1/16,,,,,,,,,,,,,,,,,,,,,,,,,,,,,,,,,,,,,,,,,,,,,,,,,,,,,,,,,,,,,,,,,,,,SRX1592166_SRR3177743,SRP056976,PRJNA9531,SRA355098,2301755,6ed9af3429a027c9bf95686f11efe080;bf50de2491e06e49f97489d9d51899c3,488540026;478914161,ftp.sra.ebi.ac.uk/vol1/fastq/SRR317/003/SRR3177743/SRR3177743_1.fastq.gz;ftp.sra.ebi.ac.uk/vol1/fastq/SRR317/003/SRR3177743/SRR3177743_2.fastq.gz,ftp.sra.ebi.ac.uk/vol1/fastq/SRR317/003/SRR3177743/SRR3177743_1.fastq.gz;ftp.sra.ebi.ac.uk/vol1/fastq/SRR317/003/SRR3177743/SRR3177743_2.fastq.gz,fasp.sra.ebi.ac.uk:/vol1/fastq/SRR317/003/SRR3177743/SRR3177743_1.fastq.gz;fasp.sra.ebi.ac.uk:/vol1/fastq/SRR317/003/SRR3177743/SRR3177743_2.fastq.gz,ftp.sra.ebi.ac.uk/vol1/fastq/SRR317/003/SRR3177743/SRR3177743_1.fastq.gz,ftp.sra.ebi.ac.uk/vol1/fastq/SRR317/003/SRR3177743/SRR3177743_2.fastq.gz,6ed9af3429a027c9bf95686f11efe080,bf50de2491e06e49f97489d9d51899c3,FALSE,AB,1987
SRR3177744,SRR3177744,WGS,,842033052,PRJNA280606,SAMN04494412,321741378;292657222,BCCDC,,,,,SRX1592171,Illumina MiSeq,PAIRED,RANDOM,GENOMIC,Giardia intestinalis,ILLUMINA,,VANC_85_UBC_1_L001_R1_001.fastq,SRP056976,,,VANC/85/UBC/1,,1985,Canada,North America,BC,VANC/85/UBC/1,,,,,,,,,,,,,,,,,,,,,,,,,,,,,,,,,,,,,,,,,,,,,,,,,,,,,,,,,,,,,,,,,,,,SRX1592171_SRR3177744,SRP056976,PRJNA9531,SRA355098,1768977,52294f8a7cd1e169f265789dff5e0a92;236d669cafbe4d9c44029d29f68a4d60,321741378;292657222,ftp.sra.ebi.ac.uk/vol1/fastq/SRR317/004/SRR3177744/SRR3177744_1.fastq.gz;ftp.sra.ebi.ac.uk/vol1/fastq/SRR317/004/SRR3177744/SRR3177744_2.fastq.gz,ftp.sra.ebi.ac.uk/vol1/fastq/SRR317/004/SRR3177744/SRR3177744_1.fastq.gz;ftp.sra.ebi.ac.uk/vol1/fastq/SRR317/004/SRR3177744/SRR3177744_2.fastq.gz,fasp.sra.ebi.ac.uk:/vol1/fastq/SRR317/004/SRR3177744/SRR3177744_1.fastq.gz;fasp.sra.ebi.ac.uk:/vol1/fastq/SRR317/004/SRR3177744/SRR3177744_2.fastq.gz,ftp.sra.ebi.ac.uk/vol1/fastq/SRR317/004/SRR3177744/SRR3177744_1.fastq.gz,ftp.sra.ebi.ac.uk/vol1/fastq/SRR317/004/SRR3177744/SRR3177744_2.fastq.gz,52294f8a7cd1e169f265789dff5e0a92,236d669cafbe4d9c44029d29f68a4d60,FALSE,BC,1985
SRR3177745,SRR3177745,WGS,,1301523854,PRJNA280606,SAMN04494413,439899805;523305903,BCCDC,,,,,SRX1592177,Illumina MiSeq,PAIRED,RANDOM,GENOMIC,Giardia intestinalis,ILLUMINA,,VANC_85_UBC_2_L001_R2_001.fastq,SRP056976,,,VANC/85/UBC/2,,1985,Canada,North America,BC,VANC/85/UBC/2,,,,,,,,,,,,,,,,,,,,,,,,,,,,,,,,,,,,,,,,,,,,,,,,,,,,,,,,,,,,,,,,,,,,SRX1592177_SRR3177745,SRP056976,PRJNA9531,SRA355098,2592677,0caeefdafed20a6a2ff2ad179d8f3903;234b659616ec05940086dfbcc5b483fe,439899805;523305903,ftp.sra.ebi.ac.uk/vol1/fastq/SRR317/005/SRR3177745/SRR3177745_1.fastq.gz;ftp.sra.ebi.ac.uk/vol1/fastq/SRR317/005/SRR3177745/SRR3177745_2.fastq.gz,ftp.sra.ebi.ac.uk/vol1/fastq/SRR317/005/SRR3177745/SRR3177745_1.fastq.gz;ftp.sra.ebi.ac.uk/vol1/fastq/SRR317/005/SRR3177745/SRR3177745_2.fastq.gz,fasp.sra.ebi.ac.uk:/vol1/fastq/SRR317/005/SRR3177745/SRR3177745_1.fastq.gz;fasp.sra.ebi.ac.uk:/vol1/fastq/SRR317/005/SRR3177745/SRR3177745_2.fastq.gz,ftp.sra.ebi.ac.uk/vol1/fastq/SRR317/005/SRR3177745/SRR3177745_1.fastq.gz,ftp.sra.ebi.ac.uk/vol1/fastq/SRR317/005/SRR3177745/SRR3177745_2.fastq.gz,0caeefdafed20a6a2ff2ad179d8f3903,234b659616ec05940086dfbcc5b483fe,FALSE,BC,1985
SRR3177746,SRR3177746,WGS,,2206780454,PRJNA280606,SAMN04494414,746527600;883373986,BCCDC,,,,,SRX1592186,Illumina MiSeq,PAIRED,RANDOM,GENOMIC,Giardia intestinalis,ILLUMINA,,VANC_85_UBC_5_L001_R2_001.fastq,SRP056976,,,VANC/85/UBC/5,,1985,Canada,North America,BC,VANC/85/UBC/5,,,,,,,,,,,,,,,,,,,,,,,,,,,,,,,,,,,,,,,,,,,,,,,,,,,,,,,,,,,,,,,,,,,,SRX1592186_SRR3177746,SRP056976,PRJNA9531,SRA355098,4395977,1e9e93e171e858045118dc80714ed066;5a8ad560084c63e99e554088bdd22e12,746527600;883373986,ftp.sra.ebi.ac.uk/vol1/fastq/SRR317/006/SRR3177746/SRR3177746_1.fastq.gz;ftp.sra.ebi.ac.uk/vol1/fastq/SRR317/006/SRR3177746/SRR3177746_2.fastq.gz,ftp.sra.ebi.ac.uk/vol1/fastq/SRR317/006/SRR3177746/SRR3177746_1.fastq.gz;ftp.sra.ebi.ac.uk/vol1/fastq/SRR317/006/SRR3177746/SRR3177746_2.fastq.gz,fasp.sra.ebi.ac.uk:/vol1/fastq/SRR317/006/SRR3177746/SRR3177746_1.fastq.gz;fasp.sra.ebi.ac.uk:/vol1/fastq/SRR317/006/SRR3177746/SRR3177746_2.fastq.gz,ftp.sra.ebi.ac.uk/vol1/fastq/SRR317/006/SRR3177746/SRR3177746_1.fastq.gz,ftp.sra.ebi.ac.uk/vol1/fastq/SRR317/006/SRR3177746/SRR3177746_2.fastq.gz,1e9e93e171e858045118dc80714ed066,5a8ad560084c63e99e554088bdd22e12,FALSE,BC,1985
SRR3177747,SRR3177747,WGS,,1365085588,PRJNA280606,SAMN04494415,471157379;537613507,BCCDC,,,,,SRX1592196,Illumina MiSeq,PAIRED,RANDOM,GENOMIC,Giardia intestinalis,ILLUMINA,,VANC_85_UBC_7_L001_R2_001.fastq,SRP056976,,,VANC/85/UBC/7,,1985,Canada,North America,BC,VANC/85/UBC/7,,,,,,,,,,,,,,,,,,,,,,,,,,,,,,,,,,,,,,,,,,,,,,,,,,,,,,,,,,,,,,,,,,,,SRX1592196_SRR3177747,SRP056976,PRJNA9531,SRA355098,2719294,fed14c49a7bf4b5ec3dc1fdef4afb5a5;da006f8026e08fbeb73ac10a48748218,471157379;537613507,ftp.sra.ebi.ac.uk/vol1/fastq/SRR317/007/SRR3177747/SRR3177747_1.fastq.gz;ftp.sra.ebi.ac.uk/vol1/fastq/SRR317/007/SRR3177747/SRR3177747_2.fastq.gz,ftp.sra.ebi.ac.uk/vol1/fastq/SRR317/007/SRR3177747/SRR3177747_1.fastq.gz;ftp.sra.ebi.ac.uk/vol1/fastq/SRR317/007/SRR3177747/SRR3177747_2.fastq.gz,fasp.sra.ebi.ac.uk:/vol1/fastq/SRR317/007/SRR3177747/SRR3177747_1.fastq.gz;fasp.sra.ebi.ac.uk:/vol1/fastq/SRR317/007/SRR3177747/SRR3177747_2.fastq.gz,ftp.sra.ebi.ac.uk/vol1/fastq/SRR317/007/SRR3177747/SRR3177747_1.fastq.gz,ftp.sra.ebi.ac.uk/vol1/fastq/SRR317/007/SRR3177747/SRR3177747_2.fastq.gz,fed14c49a7bf4b5ec3dc1fdef4afb5a5,da006f8026e08fbeb73ac10a48748218,FALSE,BC,1985
SRR3177748,SRR3177748,WGS,,1580282446,PRJNA280606,SAMN04494416,560102539;650687211,BCCDC,,,,,SRX1592207,Illumina MiSeq,PAIRED,RANDOM,GENOMIC,Giardia intestinalis,ILLUMINA,,VANC_85_UBC_9_L001_R2_001.fastq,SRP056976,,,VANC/85/UBC/9,,1985,Canada,North America,BC,VANC/85/UBC/9,,,,,,,,,,,,,,,,,,,,,,,,,,,,,,,,,,,,,,,,,,,,,,,,,,,,,,,,,,,,,,,,,,,,SRX1592207_SRR3177748,SRP056976,PRJNA9531,SRA355098,3147973,7748055f83e970fad804cb96a592b35e;145d94282d3ef511fcaaf0a5007696d2,560102539;650687211,ftp.sra.ebi.ac.uk/vol1/fastq/SRR317/008/SRR3177748/SRR3177748_1.fastq.gz;ftp.sra.ebi.ac.uk/vol1/fastq/SRR317/008/SRR3177748/SRR3177748_2.fastq.gz,ftp.sra.ebi.ac.uk/vol1/fastq/SRR317/008/SRR3177748/SRR3177748_1.fastq.gz;ftp.sra.ebi.ac.uk/vol1/fastq/SRR317/008/SRR3177748/SRR3177748_2.fastq.gz,fasp.sra.ebi.ac.uk:/vol1/fastq/SRR317/008/SRR3177748/SRR3177748_1.fastq.gz;fasp.sra.ebi.ac.uk:/vol1/fastq/SRR317/008/SRR3177748/SRR3177748_2.fastq.gz,ftp.sra.ebi.ac.uk/vol1/fastq/SRR317/008/SRR3177748/SRR3177748_1.fastq.gz,ftp.sra.ebi.ac.uk/vol1/fastq/SRR317/008/SRR3177748/SRR3177748_2.fastq.gz,7748055f83e970fad804cb96a592b35e,145d94282d3ef511fcaaf0a5007696d2,FALSE,BC,1985
SRR3177750,SRR3177750,WGS,,842820852,PRJNA280606,SAMN04494417,310652014;315149673,BCCDC,,,,,SRX1592214,Illumina MiSeq,PAIRED,RANDOM,GENOMIC,Giardia intestinalis,ILLUMINA,,VANC_86_UBC_3_L001_R1_001.fastq,SRP056976,,,VANC/86/UBC/3,,1986,Canada,North America,BC,VANC/86/UBC/3,,,,,,,,,,,,,,,,,,,,,,,,,,,,,,,,,,,,,,,,,,,,,,,,,,,,,,,,,,,,,,,,,,,,SRX1592214_SRR3177750,SRP056976,PRJNA9531,SRA355098,1678926,a494e4dfa3ec6cd091e83d5a64c53b85;eb26034dcde085c914ef8b06a680a98d,310652014;315149673,ftp.sra.ebi.ac.uk/vol1/fastq/SRR317/000/SRR3177750/SRR3177750_1.fastq.gz;ftp.sra.ebi.ac.uk/vol1/fastq/SRR317/000/SRR3177750/SRR3177750_2.fastq.gz,ftp.sra.ebi.ac.uk/vol1/fastq/SRR317/000/SRR3177750/SRR3177750_1.fastq.gz;ftp.sra.ebi.ac.uk/vol1/fastq/SRR317/000/SRR3177750/SRR3177750_2.fastq.gz,fasp.sra.ebi.ac.uk:/vol1/fastq/SRR317/000/SRR3177750/SRR3177750_1.fastq.gz;fasp.sra.ebi.ac.uk:/vol1/fastq/SRR317/000/SRR3177750/SRR3177750_2.fastq.gz,ftp.sra.ebi.ac.uk/vol1/fastq/SRR317/000/SRR3177750/SRR3177750_1.fastq.gz,ftp.sra.ebi.ac.uk/vol1/fastq/SRR317/000/SRR3177750/SRR3177750_2.fastq.gz,a494e4dfa3ec6cd091e83d5a64c53b85,eb26034dcde085c914ef8b06a680a98d,FALSE,BC,1986
SRR3177751,SRR3177751,WGS,,1323627918,PRJNA280606,SAMN04494400,567462866;562121712,BCCDC,,,,,SRX1592224,Illumina MiSeq,PAIRED,RANDOM,GENOMIC,Giardia intestinalis,ILLUMINA,,ATCC50163_89_R2_001.fastq,SRP056976,,,ATCC50163:89,,1992,Not Applicable,Not Applicable,ATCC-PENNSYLVANIA,ATCC:50163,,,,,,,,,,,,,,,,,,,,,,,,,,,,,,,,,,,,,,,,,,,,,,,,,,,,,,,,,,,,,,,,,,,,SRX1592224_SRR3177751,SRP056976,PRJNA9531,SRA355098,2636709,2dd3c6c83ba0603918556fbaef8100a1;7fb904bebb93604e83407171d76d5a55,567462866;562121712,ftp.sra.ebi.ac.uk/vol1/fastq/SRR317/001/SRR3177751/SRR3177751_1.fastq.gz;ftp.sra.ebi.ac.uk/vol1/fastq/SRR317/001/SRR3177751/SRR3177751_2.fastq.gz,ftp.sra.ebi.ac.uk/vol1/fastq/SRR317/001/SRR3177751/SRR3177751_1.fastq.gz;ftp.sra.ebi.ac.uk/vol1/fastq/SRR317/001/SRR3177751/SRR3177751_2.fastq.gz,fasp.sra.ebi.ac.uk:/vol1/fastq/SRR317/001/SRR3177751/SRR3177751_1.fastq.gz;fasp.sra.ebi.ac.uk:/vol1/fastq/SRR317/001/SRR3177751/SRR3177751_2.fastq.gz,ftp.sra.ebi.ac.uk/vol1/fastq/SRR317/001/SRR3177751/SRR3177751_1.fastq.gz,ftp.sra.ebi.ac.uk/vol1/fastq/SRR317/001/SRR3177751/SRR3177751_2.fastq.gz,2dd3c6c83ba0603918556fbaef8100a1,7fb904bebb93604e83407171d76d5a55,FALSE,ATCC-PENNSYLVANIA,1992
SRR3177752,SRR3177752,WGS,,724299154,PRJNA280606,SAMN04494418,255512589;289754830,BCCDC,,,,,SRX1592230,Illumina MiSeq,PAIRED,RANDOM,GENOMIC,Giardia intestinalis,ILLUMINA,,VANC_87_UBC_22_L001_R1_001.fastq,SRP056976,,,VANC/87/UBC/22,,1987,Canada,North America,BC,VANC/87/UBC/22,,,,,,,,,,,,,,,,,,,,,,,,,,,,,,,,,,,,,,,,,,,,,,,,,,,,,,,,,,,,,,,,,,,,SRX1592230_SRR3177752,SRP056976,PRJNA9531,SRA355098,1442827,f8449343b95f844dc7a5ae2d4d2344e5;c5846cf2c84a369057f1a43e8612da16,255512589;289754830,ftp.sra.ebi.ac.uk/vol1/fastq/SRR317/002/SRR3177752/SRR3177752_1.fastq.gz;ftp.sra.ebi.ac.uk/vol1/fastq/SRR317/002/SRR3177752/SRR3177752_2.fastq.gz,ftp.sra.ebi.ac.uk/vol1/fastq/SRR317/002/SRR3177752/SRR3177752_1.fastq.gz;ftp.sra.ebi.ac.uk/vol1/fastq/SRR317/002/SRR3177752/SRR3177752_2.fastq.gz,fasp.sra.ebi.ac.uk:/vol1/fastq/SRR317/002/SRR3177752/SRR3177752_1.fastq.gz;fasp.sra.ebi.ac.uk:/vol1/fastq/SRR317/002/SRR3177752/SRR3177752_2.fastq.gz,ftp.sra.ebi.ac.uk/vol1/fastq/SRR317/002/SRR3177752/SRR3177752_1.fastq.gz,ftp.sra.ebi.ac.uk/vol1/fastq/SRR317/002/SRR3177752/SRR3177752_2.fastq.gz,f8449343b95f844dc7a5ae2d4d2344e5,c5846cf2c84a369057f1a43e8612da16,FALSE,BC,1987
SRR3177753,SRR3177753,WGS,,2192403676,PRJNA280606,SAMN04494419,772301278;827066194,BCCDC,,,,,SRX1592245,Illumina MiSeq,PAIRED,RANDOM,GENOMIC,Giardia intestinalis,ILLUMINA,,VANC_87_UBC_23_L001_R2_001.fastq,SRP056976,,,VANC/87/UBC/23,,1987,Canada,North America,BC,VANC/87/UBC/23,,,,,,,,,,,,,,,,,,,,,,,,,,,,,,,,,,,,,,,,,,,,,,,,,,,,,,,,,,,,,,,,,,,,SRX1592245_SRR3177753,SRP056976,PRJNA9531,SRA355098,4367338,7a4513943229c19420f6a8bb173efa2a;d5b985c03143a90449a59b09407216f9,772301278;827066194,ftp.sra.ebi.ac.uk/vol1/fastq/SRR317/003/SRR3177753/SRR3177753_1.fastq.gz;ftp.sra.ebi.ac.uk/vol1/fastq/SRR317/003/SRR3177753/SRR3177753_2.fastq.gz,ftp.sra.ebi.ac.uk/vol1/fastq/SRR317/003/SRR3177753/SRR3177753_1.fastq.gz;ftp.sra.ebi.ac.uk/vol1/fastq/SRR317/003/SRR3177753/SRR3177753_2.fastq.gz,fasp.sra.ebi.ac.uk:/vol1/fastq/SRR317/003/SRR3177753/SRR3177753_1.fastq.gz;fasp.sra.ebi.ac.uk:/vol1/fastq/SRR317/003/SRR3177753/SRR3177753_2.fastq.gz,ftp.sra.ebi.ac.uk/vol1/fastq/SRR317/003/SRR3177753/SRR3177753_1.fastq.gz,ftp.sra.ebi.ac.uk/vol1/fastq/SRR317/003/SRR3177753/SRR3177753_2.fastq.gz,7a4513943229c19420f6a8bb173efa2a,d5b985c03143a90449a59b09407216f9,FALSE,BC,1987
SRR3177754,SRR3177754,WGS,,1226354374,PRJNA280606,SAMN04494420,451848894;490509152,BCCDC,,,,,SRX1592255,Illumina MiSeq,PAIRED,RANDOM,GENOMIC,Giardia intestinalis,ILLUMINA,,VANC_87_UBC_25_L001_R2_001.fastq,SRP056976,,,VANC/87/UBC/25,,1987,Canada,North America,BC,VANC/87/UBC/25,,,,,,,,,,,,,,,,,,,,,,,,,,,,,,,,,,,,,,,,,,,,,,,,,,,,,,,,,,,,,,,,,,,,SRX1592255_SRR3177754,SRP056976,PRJNA9531,SRA355098,2442937,5a7f23b20d68c6abdd85d5f66ea02a20;ee5bf5b79b054b7bbf69599c2f4b28da,451848894;490509152,ftp.sra.ebi.ac.uk/vol1/fastq/SRR317/004/SRR3177754/SRR3177754_1.fastq.gz;ftp.sra.ebi.ac.uk/vol1/fastq/SRR317/004/SRR3177754/SRR3177754_2.fastq.gz,ftp.sra.ebi.ac.uk/vol1/fastq/SRR317/004/SRR3177754/SRR3177754_1.fastq.gz;ftp.sra.ebi.ac.uk/vol1/fastq/SRR317/004/SRR3177754/SRR3177754_2.fastq.gz,fasp.sra.ebi.ac.uk:/vol1/fastq/SRR317/004/SRR3177754/SRR3177754_1.fastq.gz;fasp.sra.ebi.ac.uk:/vol1/fastq/SRR317/004/SRR3177754/SRR3177754_2.fastq.gz,ftp.sra.ebi.ac.uk/vol1/fastq/SRR317/004/SRR3177754/SRR3177754_1.fastq.gz,ftp.sra.ebi.ac.uk/vol1/fastq/SRR317/004/SRR3177754/SRR3177754_2.fastq.gz,5a7f23b20d68c6abdd85d5f66ea02a20,ee5bf5b79b054b7bbf69599c2f4b28da,FALSE,BC,1987
SRR3177755,SRR3177755,WGS,,1529174830,PRJNA280606,SAMN04494421,525296068;588384272,BCCDC,,,,,SRX1592263,Illumina MiSeq,PAIRED,RANDOM,GENOMIC,Giardia intestinalis,ILLUMINA,,VANC_87_UBC_26_L001_R2_001.fastq,SRP056976,,,VANC/87/UBC/26,,1987,Canada,North America,BC,VANC/87/UBC/26,,,,,,,,,,,,,,,,,,,,,,,,,,,,,,,,,,,,,,,,,,,,,,,,,,,,,,,,,,,,,,,,,,,,SRX1592263_SRR3177755,SRP056976,PRJNA9531,SRA355098,3046165,3a8b1fd3716e2e51e852bfcc291b8144;1951723995b377a960ba0a074f9d8134,525296068;588384272,ftp.sra.ebi.ac.uk/vol1/fastq/SRR317/005/SRR3177755/SRR3177755_1.fastq.gz;ftp.sra.ebi.ac.uk/vol1/fastq/SRR317/005/SRR3177755/SRR3177755_2.fastq.gz,ftp.sra.ebi.ac.uk/vol1/fastq/SRR317/005/SRR3177755/SRR3177755_1.fastq.gz;ftp.sra.ebi.ac.uk/vol1/fastq/SRR317/005/SRR3177755/SRR3177755_2.fastq.gz,fasp.sra.ebi.ac.uk:/vol1/fastq/SRR317/005/SRR3177755/SRR3177755_1.fastq.gz;fasp.sra.ebi.ac.uk:/vol1/fastq/SRR317/005/SRR3177755/SRR3177755_2.fastq.gz,ftp.sra.ebi.ac.uk/vol1/fastq/SRR317/005/SRR3177755/SRR3177755_1.fastq.gz,ftp.sra.ebi.ac.uk/vol1/fastq/SRR317/005/SRR3177755/SRR3177755_2.fastq.gz,3a8b1fd3716e2e51e852bfcc291b8144,1951723995b377a960ba0a074f9d8134,FALSE,BC,1987
SRR3177757,SRR3177757,WGS,,850770022,PRJNA280606,SAMN04494422,358796905;367543960,BCCDC,,,,,SRX1592271,Illumina MiSeq,PAIRED,RANDOM,GENOMIC,Giardia intestinalis,ILLUMINA,,VANC_87_UBC_27_L001_R1_001.fastq,SRP056976,,,VANC/87/UBC/27,,1987,Canada,North America,BC,VANC/87/UBC/27,,,,,,,,,,,,,,,,,,,,,,,,,,,,,,,,,,,,,,,,,,,,,,,,,,,,,,,,,,,,,,,,,,,,SRX1592271_SRR3177757,SRP056976,PRJNA9531,SRA355098,1694761,43cd1a465939312aedf5f4afbe1fc812;1d973c3e8aaeca0ab5051bd400b38989,358796905;367543960,ftp.sra.ebi.ac.uk/vol1/fastq/SRR317/007/SRR3177757/SRR3177757_1.fastq.gz;ftp.sra.ebi.ac.uk/vol1/fastq/SRR317/007/SRR3177757/SRR3177757_2.fastq.gz,ftp.sra.ebi.ac.uk/vol1/fastq/SRR317/007/SRR3177757/SRR3177757_1.fastq.gz;ftp.sra.ebi.ac.uk/vol1/fastq/SRR317/007/SRR3177757/SRR3177757_2.fastq.gz,fasp.sra.ebi.ac.uk:/vol1/fastq/SRR317/007/SRR3177757/SRR3177757_1.fastq.gz;fasp.sra.ebi.ac.uk:/vol1/fastq/SRR317/007/SRR3177757/SRR3177757_2.fastq.gz,ftp.sra.ebi.ac.uk/vol1/fastq/SRR317/007/SRR3177757/SRR3177757_1.fastq.gz,ftp.sra.ebi.ac.uk/vol1/fastq/SRR317/007/SRR3177757/SRR3177757_2.fastq.gz,43cd1a465939312aedf5f4afbe1fc812,1d973c3e8aaeca0ab5051bd400b38989,FALSE,BC,1987
SRR3177759,SRR3177759,WGS,,1103813162,PRJNA280606,SAMN04494423,388646946;406936823,BCCDC,,,,,SRX1592280,Illumina MiSeq,PAIRED,RANDOM,GENOMIC,Giardia intestinalis,ILLUMINA,,VANC_87_UBC_28_L001_R1_001.fastq,SRP056976,,,VANC/87/UBC/28,,1987,Canada,North America,BC,VANC/87/UBC/28,,,,,,,,,,,,,,,,,,,,,,,,,,,,,,,,,,,,,,,,,,,,,,,,,,,,,,,,,,,,,,,,,,,,SRX1592280_SRR3177759,SRP056976,PRJNA9531,SRA355098,2198831,cb562bf1178fa9ea439e2b7fd415f199;739a40e1e967c369a91143898cf2220f,388646946;406936823,ftp.sra.ebi.ac.uk/vol1/fastq/SRR317/009/SRR3177759/SRR3177759_1.fastq.gz;ftp.sra.ebi.ac.uk/vol1/fastq/SRR317/009/SRR3177759/SRR3177759_2.fastq.gz,ftp.sra.ebi.ac.uk/vol1/fastq/SRR317/009/SRR3177759/SRR3177759_1.fastq.gz;ftp.sra.ebi.ac.uk/vol1/fastq/SRR317/009/SRR3177759/SRR3177759_2.fastq.gz,fasp.sra.ebi.ac.uk:/vol1/fastq/SRR317/009/SRR3177759/SRR3177759_1.fastq.gz;fasp.sra.ebi.ac.uk:/vol1/fastq/SRR317/009/SRR3177759/SRR3177759_2.fastq.gz,ftp.sra.ebi.ac.uk/vol1/fastq/SRR317/009/SRR3177759/SRR3177759_1.fastq.gz,ftp.sra.ebi.ac.uk/vol1/fastq/SRR317/009/SRR3177759/SRR3177759_2.fastq.gz,cb562bf1178fa9ea439e2b7fd415f199,739a40e1e967c369a91143898cf2220f,FALSE,BC,1987
SRR3177760,SRR3177760,WGS,,721983428,PRJNA280606,SAMN04494424,303011587;315116517,BCCDC,,,,,SRX1592286,Illumina MiSeq,PAIRED,RANDOM,GENOMIC,Giardia intestinalis,ILLUMINA,,VANC_87_UBC_29_R1_001.fastq,SRP056976,,,VANC/87/UBC/29,,1987,Canada,North America,BC,VANC/87/UBC/29,,,,,,,,,,,,,,,,,,,,,,,,,,,,,,,,,,,,,,,,,,,,,,,,,,,,,,,,,,,,,,,,,,,,SRX1592286_SRR3177760,SRP056976,PRJNA9531,SRA355098,1438214,aad460bff686c543bb8dd18ead858f21;2a4d50a8a7d4668530c1f18e3c28e29e,303011587;315116517,ftp.sra.ebi.ac.uk/vol1/fastq/SRR317/000/SRR3177760/SRR3177760_1.fastq.gz;ftp.sra.ebi.ac.uk/vol1/fastq/SRR317/000/SRR3177760/SRR3177760_2.fastq.gz,ftp.sra.ebi.ac.uk/vol1/fastq/SRR317/000/SRR3177760/SRR3177760_1.fastq.gz;ftp.sra.ebi.ac.uk/vol1/fastq/SRR317/000/SRR3177760/SRR3177760_2.fastq.gz,fasp.sra.ebi.ac.uk:/vol1/fastq/SRR317/000/SRR3177760/SRR3177760_1.fastq.gz;fasp.sra.ebi.ac.uk:/vol1/fastq/SRR317/000/SRR3177760/SRR3177760_2.fastq.gz,ftp.sra.ebi.ac.uk/vol1/fastq/SRR317/000/SRR3177760/SRR3177760_1.fastq.gz,ftp.sra.ebi.ac.uk/vol1/fastq/SRR317/000/SRR3177760/SRR3177760_2.fastq.gz,aad460bff686c543bb8dd18ead858f21,2a4d50a8a7d4668530c1f18e3c28e29e,FALSE,BC,1987
SRR3177763,SRR3177763,WGS,,1083399324,PRJNA280606,SAMN04494425,382800281;377471231,BCCDC,,,,,SRX1592295,Illumina MiSeq,PAIRED,RANDOM,GENOMIC,Giardia intestinalis,ILLUMINA,,VANC_87_UBC_8_L001_R1_001.fastq,SRP056976,,,VANC/87/UBC/8,,1987,Canada,North America,BC,VANC/87/UBC/8,,,,,,,,,,,,,,,,,,,,,,,,,,,,,,,,,,,,,,,,,,,,,,,,,,,,,,,,,,,,,,,,,,,,SRX1592295_SRR3177763,SRP056976,PRJNA9531,SRA355098,2276049,c62ff84d08d5f419b05e4fed34b5b1bc;a93b736e20b9011f2bbdb94e7ce782ba,382800281;377471231,ftp.sra.ebi.ac.uk/vol1/fastq/SRR317/003/SRR3177763/SRR3177763_1.fastq.gz;ftp.sra.ebi.ac.uk/vol1/fastq/SRR317/003/SRR3177763/SRR3177763_2.fastq.gz,ftp.sra.ebi.ac.uk/vol1/fastq/SRR317/003/SRR3177763/SRR3177763_1.fastq.gz;ftp.sra.ebi.ac.uk/vol1/fastq/SRR317/003/SRR3177763/SRR3177763_2.fastq.gz,fasp.sra.ebi.ac.uk:/vol1/fastq/SRR317/003/SRR3177763/SRR3177763_1.fastq.gz;fasp.sra.ebi.ac.uk:/vol1/fastq/SRR317/003/SRR3177763/SRR3177763_2.fastq.gz,ftp.sra.ebi.ac.uk/vol1/fastq/SRR317/003/SRR3177763/SRR3177763_1.fastq.gz,ftp.sra.ebi.ac.uk/vol1/fastq/SRR317/003/SRR3177763/SRR3177763_2.fastq.gz,c62ff84d08d5f419b05e4fed34b5b1bc,a93b736e20b9011f2bbdb94e7ce782ba,FALSE,BC,1987
SRR3177765,SRR3177765,WGS,,1349080322,PRJNA280606,SAMN04494426,531528360;573002775,BCCDC,,,,,SRX1592307,Illumina MiSeq,PAIRED,RANDOM,GENOMIC,Giardia intestinalis,ILLUMINA,,VANC_88_UBC_34_L001_R1_001.fastq,SRP056976,,,VANC/88/UBC/34,,1988,Canada,North America,BC,VANC/88/UBC/34,,,,,,,,,,,,,,,,,,,,,,,,,,,,,,,,,,,,,,,,,,,,,,,,,,,,,,,,,,,,,,,,,,,,SRX1592307_SRR3177765,SRP056976,PRJNA9531,SRA355098,2687411,42c779cc0db52a800d674d9408de2279;373921750ffe36a5e39decda5c2ffc59,531528360;573002775,ftp.sra.ebi.ac.uk/vol1/fastq/SRR317/005/SRR3177765/SRR3177765_1.fastq.gz;ftp.sra.ebi.ac.uk/vol1/fastq/SRR317/005/SRR3177765/SRR3177765_2.fastq.gz,ftp.sra.ebi.ac.uk/vol1/fastq/SRR317/005/SRR3177765/SRR3177765_1.fastq.gz;ftp.sra.ebi.ac.uk/vol1/fastq/SRR317/005/SRR3177765/SRR3177765_2.fastq.gz,fasp.sra.ebi.ac.uk:/vol1/fastq/SRR317/005/SRR3177765/SRR3177765_1.fastq.gz;fasp.sra.ebi.ac.uk:/vol1/fastq/SRR317/005/SRR3177765/SRR3177765_2.fastq.gz,ftp.sra.ebi.ac.uk/vol1/fastq/SRR317/005/SRR3177765/SRR3177765_1.fastq.gz,ftp.sra.ebi.ac.uk/vol1/fastq/SRR317/005/SRR3177765/SRR3177765_2.fastq.gz,42c779cc0db52a800d674d9408de2279,373921750ffe36a5e39decda5c2ffc59,FALSE,BC,1988
SRR3177768,SRR3177768,WGS,,1041558636,PRJNA280606,SAMN04494427,380295386;366375010,BCCDC,,,,,SRX1592314,Illumina MiSeq,PAIRED,RANDOM,GENOMIC,Giardia intestinalis,ILLUMINA,,VANC_88_UBC_35_L001_R1_001.fastq,SRP056976,,,VANC/88/UBC/35,,1988,Canada,North America,BC,VANC/88/UBC/35,,,,,,,,,,,,,,,,,,,,,,,,,,,,,,,,,,,,,,,,,,,,,,,,,,,,,,,,,,,,,,,,,,,,SRX1592314_SRR3177768,SRP056976,PRJNA9531,SRA355098,2074818,1600be18d87ae793c949730d95d51865;9c251a7adc7952a9a773aac289d322a3,380295386;366375010,ftp.sra.ebi.ac.uk/vol1/fastq/SRR317/008/SRR3177768/SRR3177768_1.fastq.gz;ftp.sra.ebi.ac.uk/vol1/fastq/SRR317/008/SRR3177768/SRR3177768_2.fastq.gz,ftp.sra.ebi.ac.uk/vol1/fastq/SRR317/008/SRR3177768/SRR3177768_1.fastq.gz;ftp.sra.ebi.ac.uk/vol1/fastq/SRR317/008/SRR3177768/SRR3177768_2.fastq.gz,fasp.sra.ebi.ac.uk:/vol1/fastq/SRR317/008/SRR3177768/SRR3177768_1.fastq.gz;fasp.sra.ebi.ac.uk:/vol1/fastq/SRR317/008/SRR3177768/SRR3177768_2.fastq.gz,ftp.sra.ebi.ac.uk/vol1/fastq/SRR317/008/SRR3177768/SRR3177768_1.fastq.gz,ftp.sra.ebi.ac.uk/vol1/fastq/SRR317/008/SRR3177768/SRR3177768_2.fastq.gz,1600be18d87ae793c949730d95d51865,9c251a7adc7952a9a773aac289d322a3,FALSE,BC,1988
SRR3177775,SRR3177775,WGS,,948236334,PRJNA280606,SAMN04494401,404201685;393628431,BCCDC,,,,,SRX1592320,Illumina MiSeq,PAIRED,RANDOM,GENOMIC,Giardia intestinalis,ILLUMINA,,ATCC50170_93_R2_001.fastq,SRP056976,,,ATCC50170:93,,1992,Not Applicable,Not Applicable,ATCC-WINSCONSIN,ATCC:50170,,,,,,,,,,,,,,,,,,,,,,,,,,,,,,,,,,,,,,,,,,,,,,,,,,,,,,,,,,,,,,,,,,,,SRX1592320_SRR3177775,SRP056976,PRJNA9531,SRA355098,1888917,98223ec6457164f6af3d1fa50ac21d59;85bd4cb45ed1d26f63f14cdea87544d4,404201685;393628431,ftp.sra.ebi.ac.uk/vol1/fastq/SRR317/005/SRR3177775/SRR3177775_1.fastq.gz;ftp.sra.ebi.ac.uk/vol1/fastq/SRR317/005/SRR3177775/SRR3177775_2.fastq.gz,ftp.sra.ebi.ac.uk/vol1/fastq/SRR317/005/SRR3177775/SRR3177775_1.fastq.gz;ftp.sra.ebi.ac.uk/vol1/fastq/SRR317/005/SRR3177775/SRR3177775_2.fastq.gz,fasp.sra.ebi.ac.uk:/vol1/fastq/SRR317/005/SRR3177775/SRR3177775_1.fastq.gz;fasp.sra.ebi.ac.uk:/vol1/fastq/SRR317/005/SRR3177775/SRR3177775_2.fastq.gz,ftp.sra.ebi.ac.uk/vol1/fastq/SRR317/005/SRR3177775/SRR3177775_1.fastq.gz,ftp.sra.ebi.ac.uk/vol1/fastq/SRR317/005/SRR3177775/SRR3177775_2.fastq.gz,98223ec6457164f6af3d1fa50ac21d59,85bd4cb45ed1d26f63f14cdea87544d4,FALSE,ATCC-WINSCONSIN,1992
SRR3177790,SRR3177790,WGS,,1525244170,PRJNA280606,SAMN04494428,498452981;561238595,BCCDC,,,,,SRX1592323,Illumina MiSeq,PAIRED,RANDOM,GENOMIC,Giardia intestinalis,ILLUMINA,,VANC_89_UBC_33_L001_R2_001.fastq,SRP056976,,,VANC/89/UBC/33,,1989,Canada,North America,BC,VANC/89/UBC/33,,,,,,,,,,,,,,,,,,,,,,,,,,,,,,,,,,,,,,,,,,,,,,,,,,,,,,,,,,,,,,,,,,,,SRX1592323_SRR3177790,SRP056976,PRJNA9531,SRA355098,3038335,6b8d1a5206746961dee409cc7462dfcc;2fe3cb7774eeb24dcf24c332773339d3,498452981;561238595,ftp.sra.ebi.ac.uk/vol1/fastq/SRR317/000/SRR3177790/SRR3177790_1.fastq.gz;ftp.sra.ebi.ac.uk/vol1/fastq/SRR317/000/SRR3177790/SRR3177790_2.fastq.gz,ftp.sra.ebi.ac.uk/vol1/fastq/SRR317/000/SRR3177790/SRR3177790_1.fastq.gz;ftp.sra.ebi.ac.uk/vol1/fastq/SRR317/000/SRR3177790/SRR3177790_2.fastq.gz,fasp.sra.ebi.ac.uk:/vol1/fastq/SRR317/000/SRR3177790/SRR3177790_1.fastq.gz;fasp.sra.ebi.ac.uk:/vol1/fastq/SRR317/000/SRR3177790/SRR3177790_2.fastq.gz,ftp.sra.ebi.ac.uk/vol1/fastq/SRR317/000/SRR3177790/SRR3177790_1.fastq.gz,ftp.sra.ebi.ac.uk/vol1/fastq/SRR317/000/SRR3177790/SRR3177790_2.fastq.gz,6b8d1a5206746961dee409cc7462dfcc,2fe3cb7774eeb24dcf24c332773339d3,FALSE,BC,1989
SRR3177803,SRR3177803,WGS,,1805995200,PRJNA280606,SAMN04494429,638399441;686697308,BCCDC,,,,,SRX1592325,Illumina MiSeq,PAIRED,RANDOM,GENOMIC,Giardia intestinalis,ILLUMINA,,VANC_89_UBC_36_L001_R1_001.fastq,SRP056976,,,VANC/89/UBC/36,,1989,Canada,North America,BC,VANC/89/UBC/36,,,,,,,,,,,,,,,,,,,,,,,,,,,,,,,,,,,,,,,,,,,,,,,,,,,,,,,,,,,,,,,,,,,,SRX1592325_SRR3177803,SRP056976,PRJNA9531,SRA355098,3597600,f256a70e4ca07efae9a8b8bfbc83f2b3;e57a887f83feaa06dfc6d1c3ced53782,638399441;686697308,ftp.sra.ebi.ac.uk/vol1/fastq/SRR317/003/SRR3177803/SRR3177803_1.fastq.gz;ftp.sra.ebi.ac.uk/vol1/fastq/SRR317/003/SRR3177803/SRR3177803_2.fastq.gz,ftp.sra.ebi.ac.uk/vol1/fastq/SRR317/003/SRR3177803/SRR3177803_1.fastq.gz;ftp.sra.ebi.ac.uk/vol1/fastq/SRR317/003/SRR3177803/SRR3177803_2.fastq.gz,fasp.sra.ebi.ac.uk:/vol1/fastq/SRR317/003/SRR3177803/SRR3177803_1.fastq.gz;fasp.sra.ebi.ac.uk:/vol1/fastq/SRR317/003/SRR3177803/SRR3177803_2.fastq.gz,ftp.sra.ebi.ac.uk/vol1/fastq/SRR317/003/SRR3177803/SRR3177803_1.fastq.gz,ftp.sra.ebi.ac.uk/vol1/fastq/SRR317/003/SRR3177803/SRR3177803_2.fastq.gz,f256a70e4ca07efae9a8b8bfbc83f2b3,e57a887f83feaa06dfc6d1c3ced53782,FALSE,BC,1989
SRR3177805,SRR3177805,WGS,,675938482,PRJNA280606,SAMN04494430,267396989;294321892,BCCDC,,,,,SRX1592328,Illumina MiSeq,PAIRED,RANDOM,GENOMIC,Giardia intestinalis,ILLUMINA,,VANC_89_UBC_37_L001_R1_001.fastq,SRP056976,,,VANC/89/UBC/37,,1989,Canada,North America,BC,VANC/89/UBC/37,,,,,,,,,,,,,,,,,,,,,,,,,,,,,,,,,,,,,,,,,,,,,,,,,,,,,,,,,,,,,,,,,,,,SRX1592328_SRR3177805,SRP056976,PRJNA9531,SRA355098,1346491,75c461231cf93369109271c45277ba9d;55d6d4f44596377aec8c4f32c3332b3f,267396989;294321892,ftp.sra.ebi.ac.uk/vol1/fastq/SRR317/005/SRR3177805/SRR3177805_1.fastq.gz;ftp.sra.ebi.ac.uk/vol1/fastq/SRR317/005/SRR3177805/SRR3177805_2.fastq.gz,ftp.sra.ebi.ac.uk/vol1/fastq/SRR317/005/SRR3177805/SRR3177805_1.fastq.gz;ftp.sra.ebi.ac.uk/vol1/fastq/SRR317/005/SRR3177805/SRR3177805_2.fastq.gz,fasp.sra.ebi.ac.uk:/vol1/fastq/SRR317/005/SRR3177805/SRR3177805_1.fastq.gz;fasp.sra.ebi.ac.uk:/vol1/fastq/SRR317/005/SRR3177805/SRR3177805_2.fastq.gz,ftp.sra.ebi.ac.uk/vol1/fastq/SRR317/005/SRR3177805/SRR3177805_1.fastq.gz,ftp.sra.ebi.ac.uk/vol1/fastq/SRR317/005/SRR3177805/SRR3177805_2.fastq.gz,75c461231cf93369109271c45277ba9d,55d6d4f44596377aec8c4f32c3332b3f,FALSE,BC,1989
SRR3177816,SRR3177816,WGS,,839581446,PRJNA280606,SAMN04494431,284297990;336199892,BCCDC,,,,,SRX1592329,Illumina MiSeq,PAIRED,RANDOM,GENOMIC,Giardia intestinalis,ILLUMINA,,VANC_89_UBC_48_L001_R2_001.fastq,SRP056976,,,VANC/89/UBC/48,,1989,Canada,North America,BC,VANC/89/UBC/48,,,,,,,,,,,,,,,,,,,,,,,,,,,,,,,,,,,,,,,,,,,,,,,,,,,,,,,,,,,,,,,,,,,,SRX1592329_SRR3177816,SRP056976,PRJNA9531,SRA355098,1672473,94639895f019d0382f382785c985c27d;7c348aac5999300cfe9c289c7daf7835,284297990;336199892,ftp.sra.ebi.ac.uk/vol1/fastq/SRR317/006/SRR3177816/SRR3177816_1.fastq.gz;ftp.sra.ebi.ac.uk/vol1/fastq/SRR317/006/SRR3177816/SRR3177816_2.fastq.gz,ftp.sra.ebi.ac.uk/vol1/fastq/SRR317/006/SRR3177816/SRR3177816_1.fastq.gz;ftp.sra.ebi.ac.uk/vol1/fastq/SRR317/006/SRR3177816/SRR3177816_2.fastq.gz,fasp.sra.ebi.ac.uk:/vol1/fastq/SRR317/006/SRR3177816/SRR3177816_1.fastq.gz;fasp.sra.ebi.ac.uk:/vol1/fastq/SRR317/006/SRR3177816/SRR3177816_2.fastq.gz,ftp.sra.ebi.ac.uk/vol1/fastq/SRR317/006/SRR3177816/SRR3177816_1.fastq.gz,ftp.sra.ebi.ac.uk/vol1/fastq/SRR317/006/SRR3177816/SRR3177816_2.fastq.gz,94639895f019d0382f382785c985c27d,7c348aac5999300cfe9c289c7daf7835,FALSE,BC,1989
SRR3177826,SRR3177826,WGS,,688907150,PRJNA280606,SAMN04494432,240331255;278362061,BCCDC,,,,,SRX1592330,Illumina MiSeq,PAIRED,RANDOM,GENOMIC,Giardia intestinalis,ILLUMINA,,VANC_89_UBC_59_L001_R2_001.fastq,SRP056976,,,VANC/89/UBC/59,,1989,Canada,North America,BC,VANC/89/UBC/59,,,,,,,,,,,,,,,,,,,,,,,,,,,,,,,,,,,,,,,,,,,,,,,,,,,,,,,,,,,,,,,,,,,,SRX1592330_SRR3177826,SRP056976,PRJNA9531,SRA355098,1372325,bd1f9f03636dc14ce2fdce4feb1a6549;589789910908f74d947011cde24f2684,240331255;278362061,ftp.sra.ebi.ac.uk/vol1/fastq/SRR317/006/SRR3177826/SRR3177826_1.fastq.gz;ftp.sra.ebi.ac.uk/vol1/fastq/SRR317/006/SRR3177826/SRR3177826_2.fastq.gz,ftp.sra.ebi.ac.uk/vol1/fastq/SRR317/006/SRR3177826/SRR3177826_1.fastq.gz;ftp.sra.ebi.ac.uk/vol1/fastq/SRR317/006/SRR3177826/SRR3177826_2.fastq.gz,fasp.sra.ebi.ac.uk:/vol1/fastq/SRR317/006/SRR3177826/SRR3177826_1.fastq.gz;fasp.sra.ebi.ac.uk:/vol1/fastq/SRR317/006/SRR3177826/SRR3177826_2.fastq.gz,ftp.sra.ebi.ac.uk/vol1/fastq/SRR317/006/SRR3177826/SRR3177826_1.fastq.gz,ftp.sra.ebi.ac.uk/vol1/fastq/SRR317/006/SRR3177826/SRR3177826_2.fastq.gz,bd1f9f03636dc14ce2fdce4feb1a6549,589789910908f74d947011cde24f2684,FALSE,BC,1989
SRR3177835,SRR3177835,WGS,,930929382,PRJNA280606,SAMN04494433,333951694;382285409,BCCDC,,,,,SRX1592331,Illumina MiSeq,PAIRED,RANDOM,GENOMIC,Giardia intestinalis,ILLUMINA,,VANC_90_UBC_47_L001_R2_001.fastq,SRP056976,,,VANC/90/UBC/47,,1990,Canada,North America,BC,VANC/90/UBC/47,,,,,,,,,,,,,,,,,,,,,,,,,,,,,,,,,,,,,,,,,,,,,,,,,,,,,,,,,,,,,,,,,,,,SRX1592331_SRR3177835,SRP056976,PRJNA9531,SRA355098,1854441,d48b3d33dd70dc4431cf3ec20aa1227a;d46fbbd2ad7df6a3124104ea6b22a325,333951694;382285409,ftp.sra.ebi.ac.uk/vol1/fastq/SRR317/005/SRR3177835/SRR3177835_1.fastq.gz;ftp.sra.ebi.ac.uk/vol1/fastq/SRR317/005/SRR3177835/SRR3177835_2.fastq.gz,ftp.sra.ebi.ac.uk/vol1/fastq/SRR317/005/SRR3177835/SRR3177835_1.fastq.gz;ftp.sra.ebi.ac.uk/vol1/fastq/SRR317/005/SRR3177835/SRR3177835_2.fastq.gz,fasp.sra.ebi.ac.uk:/vol1/fastq/SRR317/005/SRR3177835/SRR3177835_1.fastq.gz;fasp.sra.ebi.ac.uk:/vol1/fastq/SRR317/005/SRR3177835/SRR3177835_2.fastq.gz,ftp.sra.ebi.ac.uk/vol1/fastq/SRR317/005/SRR3177835/SRR3177835_1.fastq.gz,ftp.sra.ebi.ac.uk/vol1/fastq/SRR317/005/SRR3177835/SRR3177835_2.fastq.gz,d48b3d33dd70dc4431cf3ec20aa1227a,d46fbbd2ad7df6a3124104ea6b22a325,FALSE,BC,1990
SRR3177841,SRR3177841,WGS,,847572784,PRJNA280606,SAMN04494434,346639455;325283110,BCCDC,,,,,SRX1592333,Illumina MiSeq,PAIRED,RANDOM,GENOMIC,Giardia intestinalis,ILLUMINA,,VANC_90_UBC_50_2_L001_R1_001.fastq,SRP056976,,,VANC/90/UBC/50_2,,1990,Canada,North America,BC,VANC/90/UBC/50_2,,,,,,,,,,,,,,,,,,,,,,,,,,,,,,,,,,,,,,,,,,,,,,,,,,,,,,,,,,,,,,,,,,,,SRX1592333_SRR3177841,SRP056976,PRJNA9531,SRA355098,1688392,5ece1d1ea82dcedc96ea3abb119a95e3;4ac691fdf97e75ac2c06c259c24745fb,346639455;325283110,ftp.sra.ebi.ac.uk/vol1/fastq/SRR317/001/SRR3177841/SRR3177841_1.fastq.gz;ftp.sra.ebi.ac.uk/vol1/fastq/SRR317/001/SRR3177841/SRR3177841_2.fastq.gz,ftp.sra.ebi.ac.uk/vol1/fastq/SRR317/001/SRR3177841/SRR3177841_1.fastq.gz;ftp.sra.ebi.ac.uk/vol1/fastq/SRR317/001/SRR3177841/SRR3177841_2.fastq.gz,fasp.sra.ebi.ac.uk:/vol1/fastq/SRR317/001/SRR3177841/SRR3177841_1.fastq.gz;fasp.sra.ebi.ac.uk:/vol1/fastq/SRR317/001/SRR3177841/SRR3177841_2.fastq.gz,ftp.sra.ebi.ac.uk/vol1/fastq/SRR317/001/SRR3177841/SRR3177841_1.fastq.gz,ftp.sra.ebi.ac.uk/vol1/fastq/SRR317/001/SRR3177841/SRR3177841_2.fastq.gz,5ece1d1ea82dcedc96ea3abb119a95e3,4ac691fdf97e75ac2c06c259c24745fb,FALSE,BC,1990
SRR3177858,SRR3177858,WGS,,1320179680,PRJNA280606,SAMN04494435,541545562;529167996,BCCDC,,,,,SRX1592335,Illumina MiSeq,PAIRED,RANDOM,GENOMIC,Giardia intestinalis,ILLUMINA,,VANC_90_UBC_51_R1_001.fastq,SRP056976,,,VANC/90/UBC/51,,1990,Canada,North America,BC,VANC/90/UBC/51,,,,,,,,,,,,,,,,,,,,,,,,,,,,,,,,,,,,,,,,,,,,,,,,,,,,,,,,,,,,,,,,,,,,SRX1592335_SRR3177858,SRP056976,PRJNA9531,SRA355098,2629840,42b83ad6eb094105ffa48c96bcb39038;15665d716ab8f0dd544d430e5965d548,541545562;529167996,ftp.sra.ebi.ac.uk/vol1/fastq/SRR317/008/SRR3177858/SRR3177858_1.fastq.gz;ftp.sra.ebi.ac.uk/vol1/fastq/SRR317/008/SRR3177858/SRR3177858_2.fastq.gz,ftp.sra.ebi.ac.uk/vol1/fastq/SRR317/008/SRR3177858/SRR3177858_1.fastq.gz;ftp.sra.ebi.ac.uk/vol1/fastq/SRR317/008/SRR3177858/SRR3177858_2.fastq.gz,fasp.sra.ebi.ac.uk:/vol1/fastq/SRR317/008/SRR3177858/SRR3177858_1.fastq.gz;fasp.sra.ebi.ac.uk:/vol1/fastq/SRR317/008/SRR3177858/SRR3177858_2.fastq.gz,ftp.sra.ebi.ac.uk/vol1/fastq/SRR317/008/SRR3177858/SRR3177858_1.fastq.gz,ftp.sra.ebi.ac.uk/vol1/fastq/SRR317/008/SRR3177858/SRR3177858_2.fastq.gz,42b83ad6eb094105ffa48c96bcb39038,15665d716ab8f0dd544d430e5965d548,FALSE,BC,1990
SRR3177862,SRR3177862,WGS,,974742436,PRJNA280606,SAMN04494436,394461096;427859767,BCCDC,,,,,SRX1592336,Illumina MiSeq,PAIRED,RANDOM,GENOMIC,Giardia intestinalis,ILLUMINA,,VANC_90_UBC_54_R2_001.fastq,SRP056976,,,VANC/90/UBC/54,,1990,Canada,North America,BC,VANC/90/UBC/54,,,,,,,,,,,,,,,,,,,,,,,,,,,,,,,,,,,,,,,,,,,,,,,,,,,,,,,,,,,,,,,,,,,,SRX1592336_SRR3177862,SRP056976,PRJNA9531,SRA355098,1941718,e5f82d68afb8fac6201d6b6dd33a97af;80d80396e16b8b25f5bff4f190b092d0,394461096;427859767,ftp.sra.ebi.ac.uk/vol1/fastq/SRR317/002/SRR3177862/SRR3177862_1.fastq.gz;ftp.sra.ebi.ac.uk/vol1/fastq/SRR317/002/SRR3177862/SRR3177862_2.fastq.gz,ftp.sra.ebi.ac.uk/vol1/fastq/SRR317/002/SRR3177862/SRR3177862_1.fastq.gz;ftp.sra.ebi.ac.uk/vol1/fastq/SRR317/002/SRR3177862/SRR3177862_2.fastq.gz,fasp.sra.ebi.ac.uk:/vol1/fastq/SRR317/002/SRR3177862/SRR3177862_1.fastq.gz;fasp.sra.ebi.ac.uk:/vol1/fastq/SRR317/002/SRR3177862/SRR3177862_2.fastq.gz,ftp.sra.ebi.ac.uk/vol1/fastq/SRR317/002/SRR3177862/SRR3177862_1.fastq.gz,ftp.sra.ebi.ac.uk/vol1/fastq/SRR317/002/SRR3177862/SRR3177862_2.fastq.gz,e5f82d68afb8fac6201d6b6dd33a97af,80d80396e16b8b25f5bff4f190b092d0,FALSE,BC,1990
SRR3177873,SRR3177873,WGS,,740896278,PRJNA280606,SAMN04494437,286795270;301784915,BCCDC,,,,,SRX1592338,Illumina MiSeq,PAIRED,RANDOM,GENOMIC,Giardia intestinalis,ILLUMINA,,VANC_90_UBC_55_L001_R1_001.fastq,SRP056976,,,VANC/90/UBC/55,,1990,Canada,North America,BC,VANC/90/UBC/55,,,,,,,,,,,,,,,,,,,,,,,,,,,,,,,,,,,,,,,,,,,,,,,,,,,,,,,,,,,,,,,,,,,,SRX1592338_SRR3177873,SRP056976,PRJNA9531,SRA355098,1475889,2bc0aed545a5e2af849d4c212164648d;f4c250da61422038b92464747cad92a4,286795270;301784915,ftp.sra.ebi.ac.uk/vol1/fastq/SRR317/003/SRR3177873/SRR3177873_1.fastq.gz;ftp.sra.ebi.ac.uk/vol1/fastq/SRR317/003/SRR3177873/SRR3177873_2.fastq.gz,ftp.sra.ebi.ac.uk/vol1/fastq/SRR317/003/SRR3177873/SRR3177873_1.fastq.gz;ftp.sra.ebi.ac.uk/vol1/fastq/SRR317/003/SRR3177873/SRR3177873_2.fastq.gz,fasp.sra.ebi.ac.uk:/vol1/fastq/SRR317/003/SRR3177873/SRR3177873_1.fastq.gz;fasp.sra.ebi.ac.uk:/vol1/fastq/SRR317/003/SRR3177873/SRR3177873_2.fastq.gz,ftp.sra.ebi.ac.uk/vol1/fastq/SRR317/003/SRR3177873/SRR3177873_1.fastq.gz,ftp.sra.ebi.ac.uk/vol1/fastq/SRR317/003/SRR3177873/SRR3177873_2.fastq.gz,2bc0aed545a5e2af849d4c212164648d,f4c250da61422038b92464747cad92a4,FALSE,BC,1990
SRR3177890,SRR3177890,WGS,,1186488044,PRJNA280606,SAMN04494402,404837710;476892413,BCCDC,,,,,SRX1592340,Illumina MiSeq,PAIRED,RANDOM,GENOMIC,Giardia intestinalis,ILLUMINA,,B5_19_L001_R2_001.fastq,SRP056976,,,B5/19,,1987,Canada,North America,AB,B5/19,,,,,,,,,,,,,,,,,,,,,,,,,,,,,,,,,,,,,,,,,,,,,,,,,,,,,,,,,,,,,,,,,,,,SRX1592340_SRR3177890,SRP056976,PRJNA9531,SRA355098,2363522,bd17e3d71aa566ca4f893559495f04be;22f7810c1a1630757f9dbaaf0bff4c25,404837710;476892413,ftp.sra.ebi.ac.uk/vol1/fastq/SRR317/000/SRR3177890/SRR3177890_1.fastq.gz;ftp.sra.ebi.ac.uk/vol1/fastq/SRR317/000/SRR3177890/SRR3177890_2.fastq.gz,ftp.sra.ebi.ac.uk/vol1/fastq/SRR317/000/SRR3177890/SRR3177890_1.fastq.gz;ftp.sra.ebi.ac.uk/vol1/fastq/SRR317/000/SRR3177890/SRR3177890_2.fastq.gz,fasp.sra.ebi.ac.uk:/vol1/fastq/SRR317/000/SRR3177890/SRR3177890_1.fastq.gz;fasp.sra.ebi.ac.uk:/vol1/fastq/SRR317/000/SRR3177890/SRR3177890_2.fastq.gz,ftp.sra.ebi.ac.uk/vol1/fastq/SRR317/000/SRR3177890/SRR3177890_1.fastq.gz,ftp.sra.ebi.ac.uk/vol1/fastq/SRR317/000/SRR3177890/SRR3177890_2.fastq.gz,bd17e3d71aa566ca4f893559495f04be,22f7810c1a1630757f9dbaaf0bff4c25,FALSE,AB,1987
SRR3177900,SRR3177900,WGS,,611570034,PRJNA280606,SAMN04494438,215316856;259085672,BCCDC,,,,,SRX1592341,Illumina MiSeq,PAIRED,RANDOM,GENOMIC,Giardia intestinalis,ILLUMINA,,VANC_90_UBC_57_L001_R1_001.fastq,SRP056976,,,VANC/90/UBC/57,,1989,Canada,North America,BC,VANC/90/UBC/57,,,,,,,,,,,,,,,,,,,,,,,,,,,,,,,,,,,,,,,,,,,,,,,,,,,,,,,,,,,,,,,,,,,,SRX1592341_SRR3177900,SRP056976,PRJNA9531,SRA355098,1218267,3b74ef73d8c2a299ddab92fb6fda5d57;b51de8e47b854ac5c4835bff31a01c9c,215316856;259085672,ftp.sra.ebi.ac.uk/vol1/fastq/SRR317/000/SRR3177900/SRR3177900_1.fastq.gz;ftp.sra.ebi.ac.uk/vol1/fastq/SRR317/000/SRR3177900/SRR3177900_2.fastq.gz,ftp.sra.ebi.ac.uk/vol1/fastq/SRR317/000/SRR3177900/SRR3177900_1.fastq.gz;ftp.sra.ebi.ac.uk/vol1/fastq/SRR317/000/SRR3177900/SRR3177900_2.fastq.gz,fasp.sra.ebi.ac.uk:/vol1/fastq/SRR317/000/SRR3177900/SRR3177900_1.fastq.gz;fasp.sra.ebi.ac.uk:/vol1/fastq/SRR317/000/SRR3177900/SRR3177900_2.fastq.gz,ftp.sra.ebi.ac.uk/vol1/fastq/SRR317/000/SRR3177900/SRR3177900_1.fastq.gz,ftp.sra.ebi.ac.uk/vol1/fastq/SRR317/000/SRR3177900/SRR3177900_2.fastq.gz,3b74ef73d8c2a299ddab92fb6fda5d57,b51de8e47b854ac5c4835bff31a01c9c,FALSE,BC,1989
SRR3177903,SRR3177903,WGS,,916514954,PRJNA280606,SAMN04494439,314831026;355103982,BCCDC,,,,,SRX1592343,Illumina MiSeq,PAIRED,RANDOM,GENOMIC,Giardia intestinalis,ILLUMINA,,VANC_90_UBC_58_L001_R2_001.fastq,SRP056976,,,VANC/90/UBC/58,,1990,Canada,North America,BC,VANC/90/UBC/58,,,,,,,,,,,,,,,,,,,,,,,,,,,,,,,,,,,,,,,,,,,,,,,,,,,,,,,,,,,,,,,,,,,,SRX1592343_SRR3177903,SRP056976,PRJNA9531,SRA355098,1825727,59ace96428a84153e8ea8ee5eabc309a;627e3ce64f87f9ede32814dca8e6eac0,314831026;355103982,ftp.sra.ebi.ac.uk/vol1/fastq/SRR317/003/SRR3177903/SRR3177903_1.fastq.gz;ftp.sra.ebi.ac.uk/vol1/fastq/SRR317/003/SRR3177903/SRR3177903_2.fastq.gz,ftp.sra.ebi.ac.uk/vol1/fastq/SRR317/003/SRR3177903/SRR3177903_1.fastq.gz;ftp.sra.ebi.ac.uk/vol1/fastq/SRR317/003/SRR3177903/SRR3177903_2.fastq.gz,fasp.sra.ebi.ac.uk:/vol1/fastq/SRR317/003/SRR3177903/SRR3177903_1.fastq.gz;fasp.sra.ebi.ac.uk:/vol1/fastq/SRR317/003/SRR3177903/SRR3177903_2.fastq.gz,ftp.sra.ebi.ac.uk/vol1/fastq/SRR317/003/SRR3177903/SRR3177903_1.fastq.gz,ftp.sra.ebi.ac.uk/vol1/fastq/SRR317/003/SRR3177903/SRR3177903_2.fastq.gz,59ace96428a84153e8ea8ee5eabc309a,627e3ce64f87f9ede32814dca8e6eac0,FALSE,BC,1990
SRR3177917,SRR3177917,WGS,,1372724020,PRJNA280606,SAMN04494440,533222999;537048022,BCCDC,,,,,SRX1592344,Illumina MiSeq,PAIRED,RANDOM,GENOMIC,Giardia intestinalis,ILLUMINA,,VANC_90_UBC_61_L001_R1_001.fastq,SRP056976,,,VANC/90/UBC/61,,1990,Canada,North America,BC,VANC/90/UBC/61,,,,,,,,,,,,,,,,,,,,,,,,,,,,,,,,,,,,,,,,,,,,,,,,,,,,,,,,,,,,,,,,,,,,SRX1592344_SRR3177917,SRP056976,PRJNA9531,SRA355098,2734510,f41854ff4c5b6eb052553f077e1199f4;ff2d08958fcf4437950b4005e7a959b8,533222999;537048022,ftp.sra.ebi.ac.uk/vol1/fastq/SRR317/007/SRR3177917/SRR3177917_1.fastq.gz;ftp.sra.ebi.ac.uk/vol1/fastq/SRR317/007/SRR3177917/SRR3177917_2.fastq.gz,ftp.sra.ebi.ac.uk/vol1/fastq/SRR317/007/SRR3177917/SRR3177917_1.fastq.gz;ftp.sra.ebi.ac.uk/vol1/fastq/SRR317/007/SRR3177917/SRR3177917_2.fastq.gz,fasp.sra.ebi.ac.uk:/vol1/fastq/SRR317/007/SRR3177917/SRR3177917_1.fastq.gz;fasp.sra.ebi.ac.uk:/vol1/fastq/SRR317/007/SRR3177917/SRR3177917_2.fastq.gz,ftp.sra.ebi.ac.uk/vol1/fastq/SRR317/007/SRR3177917/SRR3177917_1.fastq.gz,ftp.sra.ebi.ac.uk/vol1/fastq/SRR317/007/SRR3177917/SRR3177917_2.fastq.gz,f41854ff4c5b6eb052553f077e1199f4,ff2d08958fcf4437950b4005e7a959b8,FALSE,BC,1990
SRR3177919,SRR3177919,WGS,,745443896,PRJNA280606,SAMN04494441,294409751;304286938,BCCDC,,,,,SRX1592345,Illumina MiSeq,PAIRED,RANDOM,GENOMIC,Giardia intestinalis,ILLUMINA,,VANC_90_UBC_62_L001_R2_001.fastq,SRP056976,,,VANC/90/UBC/62,,1990,Canada,North America,BC,VANC/90/UBC/62,,,,,,,,,,,,,,,,,,,,,,,,,,,,,,,,,,,,,,,,,,,,,,,,,,,,,,,,,,,,,,,,,,,,SRX1592345_SRR3177919,SRP056976,PRJNA9531,SRA355098,1484948,5bc029b00f9306df68955b302ee07fba;306094b8b5f20086493f524869208734,294409751;304286938,ftp.sra.ebi.ac.uk/vol1/fastq/SRR317/009/SRR3177919/SRR3177919_1.fastq.gz;ftp.sra.ebi.ac.uk/vol1/fastq/SRR317/009/SRR3177919/SRR3177919_2.fastq.gz,ftp.sra.ebi.ac.uk/vol1/fastq/SRR317/009/SRR3177919/SRR3177919_1.fastq.gz;ftp.sra.ebi.ac.uk/vol1/fastq/SRR317/009/SRR3177919/SRR3177919_2.fastq.gz,fasp.sra.ebi.ac.uk:/vol1/fastq/SRR317/009/SRR3177919/SRR3177919_1.fastq.gz;fasp.sra.ebi.ac.uk:/vol1/fastq/SRR317/009/SRR3177919/SRR3177919_2.fastq.gz,ftp.sra.ebi.ac.uk/vol1/fastq/SRR317/009/SRR3177919/SRR3177919_1.fastq.gz,ftp.sra.ebi.ac.uk/vol1/fastq/SRR317/009/SRR3177919/SRR3177919_2.fastq.gz,5bc029b00f9306df68955b302ee07fba,306094b8b5f20086493f524869208734,FALSE,BC,1990
SRR3177926,SRR3177926,WGS,,1056681888,PRJNA280606,SAMN04494442,383556800;455597856,BCCDC,,,,,SRX1592346,Illumina MiSeq,PAIRED,RANDOM,GENOMIC,Giardia intestinalis,ILLUMINA,,VANC_90_UBC_63_L001_R1_001.fastq,SRP056976,,,VANC/90/UBC/63,,1991,Canada,North America,BC,VANC/90/UBC/63,,,,,,,,,,,,,,,,,,,,,,,,,,,,,,,,,,,,,,,,,,,,,,,,,,,,,,,,,,,,,,,,,,,,SRX1592346_SRR3177926,SRP056976,PRJNA9531,SRA355098,2104944,c2569539960501b71e293dee48cb6bc0;ec3177d2d97af17d6908c76774f7e121,383556800;455597856,ftp.sra.ebi.ac.uk/vol1/fastq/SRR317/006/SRR3177926/SRR3177926_1.fastq.gz;ftp.sra.ebi.ac.uk/vol1/fastq/SRR317/006/SRR3177926/SRR3177926_2.fastq.gz,ftp.sra.ebi.ac.uk/vol1/fastq/SRR317/006/SRR3177926/SRR3177926_1.fastq.gz;ftp.sra.ebi.ac.uk/vol1/fastq/SRR317/006/SRR3177926/SRR3177926_2.fastq.gz,fasp.sra.ebi.ac.uk:/vol1/fastq/SRR317/006/SRR3177926/SRR3177926_1.fastq.gz;fasp.sra.ebi.ac.uk:/vol1/fastq/SRR317/006/SRR3177926/SRR3177926_2.fastq.gz,ftp.sra.ebi.ac.uk/vol1/fastq/SRR317/006/SRR3177926/SRR3177926_1.fastq.gz,ftp.sra.ebi.ac.uk/vol1/fastq/SRR317/006/SRR3177926/SRR3177926_2.fastq.gz,c2569539960501b71e293dee48cb6bc0,ec3177d2d97af17d6908c76774f7e121,FALSE,BC,1991
SRR3177927,SRR3177927,WGS,,1714603884,PRJNA280606,SAMN04494443,600519154;620794134,BCCDC,,,,,SRX1592347,Illumina MiSeq,PAIRED,RANDOM,GENOMIC,Giardia intestinalis,ILLUMINA,,VANC_90_UBC_64_L001_R2_001.fastq,SRP056976,,,VANC/90/UBC/64,,1990,Canada,North America,BC,VANC/90/UBC/64,,,,,,,,,,,,,,,,,,,,,,,,,,,,,,,,,,,,,,,,,,,,,,,,,,,,,,,,,,,,,,,,,,,,SRX1592347_SRR3177927,SRP056976,PRJNA9531,SRA355098,3602109,50bd297d195d9fb90bee5b13f537b2d5;373f45ec0b0de446520b78aa864323c7,600519154;620794134,ftp.sra.ebi.ac.uk/vol1/fastq/SRR317/007/SRR3177927/SRR3177927_1.fastq.gz;ftp.sra.ebi.ac.uk/vol1/fastq/SRR317/007/SRR3177927/SRR3177927_2.fastq.gz,ftp.sra.ebi.ac.uk/vol1/fastq/SRR317/007/SRR3177927/SRR3177927_1.fastq.gz;ftp.sra.ebi.ac.uk/vol1/fastq/SRR317/007/SRR3177927/SRR3177927_2.fastq.gz,fasp.sra.ebi.ac.uk:/vol1/fastq/SRR317/007/SRR3177927/SRR3177927_1.fastq.gz;fasp.sra.ebi.ac.uk:/vol1/fastq/SRR317/007/SRR3177927/SRR3177927_2.fastq.gz,ftp.sra.ebi.ac.uk/vol1/fastq/SRR317/007/SRR3177927/SRR3177927_1.fastq.gz,ftp.sra.ebi.ac.uk/vol1/fastq/SRR317/007/SRR3177927/SRR3177927_2.fastq.gz,50bd297d195d9fb90bee5b13f537b2d5,373f45ec0b0de446520b78aa864323c7,FALSE,BC,1990
SRR3177928,SRR3177928,WGS,,758704226,PRJNA280606,SAMN04494444,276257341;328048572,BCCDC,,,,,SRX1592348,Illumina MiSeq,PAIRED,RANDOM,GENOMIC,Giardia intestinalis,ILLUMINA,,VANC_91_UBC_65_L001_R1_001.fastq,SRP056976,,,VANC/91/UBC/65,,1991,Canada,North America,BC,VANC/91/UBC/65,,,,,,,,,,,,,,,,,,,,,,,,,,,,,,,,,,,,,,,,,,,,,,,,,,,,,,,,,,,,,,,,,,,,SRX1592348_SRR3177928,SRP056976,PRJNA9531,SRA355098,1511363,4d6505b14b47e325c413a54f9e560f99;6acb6ae26e9f4646bc318aeb3b0744fd,276257341;328048572,ftp.sra.ebi.ac.uk/vol1/fastq/SRR317/008/SRR3177928/SRR3177928_1.fastq.gz;ftp.sra.ebi.ac.uk/vol1/fastq/SRR317/008/SRR3177928/SRR3177928_2.fastq.gz,ftp.sra.ebi.ac.uk/vol1/fastq/SRR317/008/SRR3177928/SRR3177928_1.fastq.gz;ftp.sra.ebi.ac.uk/vol1/fastq/SRR317/008/SRR3177928/SRR3177928_2.fastq.gz,fasp.sra.ebi.ac.uk:/vol1/fastq/SRR317/008/SRR3177928/SRR3177928_1.fastq.gz;fasp.sra.ebi.ac.uk:/vol1/fastq/SRR317/008/SRR3177928/SRR3177928_2.fastq.gz,ftp.sra.ebi.ac.uk/vol1/fastq/SRR317/008/SRR3177928/SRR3177928_1.fastq.gz,ftp.sra.ebi.ac.uk/vol1/fastq/SRR317/008/SRR3177928/SRR3177928_2.fastq.gz,4d6505b14b47e325c413a54f9e560f99,6acb6ae26e9f4646bc318aeb3b0744fd,FALSE,BC,1991
SRR3177929,SRR3177929,WGS,,618499140,PRJNA280606,SAMN04494445,231533727;260681900,BCCDC,,,,,SRX1592349,Illumina MiSeq,PAIRED,RANDOM,GENOMIC,Giardia intestinalis,ILLUMINA,,VANC_91_UBC_67_L001_R2_001.fastq,SRP056976,,,VANC/91/UBC/67,,1991,Canada,North America,BC,VANC/91/UBC/67,,,,,,,,,,,,,,,,,,,,,,,,,,,,,,,,,,,,,,,,,,,,,,,,,,,,,,,,,,,,,,,,,,,,SRX1592349_SRR3177929,SRP056976,PRJNA9531,SRA355098,1232070,baabca42115db168659b7d13963a7fd7;c04ef1ec169d5eedf3651c55519b20fa,231533727;260681900,ftp.sra.ebi.ac.uk/vol1/fastq/SRR317/009/SRR3177929/SRR3177929_1.fastq.gz;ftp.sra.ebi.ac.uk/vol1/fastq/SRR317/009/SRR3177929/SRR3177929_2.fastq.gz,ftp.sra.ebi.ac.uk/vol1/fastq/SRR317/009/SRR3177929/SRR3177929_1.fastq.gz;ftp.sra.ebi.ac.uk/vol1/fastq/SRR317/009/SRR3177929/SRR3177929_2.fastq.gz,fasp.sra.ebi.ac.uk:/vol1/fastq/SRR317/009/SRR3177929/SRR3177929_1.fastq.gz;fasp.sra.ebi.ac.uk:/vol1/fastq/SRR317/009/SRR3177929/SRR3177929_2.fastq.gz,ftp.sra.ebi.ac.uk/vol1/fastq/SRR317/009/SRR3177929/SRR3177929_1.fastq.gz,ftp.sra.ebi.ac.uk/vol1/fastq/SRR317/009/SRR3177929/SRR3177929_2.fastq.gz,baabca42115db168659b7d13963a7fd7,c04ef1ec169d5eedf3651c55519b20fa,FALSE,BC,1991
SRR3177930,SRR3177930,WGS,,1377588902,PRJNA280606,SAMN04494446,489674969;537748596,BCCDC,,,,,SRX1592350,Illumina MiSeq,PAIRED,RANDOM,GENOMIC,Giardia intestinalis,ILLUMINA,,VANC_91_UBC_68_1_L001_R1_001.fastq,SRP056976,,,VANC/91/UBC/68_1,,1991,Canada,North America,BC,VANC/91/UBC/68_1,,,,,,,,,,,,,,,,,,,,,,,,,,,,,,,,,,,,,,,,,,,,,,,,,,,,,,,,,,,,,,,,,,,,SRX1592350_SRR3177930,SRP056976,PRJNA9531,SRA355098,2744201,2b1664def38e1ec926c44490db8fdded;010700735e51ea17abae79d648c55489,489674969;537748596,ftp.sra.ebi.ac.uk/vol1/fastq/SRR317/000/SRR3177930/SRR3177930_1.fastq.gz;ftp.sra.ebi.ac.uk/vol1/fastq/SRR317/000/SRR3177930/SRR3177930_2.fastq.gz,ftp.sra.ebi.ac.uk/vol1/fastq/SRR317/000/SRR3177930/SRR3177930_1.fastq.gz;ftp.sra.ebi.ac.uk/vol1/fastq/SRR317/000/SRR3177930/SRR3177930_2.fastq.gz,fasp.sra.ebi.ac.uk:/vol1/fastq/SRR317/000/SRR3177930/SRR3177930_1.fastq.gz;fasp.sra.ebi.ac.uk:/vol1/fastq/SRR317/000/SRR3177930/SRR3177930_2.fastq.gz,ftp.sra.ebi.ac.uk/vol1/fastq/SRR317/000/SRR3177930/SRR3177930_1.fastq.gz,ftp.sra.ebi.ac.uk/vol1/fastq/SRR317/000/SRR3177930/SRR3177930_2.fastq.gz,2b1664def38e1ec926c44490db8fdded,010700735e51ea17abae79d648c55489,FALSE,BC,1991
SRR3177931,SRR3177931,WGS,,602390462,PRJNA280606,SAMN04494447,199162607;250996771,BCCDC,,,,,SRX1592351,Illumina MiSeq,PAIRED,RANDOM,GENOMIC,Giardia intestinalis,ILLUMINA,,VANC_91_UBC_68_2_L001_R1_001.fastq,SRP056976,,,VANC/91/UBC/68_2,,1991,Canada,North America,BC,VANC/91/UBC/68_2,,,,,,,,,,,,,,,,,,,,,,,,,,,,,,,,,,,,,,,,,,,,,,,,,,,,,,,,,,,,,,,,,,,,SRX1592351_SRR3177931,SRP056976,PRJNA9531,SRA355098,1199981,b014abcf357ca06958255a5e3e8b7cdb;f570b706f102d754ab5316e188fd1bc5,199162607;250996771,ftp.sra.ebi.ac.uk/vol1/fastq/SRR317/001/SRR3177931/SRR3177931_1.fastq.gz;ftp.sra.ebi.ac.uk/vol1/fastq/SRR317/001/SRR3177931/SRR3177931_2.fastq.gz,ftp.sra.ebi.ac.uk/vol1/fastq/SRR317/001/SRR3177931/SRR3177931_1.fastq.gz;ftp.sra.ebi.ac.uk/vol1/fastq/SRR317/001/SRR3177931/SRR3177931_2.fastq.gz,fasp.sra.ebi.ac.uk:/vol1/fastq/SRR317/001/SRR3177931/SRR3177931_1.fastq.gz;fasp.sra.ebi.ac.uk:/vol1/fastq/SRR317/001/SRR3177931/SRR3177931_2.fastq.gz,ftp.sra.ebi.ac.uk/vol1/fastq/SRR317/001/SRR3177931/SRR3177931_1.fastq.gz,ftp.sra.ebi.ac.uk/vol1/fastq/SRR317/001/SRR3177931/SRR3177931_2.fastq.gz,b014abcf357ca06958255a5e3e8b7cdb,f570b706f102d754ab5316e188fd1bc5,FALSE,BC,1991
SRR3177932,SRR3177932,WGS,,718218788,PRJNA280606,SAMN04494403,248802611;247306135,BCCDC,,,,,SRX1592352,Illumina MiSeq,PAIRED,RANDOM,GENOMIC,Giardia intestinalis,ILLUMINA,,BE_1_IP_0482:1_15_L001_R1_001.fastq,SRP056976,,,BE-1(IP-0482:1)/15,,1985,Canada,North America,AB,BE-1(IP-0482:1)/15,,,,,,,,,,,,,,,,,,,,,,,,,,,,,,,,,,,,,,,,,,,,,,,,,,,,,,,,,,,,,,,,,,,,SRX1592352_SRR3177932,SRP056976,PRJNA9531,SRA355098,1508863,d325570c2f414857a43c831d4c7f22e9;538a672c5df71f78eb5f4ddccf0cf770,248802611;247306135,ftp.sra.ebi.ac.uk/vol1/fastq/SRR317/002/SRR3177932/SRR3177932_1.fastq.gz;ftp.sra.ebi.ac.uk/vol1/fastq/SRR317/002/SRR3177932/SRR3177932_2.fastq.gz,ftp.sra.ebi.ac.uk/vol1/fastq/SRR317/002/SRR3177932/SRR3177932_1.fastq.gz;ftp.sra.ebi.ac.uk/vol1/fastq/SRR317/002/SRR3177932/SRR3177932_2.fastq.gz,fasp.sra.ebi.ac.uk:/vol1/fastq/SRR317/002/SRR3177932/SRR3177932_1.fastq.gz;fasp.sra.ebi.ac.uk:/vol1/fastq/SRR317/002/SRR3177932/SRR3177932_2.fastq.gz,ftp.sra.ebi.ac.uk/vol1/fastq/SRR317/002/SRR3177932/SRR3177932_1.fastq.gz,ftp.sra.ebi.ac.uk/vol1/fastq/SRR317/002/SRR3177932/SRR3177932_2.fastq.gz,d325570c2f414857a43c831d4c7f22e9,538a672c5df71f78eb5f4ddccf0cf770,FALSE,AB,1985
SRR3177933,SRR3177933,WGS,,846180738,PRJNA280606,SAMN04494448,300527072;330763267,BCCDC,,,,,SRX1592353,Illumina MiSeq,PAIRED,RANDOM,GENOMIC,Giardia intestinalis,ILLUMINA,,VANC_91_UBC_69_L001_R1_001.fastq,SRP056976,,,VANC/91/UBC/69,,1991,Canada,North America,BC,VANC/91/UBC/69,,,,,,,,,,,,,,,,,,,,,,,,,,,,,,,,,,,,,,,,,,,,,,,,,,,,,,,,,,,,,,,,,,,,SRX1592353_SRR3177933,SRP056976,PRJNA9531,SRA355098,1685619,3ec92ff9f7311baba3c505ee344b4773;f5c120c0a416bc057feebed448a30f71,300527072;330763267,ftp.sra.ebi.ac.uk/vol1/fastq/SRR317/003/SRR3177933/SRR3177933_1.fastq.gz;ftp.sra.ebi.ac.uk/vol1/fastq/SRR317/003/SRR3177933/SRR3177933_2.fastq.gz,ftp.sra.ebi.ac.uk/vol1/fastq/SRR317/003/SRR3177933/SRR3177933_1.fastq.gz;ftp.sra.ebi.ac.uk/vol1/fastq/SRR317/003/SRR3177933/SRR3177933_2.fastq.gz,fasp.sra.ebi.ac.uk:/vol1/fastq/SRR317/003/SRR3177933/SRR3177933_1.fastq.gz;fasp.sra.ebi.ac.uk:/vol1/fastq/SRR317/003/SRR3177933/SRR3177933_2.fastq.gz,ftp.sra.ebi.ac.uk/vol1/fastq/SRR317/003/SRR3177933/SRR3177933_1.fastq.gz,ftp.sra.ebi.ac.uk/vol1/fastq/SRR317/003/SRR3177933/SRR3177933_2.fastq.gz,3ec92ff9f7311baba3c505ee344b4773,f5c120c0a416bc057feebed448a30f71,FALSE,BC,1991
SRR3177934,SRR3177934,WGS,,668219730,PRJNA280606,SAMN04494449,229108543;260613622,BCCDC,,,,,SRX1592354,Illumina MiSeq,PAIRED,RANDOM,GENOMIC,Giardia intestinalis,ILLUMINA,,VANC_91_UBC_72_L001_R2_001.fastq,SRP056976,,,VANC/91/UBC/72,,1991,Canada,North America,BC,VANC/91/UBC/72,,,,,,,,,,,,,,,,,,,,,,,,,,,,,,,,,,,,,,,,,,,,,,,,,,,,,,,,,,,,,,,,,,,,SRX1592354_SRR3177934,SRP056976,PRJNA9531,SRA355098,1331115,8612c20cfc77cf68a3c072179c4b3c86;3de0270f5446b7f5be57c708d4829610,229108543;260613622,ftp.sra.ebi.ac.uk/vol1/fastq/SRR317/004/SRR3177934/SRR3177934_1.fastq.gz;ftp.sra.ebi.ac.uk/vol1/fastq/SRR317/004/SRR3177934/SRR3177934_2.fastq.gz,ftp.sra.ebi.ac.uk/vol1/fastq/SRR317/004/SRR3177934/SRR3177934_1.fastq.gz;ftp.sra.ebi.ac.uk/vol1/fastq/SRR317/004/SRR3177934/SRR3177934_2.fastq.gz,fasp.sra.ebi.ac.uk:/vol1/fastq/SRR317/004/SRR3177934/SRR3177934_1.fastq.gz;fasp.sra.ebi.ac.uk:/vol1/fastq/SRR317/004/SRR3177934/SRR3177934_2.fastq.gz,ftp.sra.ebi.ac.uk/vol1/fastq/SRR317/004/SRR3177934/SRR3177934_1.fastq.gz,ftp.sra.ebi.ac.uk/vol1/fastq/SRR317/004/SRR3177934/SRR3177934_2.fastq.gz,8612c20cfc77cf68a3c072179c4b3c86,3de0270f5446b7f5be57c708d4829610,FALSE,BC,1991
SRR3177935,SRR3177935,WGS,,2092620132,PRJNA280606,SAMN04494450,740561628;816795239,BCCDC,,,,,SRX1592355,Illumina MiSeq,PAIRED,RANDOM,GENOMIC,Giardia intestinalis,ILLUMINA,,VANC_91_UBC_73_L001_R2_001.fastq,SRP056976,,,VANC/91/UBC/73,,1991,Canada,North America,BC,VANC/91/UBC/73,,,,,,,,,,,,,,,,,,,,,,,,,,,,,,,,,,,,,,,,,,,,,,,,,,,,,,,,,,,,,,,,,,,,SRX1592355_SRR3177935,SRP056976,PRJNA9531,SRA355098,4168566,630f888ebfb56297dc92987c892f8a93;71932ae9fae26aeb70d5904fe06dc603,740561628;816795239,ftp.sra.ebi.ac.uk/vol1/fastq/SRR317/005/SRR3177935/SRR3177935_1.fastq.gz;ftp.sra.ebi.ac.uk/vol1/fastq/SRR317/005/SRR3177935/SRR3177935_2.fastq.gz,ftp.sra.ebi.ac.uk/vol1/fastq/SRR317/005/SRR3177935/SRR3177935_1.fastq.gz;ftp.sra.ebi.ac.uk/vol1/fastq/SRR317/005/SRR3177935/SRR3177935_2.fastq.gz,fasp.sra.ebi.ac.uk:/vol1/fastq/SRR317/005/SRR3177935/SRR3177935_1.fastq.gz;fasp.sra.ebi.ac.uk:/vol1/fastq/SRR317/005/SRR3177935/SRR3177935_2.fastq.gz,ftp.sra.ebi.ac.uk/vol1/fastq/SRR317/005/SRR3177935/SRR3177935_1.fastq.gz,ftp.sra.ebi.ac.uk/vol1/fastq/SRR317/005/SRR3177935/SRR3177935_2.fastq.gz,630f888ebfb56297dc92987c892f8a93,71932ae9fae26aeb70d5904fe06dc603,FALSE,BC,1991
SRR3177936,SRR3177936,WGS,,2919046668,PRJNA280606,SAMN04494451,952848241;1092101618,BCCDC,,,,,SRX1592356,Illumina MiSeq,PAIRED,RANDOM,GENOMIC,Giardia intestinalis,ILLUMINA,,VANC_91_UBC_74_L001_R2_001.fastq,SRP056976,,,VANC/91/UBC/74,,1991,Canada,North America,BC,VANC/91/UBC/74,,,,,,,,,,,,,,,,,,,,,,,,,,,,,,,,,,,,,,,,,,,,,,,,,,,,,,,,,,,,,,,,,,,,SRX1592356_SRR3177936,SRP056976,PRJNA9531,SRA355098,5814834,2e8ce1b9eae99251da1ff03862c6808d;f04fd60ea683580faabb24c9f4498c62,952848241;1092101618,ftp.sra.ebi.ac.uk/vol1/fastq/SRR317/006/SRR3177936/SRR3177936_1.fastq.gz;ftp.sra.ebi.ac.uk/vol1/fastq/SRR317/006/SRR3177936/SRR3177936_2.fastq.gz,ftp.sra.ebi.ac.uk/vol1/fastq/SRR317/006/SRR3177936/SRR3177936_1.fastq.gz;ftp.sra.ebi.ac.uk/vol1/fastq/SRR317/006/SRR3177936/SRR3177936_2.fastq.gz,fasp.sra.ebi.ac.uk:/vol1/fastq/SRR317/006/SRR3177936/SRR3177936_1.fastq.gz;fasp.sra.ebi.ac.uk:/vol1/fastq/SRR317/006/SRR3177936/SRR3177936_2.fastq.gz,ftp.sra.ebi.ac.uk/vol1/fastq/SRR317/006/SRR3177936/SRR3177936_1.fastq.gz,ftp.sra.ebi.ac.uk/vol1/fastq/SRR317/006/SRR3177936/SRR3177936_2.fastq.gz,2e8ce1b9eae99251da1ff03862c6808d,f04fd60ea683580faabb24c9f4498c62,FALSE,BC,1991
SRR3177937,SRR3177937,WGS,,567688708,PRJNA280606,SAMN04494452,232867026;240715349,BCCDC,,,,,SRX1592357,Illumina MiSeq,PAIRED,RANDOM,GENOMIC,Giardia intestinalis,ILLUMINA,,VANC_91_UBC_85_R1_001.fastq,SRP056976,,,VANC/91/UBC/85,,1991,Canada,North America,BC,VANC/91/UBC/85,,,,,,,,,,,,,,,,,,,,,,,,,,,,,,,,,,,,,,,,,,,,,,,,,,,,,,,,,,,,,,,,,,,,SRX1592357_SRR3177937,SRP056976,PRJNA9531,SRA355098,1130854,9004f6e9cd9e69f236eb3405ee48029c;85278d2b1acc469aa5227e2483a1da7b,232867026;240715349,ftp.sra.ebi.ac.uk/vol1/fastq/SRR317/007/SRR3177937/SRR3177937_1.fastq.gz;ftp.sra.ebi.ac.uk/vol1/fastq/SRR317/007/SRR3177937/SRR3177937_2.fastq.gz,ftp.sra.ebi.ac.uk/vol1/fastq/SRR317/007/SRR3177937/SRR3177937_1.fastq.gz;ftp.sra.ebi.ac.uk/vol1/fastq/SRR317/007/SRR3177937/SRR3177937_2.fastq.gz,fasp.sra.ebi.ac.uk:/vol1/fastq/SRR317/007/SRR3177937/SRR3177937_1.fastq.gz;fasp.sra.ebi.ac.uk:/vol1/fastq/SRR317/007/SRR3177937/SRR3177937_2.fastq.gz,ftp.sra.ebi.ac.uk/vol1/fastq/SRR317/007/SRR3177937/SRR3177937_1.fastq.gz,ftp.sra.ebi.ac.uk/vol1/fastq/SRR317/007/SRR3177937/SRR3177937_2.fastq.gz,9004f6e9cd9e69f236eb3405ee48029c,85278d2b1acc469aa5227e2483a1da7b,FALSE,BC,1991
SRR3177946,SRR3177946,WGS,,789347310,PRJNA280606,SAMN04494453,273821601;307920752,BCCDC,,,,,SRX1592358,Illumina MiSeq,PAIRED,RANDOM,GENOMIC,Giardia intestinalis,ILLUMINA,,VANC_92_UBC_101_L001_R1_001.fastq,SRP056976,,,VANC/92/UBC/101,,1992,Canada,North America,BC,VANC/92/UBC/101,,,,,,,,,,,,,,,,,,,,,,,,,,,,,,,,,,,,,,,,,,,,,,,,,,,,,,,,,,,,,,,,,,,,SRX1592358_SRR3177946,SRP056976,PRJNA9531,SRA355098,1572405,b93697bd082ba0d01c6b7e116448a61d;1c2f6012e268da313f4be2c50afec3eb,273821601;307920752,ftp.sra.ebi.ac.uk/vol1/fastq/SRR317/006/SRR3177946/SRR3177946_1.fastq.gz;ftp.sra.ebi.ac.uk/vol1/fastq/SRR317/006/SRR3177946/SRR3177946_2.fastq.gz,ftp.sra.ebi.ac.uk/vol1/fastq/SRR317/006/SRR3177946/SRR3177946_1.fastq.gz;ftp.sra.ebi.ac.uk/vol1/fastq/SRR317/006/SRR3177946/SRR3177946_2.fastq.gz,fasp.sra.ebi.ac.uk:/vol1/fastq/SRR317/006/SRR3177946/SRR3177946_1.fastq.gz;fasp.sra.ebi.ac.uk:/vol1/fastq/SRR317/006/SRR3177946/SRR3177946_2.fastq.gz,ftp.sra.ebi.ac.uk/vol1/fastq/SRR317/006/SRR3177946/SRR3177946_1.fastq.gz,ftp.sra.ebi.ac.uk/vol1/fastq/SRR317/006/SRR3177946/SRR3177946_2.fastq.gz,b93697bd082ba0d01c6b7e116448a61d,1c2f6012e268da313f4be2c50afec3eb,FALSE,BC,1992
SRR3177947,SRR3177947,WGS,,1441573822,PRJNA280606,SAMN04494454,477490019;522073368,BCCDC,,,,,SRX1592368,Illumina MiSeq,PAIRED,RANDOM,GENOMIC,Giardia intestinalis,ILLUMINA,,VANC_92_UBC_102_L001_R2_001.fastq,SRP056976,,,VANC/92/UBC/102,,1992,Canada,North America,BC,VANC/92/UBC/102,,,,,,,,,,,,,,,,,,,,,,,,,,,,,,,,,,,,,,,,,,,,,,,,,,,,,,,,,,,,,,,,,,,,SRX1592368_SRR3177947,SRP056976,PRJNA9531,SRA355098,2871661,82de2a850903435375a039647d581d83;c5ed6bdb4694ef555ec12f9df34407f1,477490019;522073368,ftp.sra.ebi.ac.uk/vol1/fastq/SRR317/007/SRR3177947/SRR3177947_1.fastq.gz;ftp.sra.ebi.ac.uk/vol1/fastq/SRR317/007/SRR3177947/SRR3177947_2.fastq.gz,ftp.sra.ebi.ac.uk/vol1/fastq/SRR317/007/SRR3177947/SRR3177947_1.fastq.gz;ftp.sra.ebi.ac.uk/vol1/fastq/SRR317/007/SRR3177947/SRR3177947_2.fastq.gz,fasp.sra.ebi.ac.uk:/vol1/fastq/SRR317/007/SRR3177947/SRR3177947_1.fastq.gz;fasp.sra.ebi.ac.uk:/vol1/fastq/SRR317/007/SRR3177947/SRR3177947_2.fastq.gz,ftp.sra.ebi.ac.uk/vol1/fastq/SRR317/007/SRR3177947/SRR3177947_1.fastq.gz,ftp.sra.ebi.ac.uk/vol1/fastq/SRR317/007/SRR3177947/SRR3177947_2.fastq.gz,82de2a850903435375a039647d581d83,c5ed6bdb4694ef555ec12f9df34407f1,FALSE,BC,1992
SRR3177948,SRR3177948,WGS,,1073499892,PRJNA280606,SAMN04494455,419130105;445236436,BCCDC,,,,,SRX1592377,Illumina MiSeq,PAIRED,RANDOM,GENOMIC,Giardia intestinalis,ILLUMINA,,VANC_92_UBC_103_R2_001.fastq,SRP056976,,,VANC/92/UBC/103,,1992,Canada,North America,BC,VANC/92/UBC/103,,,,,,,,,,,,,,,,,,,,,,,,,,,,,,,,,,,,,,,,,,,,,,,,,,,,,,,,,,,,,,,,,,,,SRX1592377_SRR3177948,SRP056976,PRJNA9531,SRA355098,2138446,b105627d046c9edc0b78706b49613764;8d4555481422c7493f14ae1b463bdf75,419130105;445236436,ftp.sra.ebi.ac.uk/vol1/fastq/SRR317/008/SRR3177948/SRR3177948_1.fastq.gz;ftp.sra.ebi.ac.uk/vol1/fastq/SRR317/008/SRR3177948/SRR3177948_2.fastq.gz,ftp.sra.ebi.ac.uk/vol1/fastq/SRR317/008/SRR3177948/SRR3177948_1.fastq.gz;ftp.sra.ebi.ac.uk/vol1/fastq/SRR317/008/SRR3177948/SRR3177948_2.fastq.gz,fasp.sra.ebi.ac.uk:/vol1/fastq/SRR317/008/SRR3177948/SRR3177948_1.fastq.gz;fasp.sra.ebi.ac.uk:/vol1/fastq/SRR317/008/SRR3177948/SRR3177948_2.fastq.gz,ftp.sra.ebi.ac.uk/vol1/fastq/SRR317/008/SRR3177948/SRR3177948_1.fastq.gz,ftp.sra.ebi.ac.uk/vol1/fastq/SRR317/008/SRR3177948/SRR3177948_2.fastq.gz,b105627d046c9edc0b78706b49613764,8d4555481422c7493f14ae1b463bdf75,FALSE,BC,1992
SRR3177949,SRR3177949,WGS,,1102404550,PRJNA280606,SAMN04494456,391347948;412944969,BCCDC,,,,,SRX1592380,Illumina MiSeq,PAIRED,RANDOM,GENOMIC,Giardia intestinalis,ILLUMINA,,VANC_92_UBC_104_L001_R2_001.fastq,SRP056976,,,VANC/92/UBC/104,,1992,Canada,North America,BC,VANC/92/UBC/104,,,,,,,,,,,,,,,,,,,,,,,,,,,,,,,,,,,,,,,,,,,,,,,,,,,,,,,,,,,,,,,,,,,,SRX1592380_SRR3177949,SRP056976,PRJNA9531,SRA355098,2196025,33621f764868586ae4159737c13eaa73;cb4f9d4086965cd3e080fdbc7a9c5414,391347948;412944969,ftp.sra.ebi.ac.uk/vol1/fastq/SRR317/009/SRR3177949/SRR3177949_1.fastq.gz;ftp.sra.ebi.ac.uk/vol1/fastq/SRR317/009/SRR3177949/SRR3177949_2.fastq.gz,ftp.sra.ebi.ac.uk/vol1/fastq/SRR317/009/SRR3177949/SRR3177949_1.fastq.gz;ftp.sra.ebi.ac.uk/vol1/fastq/SRR317/009/SRR3177949/SRR3177949_2.fastq.gz,fasp.sra.ebi.ac.uk:/vol1/fastq/SRR317/009/SRR3177949/SRR3177949_1.fastq.gz;fasp.sra.ebi.ac.uk:/vol1/fastq/SRR317/009/SRR3177949/SRR3177949_2.fastq.gz,ftp.sra.ebi.ac.uk/vol1/fastq/SRR317/009/SRR3177949/SRR3177949_1.fastq.gz,ftp.sra.ebi.ac.uk/vol1/fastq/SRR317/009/SRR3177949/SRR3177949_2.fastq.gz,33621f764868586ae4159737c13eaa73,cb4f9d4086965cd3e080fdbc7a9c5414,FALSE,BC,1992
SRR3177950,SRR3177950,WGS,,1210370694,PRJNA280606,SAMN04494457,435678381;482942037,BCCDC,,,,,SRX1592388,Illumina MiSeq,PAIRED,RANDOM,GENOMIC,Giardia intestinalis,ILLUMINA,,VANC_92_UBC_107_L001_R2_001.fastq,SRP056976,,,VANC/92/UBC/107,,1992,Canada,North America,BC,VANC/92/UBC/107,,,,,,,,,,,,,,,,,,,,,,,,,,,,,,,,,,,,,,,,,,,,,,,,,,,,,,,,,,,,,,,,,,,,SRX1592388_SRR3177950,SRP056976,PRJNA9531,SRA355098,2411097,4a5157e530dac4527cadcd5c4cb3c110;6c984d1c8463d3f105a9876566377b13,435678381;482942037,ftp.sra.ebi.ac.uk/vol1/fastq/SRR317/000/SRR3177950/SRR3177950_1.fastq.gz;ftp.sra.ebi.ac.uk/vol1/fastq/SRR317/000/SRR3177950/SRR3177950_2.fastq.gz,ftp.sra.ebi.ac.uk/vol1/fastq/SRR317/000/SRR3177950/SRR3177950_1.fastq.gz;ftp.sra.ebi.ac.uk/vol1/fastq/SRR317/000/SRR3177950/SRR3177950_2.fastq.gz,fasp.sra.ebi.ac.uk:/vol1/fastq/SRR317/000/SRR3177950/SRR3177950_1.fastq.gz;fasp.sra.ebi.ac.uk:/vol1/fastq/SRR317/000/SRR3177950/SRR3177950_2.fastq.gz,ftp.sra.ebi.ac.uk/vol1/fastq/SRR317/000/SRR3177950/SRR3177950_1.fastq.gz,ftp.sra.ebi.ac.uk/vol1/fastq/SRR317/000/SRR3177950/SRR3177950_2.fastq.gz,4a5157e530dac4527cadcd5c4cb3c110,6c984d1c8463d3f105a9876566377b13,FALSE,BC,1992
SRR3177951,SRR3177951,WGS,,987563014,PRJNA280606,SAMN04494404,400702636;400595169,BCCDC,,,,,SRX1592392,Illumina MiSeq,PAIRED,RANDOM,GENOMIC,Giardia intestinalis,ILLUMINA,,BE_2_IPO583:1_14_R2_001.fastq,SRP056976,,,BE-2(IPO583:1)/14,,1985,Canada,North America,AB,BE-2(IPO583:1)/14,,,,,,,,,,,,,,,,,,,,,,,,,,,,,,,,,,,,,,,,,,,,,,,,,,,,,,,,,,,,,,,,,,,,SRX1592392_SRR3177951,SRP056976,PRJNA9531,SRA355098,1967257,e5da704ad072dcfb46d64622dd554dfc;9b1512aba574d772faeab13eab616af3,400702636;400595169,ftp.sra.ebi.ac.uk/vol1/fastq/SRR317/001/SRR3177951/SRR3177951_1.fastq.gz;ftp.sra.ebi.ac.uk/vol1/fastq/SRR317/001/SRR3177951/SRR3177951_2.fastq.gz,ftp.sra.ebi.ac.uk/vol1/fastq/SRR317/001/SRR3177951/SRR3177951_1.fastq.gz;ftp.sra.ebi.ac.uk/vol1/fastq/SRR317/001/SRR3177951/SRR3177951_2.fastq.gz,fasp.sra.ebi.ac.uk:/vol1/fastq/SRR317/001/SRR3177951/SRR3177951_1.fastq.gz;fasp.sra.ebi.ac.uk:/vol1/fastq/SRR317/001/SRR3177951/SRR3177951_2.fastq.gz,ftp.sra.ebi.ac.uk/vol1/fastq/SRR317/001/SRR3177951/SRR3177951_1.fastq.gz,ftp.sra.ebi.ac.uk/vol1/fastq/SRR317/001/SRR3177951/SRR3177951_2.fastq.gz,e5da704ad072dcfb46d64622dd554dfc,9b1512aba574d772faeab13eab616af3,FALSE,AB,1985
SRR3177952,SRR3177952,WGS,,1316105448,PRJNA280606,SAMN04494458,453736670;509869103,BCCDC,,,,,SRX1592403,Illumina MiSeq,PAIRED,RANDOM,GENOMIC,Giardia intestinalis,ILLUMINA,,VANC_92_UBC_84_L001_R2_001.fastq,SRP056976,,,VANC/92/UBC/84,,1992,Canada,North America,BC,VANC/92/UBC/84,,,,,,,,,,,,,,,,,,,,,,,,,,,,,,,,,,,,,,,,,,,,,,,,,,,,,,,,,,,,,,,,,,,,SRX1592403_SRR3177952,SRP056976,PRJNA9531,SRA355098,2621724,d3c3af927487aec1fd3ae302a609991f;536fa3e76d5c74d3949340d75c889a79,453736670;509869103,ftp.sra.ebi.ac.uk/vol1/fastq/SRR317/002/SRR3177952/SRR3177952_1.fastq.gz;ftp.sra.ebi.ac.uk/vol1/fastq/SRR317/002/SRR3177952/SRR3177952_2.fastq.gz,ftp.sra.ebi.ac.uk/vol1/fastq/SRR317/002/SRR3177952/SRR3177952_1.fastq.gz;ftp.sra.ebi.ac.uk/vol1/fastq/SRR317/002/SRR3177952/SRR3177952_2.fastq.gz,fasp.sra.ebi.ac.uk:/vol1/fastq/SRR317/002/SRR3177952/SRR3177952_1.fastq.gz;fasp.sra.ebi.ac.uk:/vol1/fastq/SRR317/002/SRR3177952/SRR3177952_2.fastq.gz,ftp.sra.ebi.ac.uk/vol1/fastq/SRR317/002/SRR3177952/SRR3177952_1.fastq.gz,ftp.sra.ebi.ac.uk/vol1/fastq/SRR317/002/SRR3177952/SRR3177952_2.fastq.gz,d3c3af927487aec1fd3ae302a609991f,536fa3e76d5c74d3949340d75c889a79,FALSE,BC,1992
SRR3177955,SRR3177955,WGS,,2180445534,PRJNA280606,SAMN04494459,758079644;819254990,BCCDC,,,,,SRX1592413,Illumina MiSeq,PAIRED,RANDOM,GENOMIC,Giardia intestinalis,ILLUMINA,,VANC_92_UBC_98_L001_R1_001.fastq,SRP056976,,,VANC/92/UBC/98,,1992,Canada,North America,BC,VANC/92/UBC/98,,,,,,,,,,,,,,,,,,,,,,,,,,,,,,,,,,,,,,,,,,,,,,,,,,,,,,,,,,,,,,,,,,,,SRX1592413_SRR3177955,SRP056976,PRJNA9531,SRA355098,4343517,0a63a1f5e7a3959a1a5c7ecd3070e5aa;e0e9806bc23696eb3b836f998a389a55,758079644;819254990,ftp.sra.ebi.ac.uk/vol1/fastq/SRR317/005/SRR3177955/SRR3177955_1.fastq.gz;ftp.sra.ebi.ac.uk/vol1/fastq/SRR317/005/SRR3177955/SRR3177955_2.fastq.gz,ftp.sra.ebi.ac.uk/vol1/fastq/SRR317/005/SRR3177955/SRR3177955_1.fastq.gz;ftp.sra.ebi.ac.uk/vol1/fastq/SRR317/005/SRR3177955/SRR3177955_2.fastq.gz,fasp.sra.ebi.ac.uk:/vol1/fastq/SRR317/005/SRR3177955/SRR3177955_1.fastq.gz;fasp.sra.ebi.ac.uk:/vol1/fastq/SRR317/005/SRR3177955/SRR3177955_2.fastq.gz,ftp.sra.ebi.ac.uk/vol1/fastq/SRR317/005/SRR3177955/SRR3177955_1.fastq.gz,ftp.sra.ebi.ac.uk/vol1/fastq/SRR317/005/SRR3177955/SRR3177955_2.fastq.gz,0a63a1f5e7a3959a1a5c7ecd3070e5aa,e0e9806bc23696eb3b836f998a389a55,FALSE,BC,1992
SRR3177962,SRR3177962,WGS,,692963310,PRJNA280606,SAMN04494460,285711016;285628218,BCCDC,,,,,SRX1592414,Illumina MiSeq,PAIRED,RANDOM,GENOMIC,Giardia intestinalis,ILLUMINA,,VANC_92_UBC_99_R1_001.fastq,SRP056976,,,VANC/92/UBC/99,,1992,Canada,North America,BC,VANC/92/UBC/99,,,,,,,,,,,,,,,,,,,,,,,,,,,,,,,,,,,,,,,,,,,,,,,,,,,,,,,,,,,,,,,,,,,,SRX1592414_SRR3177962,SRP056976,PRJNA9531,SRA355098,1380405,b919d1f290ad899487d82d161173315e;e8bd0629d605c08bb408fc5be1a2e591,285711016;285628218,ftp.sra.ebi.ac.uk/vol1/fastq/SRR317/002/SRR3177962/SRR3177962_1.fastq.gz;ftp.sra.ebi.ac.uk/vol1/fastq/SRR317/002/SRR3177962/SRR3177962_2.fastq.gz,ftp.sra.ebi.ac.uk/vol1/fastq/SRR317/002/SRR3177962/SRR3177962_1.fastq.gz;ftp.sra.ebi.ac.uk/vol1/fastq/SRR317/002/SRR3177962/SRR3177962_2.fastq.gz,fasp.sra.ebi.ac.uk:/vol1/fastq/SRR317/002/SRR3177962/SRR3177962_1.fastq.gz;fasp.sra.ebi.ac.uk:/vol1/fastq/SRR317/002/SRR3177962/SRR3177962_2.fastq.gz,ftp.sra.ebi.ac.uk/vol1/fastq/SRR317/002/SRR3177962/SRR3177962_1.fastq.gz,ftp.sra.ebi.ac.uk/vol1/fastq/SRR317/002/SRR3177962/SRR3177962_2.fastq.gz,b919d1f290ad899487d82d161173315e,e8bd0629d605c08bb408fc5be1a2e591,FALSE,BC,1992
SRR3177974,SRR3177974,WGS,,1537330824,PRJNA280606,SAMN04494461,538516130;633734784,BCCDC,,,,,SRX1592415,Illumina MiSeq,PAIRED,RANDOM,GENOMIC,Giardia intestinalis,ILLUMINA,,VANC_93_UBC_105_L001_R1_001.fastq,SRP056976,,,VANC/93/UBC/105,,1993,Canada,North America,BC,VANC/93/UBC/105,,,,,,,,,,,,,,,,,,,,,,,,,,,,,,,,,,,,,,,,,,,,,,,,,,,,,,,,,,,,,,,,,,,,SRX1592415_SRR3177974,SRP056976,PRJNA9531,SRA355098,3062412,cf08957da3057bd5a3d46a552b6cb4f9;9b7d82afdb6a64203061fcabcd64a0ad,538516130;633734784,ftp.sra.ebi.ac.uk/vol1/fastq/SRR317/004/SRR3177974/SRR3177974_1.fastq.gz;ftp.sra.ebi.ac.uk/vol1/fastq/SRR317/004/SRR3177974/SRR3177974_2.fastq.gz,ftp.sra.ebi.ac.uk/vol1/fastq/SRR317/004/SRR3177974/SRR3177974_1.fastq.gz;ftp.sra.ebi.ac.uk/vol1/fastq/SRR317/004/SRR3177974/SRR3177974_2.fastq.gz,fasp.sra.ebi.ac.uk:/vol1/fastq/SRR317/004/SRR3177974/SRR3177974_1.fastq.gz;fasp.sra.ebi.ac.uk:/vol1/fastq/SRR317/004/SRR3177974/SRR3177974_2.fastq.gz,ftp.sra.ebi.ac.uk/vol1/fastq/SRR317/004/SRR3177974/SRR3177974_1.fastq.gz,ftp.sra.ebi.ac.uk/vol1/fastq/SRR317/004/SRR3177974/SRR3177974_2.fastq.gz,cf08957da3057bd5a3d46a552b6cb4f9,9b7d82afdb6a64203061fcabcd64a0ad,FALSE,BC,1993
SRR3177978,SRR3177978,WGS,,1310987056,PRJNA280606,SAMN04494462,531275432;548810863,BCCDC,,,,,SRX1592418,Illumina MiSeq,PAIRED,RANDOM,GENOMIC,Giardia intestinalis,ILLUMINA,,VANC_93_UBC_106_R2_001.fastq,SRP056976,,,VANC/93/UBC/106,,1993,Canada,North America,BC,VANC/93/UBC/106,,,,,,,,,,,,,,,,,,,,,,,,,,,,,,,,,,,,,,,,,,,,,,,,,,,,,,,,,,,,,,,,,,,,SRX1592418_SRR3177978,SRP056976,PRJNA9531,SRA355098,2611528,fe66edfd5867b4c63e2ac689f5c31e48;b2d1772672f28c772aa99e48edf416dd,531275432;548810863,ftp.sra.ebi.ac.uk/vol1/fastq/SRR317/008/SRR3177978/SRR3177978_1.fastq.gz;ftp.sra.ebi.ac.uk/vol1/fastq/SRR317/008/SRR3177978/SRR3177978_2.fastq.gz,ftp.sra.ebi.ac.uk/vol1/fastq/SRR317/008/SRR3177978/SRR3177978_1.fastq.gz;ftp.sra.ebi.ac.uk/vol1/fastq/SRR317/008/SRR3177978/SRR3177978_2.fastq.gz,fasp.sra.ebi.ac.uk:/vol1/fastq/SRR317/008/SRR3177978/SRR3177978_1.fastq.gz;fasp.sra.ebi.ac.uk:/vol1/fastq/SRR317/008/SRR3177978/SRR3177978_2.fastq.gz,ftp.sra.ebi.ac.uk/vol1/fastq/SRR317/008/SRR3177978/SRR3177978_1.fastq.gz,ftp.sra.ebi.ac.uk/vol1/fastq/SRR317/008/SRR3177978/SRR3177978_2.fastq.gz,fe66edfd5867b4c63e2ac689f5c31e48,b2d1772672f28c772aa99e48edf416dd,FALSE,BC,1993
SRR3177990,SRR3177990,WGS,,896756736,PRJNA280606,SAMN04494463,365520756;386485108,BCCDC,,,,,SRX1592419,Illumina MiSeq,PAIRED,RANDOM,GENOMIC,Giardia intestinalis,ILLUMINA,,VANC_93_UBC_39_R2_001.fastq,SRP056976,,,VANC/93/UBC/39,,1993,Canada,North America,BC,VANC/93/UBC/39,,,,,,,,,,,,,,,,,,,,,,,,,,,,,,,,,,,,,,,,,,,,,,,,,,,,,,,,,,,,,,,,,,,,SRX1592419_SRR3177990,SRP056976,PRJNA9531,SRA355098,1786368,7c22d56d3c10cf24f912c1c206b6cd53;bae31f319fcec658f31f97a0655bc815,365520756;386485108,ftp.sra.ebi.ac.uk/vol1/fastq/SRR317/000/SRR3177990/SRR3177990_1.fastq.gz;ftp.sra.ebi.ac.uk/vol1/fastq/SRR317/000/SRR3177990/SRR3177990_2.fastq.gz,ftp.sra.ebi.ac.uk/vol1/fastq/SRR317/000/SRR3177990/SRR3177990_1.fastq.gz;ftp.sra.ebi.ac.uk/vol1/fastq/SRR317/000/SRR3177990/SRR3177990_2.fastq.gz,fasp.sra.ebi.ac.uk:/vol1/fastq/SRR317/000/SRR3177990/SRR3177990_1.fastq.gz;fasp.sra.ebi.ac.uk:/vol1/fastq/SRR317/000/SRR3177990/SRR3177990_2.fastq.gz,ftp.sra.ebi.ac.uk/vol1/fastq/SRR317/000/SRR3177990/SRR3177990_1.fastq.gz,ftp.sra.ebi.ac.uk/vol1/fastq/SRR317/000/SRR3177990/SRR3177990_2.fastq.gz,7c22d56d3c10cf24f912c1c206b6cd53,bae31f319fcec658f31f97a0655bc815,FALSE,BC,1993
SRR3178001,SRR3178001,WGS,,1918207762,PRJNA280606,SAMN04494464,689480213;740095113,BCCDC,,,,,SRX1592420,Illumina MiSeq,PAIRED,RANDOM,GENOMIC,Giardia intestinalis,ILLUMINA,,VANC_93_UBC_70_L001_R2_001.fastq,SRP056976,,,VANC/93/UBC/70,,1993,Canada,North America,BC,VANC/93/UBC/70,,,,,,,,,,,,,,,,,,,,,,,,,,,,,,,,,,,,,,,,,,,,,,,,,,,,,,,,,,,,,,,,,,,,SRX1592420_SRR3178001,SRP056976,PRJNA9531,SRA355098,3821131,7c3f4f501682b738a769326f1b6bc5c3;43eab30f5a6274789d22f91a61e054d2,689480213;740095113,ftp.sra.ebi.ac.uk/vol1/fastq/SRR317/001/SRR3178001/SRR3178001_1.fastq.gz;ftp.sra.ebi.ac.uk/vol1/fastq/SRR317/001/SRR3178001/SRR3178001_2.fastq.gz,ftp.sra.ebi.ac.uk/vol1/fastq/SRR317/001/SRR3178001/SRR3178001_1.fastq.gz;ftp.sra.ebi.ac.uk/vol1/fastq/SRR317/001/SRR3178001/SRR3178001_2.fastq.gz,fasp.sra.ebi.ac.uk:/vol1/fastq/SRR317/001/SRR3178001/SRR3178001_1.fastq.gz;fasp.sra.ebi.ac.uk:/vol1/fastq/SRR317/001/SRR3178001/SRR3178001_2.fastq.gz,ftp.sra.ebi.ac.uk/vol1/fastq/SRR317/001/SRR3178001/SRR3178001_1.fastq.gz,ftp.sra.ebi.ac.uk/vol1/fastq/SRR317/001/SRR3178001/SRR3178001_2.fastq.gz,7c3f4f501682b738a769326f1b6bc5c3,43eab30f5a6274789d22f91a61e054d2,FALSE,BC,1993
SRR3178007,SRR3178007,WGS,,2355529078,PRJNA280606,SAMN04494465,823895668;935746424,BCCDC,,,,,SRX1592422,Illumina MiSeq,PAIRED,RANDOM,GENOMIC,Giardia intestinalis,ILLUMINA,,VANC_94_UBC_121_L001_R1_001.fastq,SRP056976,,,VANC/94/UBC/121,,1994,Canada,North America,BC,VANC/94/UBC/121,,,,,,,,,,,,,,,,,,,,,,,,,,,,,,,,,,,,,,,,,,,,,,,,,,,,,,,,,,,,,,,,,,,,SRX1592422_SRR3178007,SRP056976,PRJNA9531,SRA355098,4692289,ae6c288df807fa8e21f947047a984d6e;7fbb41cec040929f92a9a72f5e161f31,823895668;935746424,ftp.sra.ebi.ac.uk/vol1/fastq/SRR317/007/SRR3178007/SRR3178007_1.fastq.gz;ftp.sra.ebi.ac.uk/vol1/fastq/SRR317/007/SRR3178007/SRR3178007_2.fastq.gz,ftp.sra.ebi.ac.uk/vol1/fastq/SRR317/007/SRR3178007/SRR3178007_1.fastq.gz;ftp.sra.ebi.ac.uk/vol1/fastq/SRR317/007/SRR3178007/SRR3178007_2.fastq.gz,fasp.sra.ebi.ac.uk:/vol1/fastq/SRR317/007/SRR3178007/SRR3178007_1.fastq.gz;fasp.sra.ebi.ac.uk:/vol1/fastq/SRR317/007/SRR3178007/SRR3178007_2.fastq.gz,ftp.sra.ebi.ac.uk/vol1/fastq/SRR317/007/SRR3178007/SRR3178007_1.fastq.gz,ftp.sra.ebi.ac.uk/vol1/fastq/SRR317/007/SRR3178007/SRR3178007_2.fastq.gz,ae6c288df807fa8e21f947047a984d6e,7fbb41cec040929f92a9a72f5e161f31,FALSE,BC,1994
SRR3178008,SRR3178008,WGS,,809068380,PRJNA280606,SAMN04494466,316914056;357360802,BCCDC,,,,,SRX1592424,Illumina MiSeq,PAIRED,RANDOM,GENOMIC,Giardia intestinalis,ILLUMINA,,VANC_94_UBC_122_L001_R1_001.fastq,SRP056976,,,VANC/94/UBC/122,,1994,Canada,North America,BC,VANC/94/UBC/122,,,,,,,,,,,,,,,,,,,,,,,,,,,,,,,,,,,,,,,,,,,,,,,,,,,,,,,,,,,,,,,,,,,,SRX1592424_SRR3178008,SRP056976,PRJNA9531,SRA355098,1611690,6936b4fc249c0dc6106796646540474f;7301b1f5e6304ec2e4a9ae3636784f53,316914056;357360802,ftp.sra.ebi.ac.uk/vol1/fastq/SRR317/008/SRR3178008/SRR3178008_1.fastq.gz;ftp.sra.ebi.ac.uk/vol1/fastq/SRR317/008/SRR3178008/SRR3178008_2.fastq.gz,ftp.sra.ebi.ac.uk/vol1/fastq/SRR317/008/SRR3178008/SRR3178008_1.fastq.gz;ftp.sra.ebi.ac.uk/vol1/fastq/SRR317/008/SRR3178008/SRR3178008_2.fastq.gz,fasp.sra.ebi.ac.uk:/vol1/fastq/SRR317/008/SRR3178008/SRR3178008_1.fastq.gz;fasp.sra.ebi.ac.uk:/vol1/fastq/SRR317/008/SRR3178008/SRR3178008_2.fastq.gz,ftp.sra.ebi.ac.uk/vol1/fastq/SRR317/008/SRR3178008/SRR3178008_1.fastq.gz,ftp.sra.ebi.ac.uk/vol1/fastq/SRR317/008/SRR3178008/SRR3178008_2.fastq.gz,6936b4fc249c0dc6106796646540474f,7301b1f5e6304ec2e4a9ae3636784f53,FALSE,BC,1994
SRR3178009,SRR3178009,WGS,,741307918,PRJNA280606,SAMN04494467,313321964;302677396,BCCDC,,,,,SRX1592425,Illumina MiSeq,PAIRED,RANDOM,GENOMIC,Giardia intestinalis,ILLUMINA,,VANC_94_UBC_124_R1_001.fastq,SRP056976,,,VANC/94/UBC/124,,1994,Canada,North America,BC,VANC/94/UBC/124,,,,,,,,,,,,,,,,,,,,,,,,,,,,,,,,,,,,,,,,,,,,,,,,,,,,,,,,,,,,,,,,,,,,SRX1592425_SRR3178009,SRP056976,PRJNA9531,SRA355098,1476709,7610f696ba849a77a6f310b3606324b3;34a2f8032c34d873ef899d1a63d62442,313321964;302677396,ftp.sra.ebi.ac.uk/vol1/fastq/SRR317/009/SRR3178009/SRR3178009_1.fastq.gz;ftp.sra.ebi.ac.uk/vol1/fastq/SRR317/009/SRR3178009/SRR3178009_2.fastq.gz,ftp.sra.ebi.ac.uk/vol1/fastq/SRR317/009/SRR3178009/SRR3178009_1.fastq.gz;ftp.sra.ebi.ac.uk/vol1/fastq/SRR317/009/SRR3178009/SRR3178009_2.fastq.gz,fasp.sra.ebi.ac.uk:/vol1/fastq/SRR317/009/SRR3178009/SRR3178009_1.fastq.gz;fasp.sra.ebi.ac.uk:/vol1/fastq/SRR317/009/SRR3178009/SRR3178009_2.fastq.gz,ftp.sra.ebi.ac.uk/vol1/fastq/SRR317/009/SRR3178009/SRR3178009_1.fastq.gz,ftp.sra.ebi.ac.uk/vol1/fastq/SRR317/009/SRR3178009/SRR3178009_2.fastq.gz,7610f696ba849a77a6f310b3606324b3,34a2f8032c34d873ef899d1a63d62442,FALSE,BC,1994
SRR3178010,SRR3178010,WGS,,1018958094,PRJNA280606,SAMN04494405,438818624;426365526,BCCDC,,,,,SRX1592426,Illumina MiSeq,PAIRED,RANDOM,GENOMIC,Giardia intestinalis,ILLUMINA,,BTW_109_R1_001.fastq,SRP056976,,,BTW/109,,1993,Canada,North America,NFL,BTW/109,,,,,,,,,,,,,,,,,,,,,,,,,,,,,,,,,,,,,,,,,,,,,,,,,,,,,,,,,,,,,,,,,,,,SRX1592426_SRR3178010,SRP056976,PRJNA9531,SRA355098,2029797,547a17626dc5b75c7638238b2ef02aa5;ad86d09e3c39dafcd85d7a75834db133,438818624;426365526,ftp.sra.ebi.ac.uk/vol1/fastq/SRR317/000/SRR3178010/SRR3178010_1.fastq.gz;ftp.sra.ebi.ac.uk/vol1/fastq/SRR317/000/SRR3178010/SRR3178010_2.fastq.gz,ftp.sra.ebi.ac.uk/vol1/fastq/SRR317/000/SRR3178010/SRR3178010_1.fastq.gz;ftp.sra.ebi.ac.uk/vol1/fastq/SRR317/000/SRR3178010/SRR3178010_2.fastq.gz,fasp.sra.ebi.ac.uk:/vol1/fastq/SRR317/000/SRR3178010/SRR3178010_1.fastq.gz;fasp.sra.ebi.ac.uk:/vol1/fastq/SRR317/000/SRR3178010/SRR3178010_2.fastq.gz,ftp.sra.ebi.ac.uk/vol1/fastq/SRR317/000/SRR3178010/SRR3178010_1.fastq.gz,ftp.sra.ebi.ac.uk/vol1/fastq/SRR317/000/SRR3178010/SRR3178010_2.fastq.gz,547a17626dc5b75c7638238b2ef02aa5,ad86d09e3c39dafcd85d7a75834db133,FALSE,NFL,1993
SRR3178011,SRR3178011,WGS,,689914162,PRJNA280606,SAMN04494468,289405925;298586155,BCCDC,,,,,SRX1592427,Illumina MiSeq,PAIRED,RANDOM,GENOMIC,Giardia intestinalis,ILLUMINA,,VANC_94_UBC_125_R2_001.fastq,SRP056976,,,VANC/94/UBC/125,,1994,Canada,North America,BC,VANC/94/UBC/125,,,,,,,,,,,,,,,,,,,,,,,,,,,,,,,,,,,,,,,,,,,,,,,,,,,,,,,,,,,,,,,,,,,,SRX1592427_SRR3178011,SRP056976,PRJNA9531,SRA355098,1374331,aa24c08faf39910dc92950484aa78a92;30c51bcdfc49f1bfbe4439feb1232801,289405925;298586155,ftp.sra.ebi.ac.uk/vol1/fastq/SRR317/001/SRR3178011/SRR3178011_1.fastq.gz;ftp.sra.ebi.ac.uk/vol1/fastq/SRR317/001/SRR3178011/SRR3178011_2.fastq.gz,ftp.sra.ebi.ac.uk/vol1/fastq/SRR317/001/SRR3178011/SRR3178011_1.fastq.gz;ftp.sra.ebi.ac.uk/vol1/fastq/SRR317/001/SRR3178011/SRR3178011_2.fastq.gz,fasp.sra.ebi.ac.uk:/vol1/fastq/SRR317/001/SRR3178011/SRR3178011_1.fastq.gz;fasp.sra.ebi.ac.uk:/vol1/fastq/SRR317/001/SRR3178011/SRR3178011_2.fastq.gz,ftp.sra.ebi.ac.uk/vol1/fastq/SRR317/001/SRR3178011/SRR3178011_1.fastq.gz,ftp.sra.ebi.ac.uk/vol1/fastq/SRR317/001/SRR3178011/SRR3178011_2.fastq.gz,aa24c08faf39910dc92950484aa78a92,30c51bcdfc49f1bfbe4439feb1232801,FALSE,BC,1994
SRR3178012,SRR3178012,WGS,,1057442418,PRJNA280606,SAMN04494469,407430501;457571003,BCCDC,,,,,SRX1592429,Illumina MiSeq,PAIRED,RANDOM,GENOMIC,Giardia intestinalis,ILLUMINA,,VANC_96_UBC_126_L001_R2_001.fastq,SRP056976,,,VANC/96/UBC/126,,1995,Canada,North America,BC,VANC/96/UBC/126,,,,,,,,,,,,,,,,,,,,,,,,,,,,,,,,,,,,,,,,,,,,,,,,,,,,,,,,,,,,,,,,,,,,SRX1592429_SRR3178012,SRP056976,PRJNA9531,SRA355098,2106459,d08e8b7b90fe0e51bd886956f38159d9;edc4d1a72915a7e5381e4d1421c50ea1,407430501;457571003,ftp.sra.ebi.ac.uk/vol1/fastq/SRR317/002/SRR3178012/SRR3178012_1.fastq.gz;ftp.sra.ebi.ac.uk/vol1/fastq/SRR317/002/SRR3178012/SRR3178012_2.fastq.gz,ftp.sra.ebi.ac.uk/vol1/fastq/SRR317/002/SRR3178012/SRR3178012_1.fastq.gz;ftp.sra.ebi.ac.uk/vol1/fastq/SRR317/002/SRR3178012/SRR3178012_2.fastq.gz,fasp.sra.ebi.ac.uk:/vol1/fastq/SRR317/002/SRR3178012/SRR3178012_1.fastq.gz;fasp.sra.ebi.ac.uk:/vol1/fastq/SRR317/002/SRR3178012/SRR3178012_2.fastq.gz,ftp.sra.ebi.ac.uk/vol1/fastq/SRR317/002/SRR3178012/SRR3178012_1.fastq.gz,ftp.sra.ebi.ac.uk/vol1/fastq/SRR317/002/SRR3178012/SRR3178012_2.fastq.gz,d08e8b7b90fe0e51bd886956f38159d9,edc4d1a72915a7e5381e4d1421c50ea1,FALSE,BC,1995
SRR3178013,SRR3178013,WGS,,2123112114,PRJNA280606,SAMN04494470,733193596;827463208,BCCDC,,,,,SRX1592432,Illumina MiSeq,PAIRED,RANDOM,GENOMIC,Giardia intestinalis,ILLUMINA,,VANC_96_UBC_127_L001_R2_001.fastq,SRP056976,,,VANC/96/UBC/127,,1995,Canada,North America,BC,VANC/96/UBC/127,,,,,,,,,,,,,,,,,,,,,,,,,,,,,,,,,,,,,,,,,,,,,,,,,,,,,,,,,,,,,,,,,,,,SRX1592432_SRR3178013,SRP056976,PRJNA9531,SRA355098,4229307,534497f919560b376f85bb8f119630f1;99463afcc89bdbd7126f5eae5f206187,733193596;827463208,ftp.sra.ebi.ac.uk/vol1/fastq/SRR317/003/SRR3178013/SRR3178013_1.fastq.gz;ftp.sra.ebi.ac.uk/vol1/fastq/SRR317/003/SRR3178013/SRR3178013_2.fastq.gz,ftp.sra.ebi.ac.uk/vol1/fastq/SRR317/003/SRR3178013/SRR3178013_1.fastq.gz;ftp.sra.ebi.ac.uk/vol1/fastq/SRR317/003/SRR3178013/SRR3178013_2.fastq.gz,fasp.sra.ebi.ac.uk:/vol1/fastq/SRR317/003/SRR3178013/SRR3178013_1.fastq.gz;fasp.sra.ebi.ac.uk:/vol1/fastq/SRR317/003/SRR3178013/SRR3178013_2.fastq.gz,ftp.sra.ebi.ac.uk/vol1/fastq/SRR317/003/SRR3178013/SRR3178013_1.fastq.gz,ftp.sra.ebi.ac.uk/vol1/fastq/SRR317/003/SRR3178013/SRR3178013_2.fastq.gz,534497f919560b376f85bb8f119630f1,99463afcc89bdbd7126f5eae5f206187,FALSE,BC,1995
SRR3178014,SRR3178014,WGS,,960065462,PRJNA280606,SAMN04494471,384494586;414664002,BCCDC,,,,,SRX1592434,Illumina MiSeq,PAIRED,RANDOM,GENOMIC,Giardia intestinalis,ILLUMINA,,VANC_96_UBC_128_R1_001.fastq,SRP056976,,,VANC/96/UBC/128,,1995,Canada,North America,BC,VANC/96/UBC/128,,,,,,,,,,,,,,,,,,,,,,,,,,,,,,,,,,,,,,,,,,,,,,,,,,,,,,,,,,,,,,,,,,,,SRX1592434_SRR3178014,SRP056976,PRJNA9531,SRA355098,1912481,f8fab5b8e90d52dd169d4123ddd7a017;cb2e6e8a603662e0be54a0474e5c2ce4,384494586;414664002,ftp.sra.ebi.ac.uk/vol1/fastq/SRR317/004/SRR3178014/SRR3178014_1.fastq.gz;ftp.sra.ebi.ac.uk/vol1/fastq/SRR317/004/SRR3178014/SRR3178014_2.fastq.gz,ftp.sra.ebi.ac.uk/vol1/fastq/SRR317/004/SRR3178014/SRR3178014_1.fastq.gz;ftp.sra.ebi.ac.uk/vol1/fastq/SRR317/004/SRR3178014/SRR3178014_2.fastq.gz,fasp.sra.ebi.ac.uk:/vol1/fastq/SRR317/004/SRR3178014/SRR3178014_1.fastq.gz;fasp.sra.ebi.ac.uk:/vol1/fastq/SRR317/004/SRR3178014/SRR3178014_2.fastq.gz,ftp.sra.ebi.ac.uk/vol1/fastq/SRR317/004/SRR3178014/SRR3178014_1.fastq.gz,ftp.sra.ebi.ac.uk/vol1/fastq/SRR317/004/SRR3178014/SRR3178014_2.fastq.gz,f8fab5b8e90d52dd169d4123ddd7a017,cb2e6e8a603662e0be54a0474e5c2ce4,FALSE,BC,1995
SRR3178015,SRR3178015,WGS,,756789096,PRJNA280606,SAMN04494472,290910166;324342402,BCCDC,,,,,SRX1592435,Illumina MiSeq,PAIRED,RANDOM,GENOMIC,Giardia intestinalis,ILLUMINA,,VANC_96_UBC_129_L001_R1_001.fastq,SRP056976,,,VANC/96/UBC/129,,1995,Canada,North America,BC,VANC/96/UBC/129,,,,,,,,,,,,,,,,,,,,,,,,,,,,,,,,,,,,,,,,,,,,,,,,,,,,,,,,,,,,,,,,,,,,SRX1592435_SRR3178015,SRP056976,PRJNA9531,SRA355098,1507548,7b2b932d993d4192295c1a9aefedf0e3;5b2806b1449c8fc0b0a577e0a33c15f3,290910166;324342402,ftp.sra.ebi.ac.uk/vol1/fastq/SRR317/005/SRR3178015/SRR3178015_1.fastq.gz;ftp.sra.ebi.ac.uk/vol1/fastq/SRR317/005/SRR3178015/SRR3178015_2.fastq.gz,ftp.sra.ebi.ac.uk/vol1/fastq/SRR317/005/SRR3178015/SRR3178015_1.fastq.gz;ftp.sra.ebi.ac.uk/vol1/fastq/SRR317/005/SRR3178015/SRR3178015_2.fastq.gz,fasp.sra.ebi.ac.uk:/vol1/fastq/SRR317/005/SRR3178015/SRR3178015_1.fastq.gz;fasp.sra.ebi.ac.uk:/vol1/fastq/SRR317/005/SRR3178015/SRR3178015_2.fastq.gz,ftp.sra.ebi.ac.uk/vol1/fastq/SRR317/005/SRR3178015/SRR3178015_1.fastq.gz,ftp.sra.ebi.ac.uk/vol1/fastq/SRR317/005/SRR3178015/SRR3178015_2.fastq.gz,7b2b932d993d4192295c1a9aefedf0e3,5b2806b1449c8fc0b0a577e0a33c15f3,FALSE,BC,1995
SRR3178016,SRR3178016,WGS,,679115640,PRJNA280606,SAMN04494473,297590023;291995047,BCCDC,,,,,SRX1592436,Illumina MiSeq,PAIRED,RANDOM,GENOMIC,Giardia intestinalis,ILLUMINA,,WHANGAREI8_79_R1_001.fastq,SRP056976,,,WHANGAREI8/79,,1991,Canada,North America,NZ,WHANGAREI8/79,,,,,,,,,,,,,,,,,,,,,,,,,,,,,,,,,,,,,,,,,,,,,,,,,,,,,,,,,,,,,,,,,,,,SRX1592436_SRR3178016,SRP056976,PRJNA9531,SRA355098,1352820,6cab664b7b6043297aaa23ac1e21b0f4;80a3bcdec7b6173cac4d6d083042e50c,297590023;291995047,ftp.sra.ebi.ac.uk/vol1/fastq/SRR317/006/SRR3178016/SRR3178016_1.fastq.gz;ftp.sra.ebi.ac.uk/vol1/fastq/SRR317/006/SRR3178016/SRR3178016_2.fastq.gz,ftp.sra.ebi.ac.uk/vol1/fastq/SRR317/006/SRR3178016/SRR3178016_1.fastq.gz;ftp.sra.ebi.ac.uk/vol1/fastq/SRR317/006/SRR3178016/SRR3178016_2.fastq.gz,fasp.sra.ebi.ac.uk:/vol1/fastq/SRR317/006/SRR3178016/SRR3178016_1.fastq.gz;fasp.sra.ebi.ac.uk:/vol1/fastq/SRR317/006/SRR3178016/SRR3178016_2.fastq.gz,ftp.sra.ebi.ac.uk/vol1/fastq/SRR317/006/SRR3178016/SRR3178016_1.fastq.gz,ftp.sra.ebi.ac.uk/vol1/fastq/SRR317/006/SRR3178016/SRR3178016_2.fastq.gz,6cab664b7b6043297aaa23ac1e21b0f4,80a3bcdec7b6173cac4d6d083042e50c,FALSE,NZ,1991
SRR3178017,SRR3178017,WGS,,716771664,PRJNA280606,SAMN04494406,305606006;298373364,BCCDC,,,,,SRX1592437,Illumina MiSeq,PAIRED,RANDOM,GENOMIC,Giardia intestinalis,ILLUMINA,,CB2_108_R2_001.fastq,SRP056976,,,CB2/108,,1993,Canada,North America,NFL,CB2/108,,,,,,,,,,,,,,,,,,,,,,,,,,,,,,,,,,,,,,,,,,,,,,,,,,,,,,,,,,,,,,,,,,,,SRX1592437_SRR3178017,SRP056976,PRJNA9531,SRA355098,1427832,126d9bba81917f0b64649811cddceac8;5e10090ad47797b47d0689d5734c3343,305606006;298373364,ftp.sra.ebi.ac.uk/vol1/fastq/SRR317/007/SRR3178017/SRR3178017_1.fastq.gz;ftp.sra.ebi.ac.uk/vol1/fastq/SRR317/007/SRR3178017/SRR3178017_2.fastq.gz,ftp.sra.ebi.ac.uk/vol1/fastq/SRR317/007/SRR3178017/SRR3178017_1.fastq.gz;ftp.sra.ebi.ac.uk/vol1/fastq/SRR317/007/SRR3178017/SRR3178017_2.fastq.gz,fasp.sra.ebi.ac.uk:/vol1/fastq/SRR317/007/SRR3178017/SRR3178017_1.fastq.gz;fasp.sra.ebi.ac.uk:/vol1/fastq/SRR317/007/SRR3178017/SRR3178017_2.fastq.gz,ftp.sra.ebi.ac.uk/vol1/fastq/SRR317/007/SRR3178017/SRR3178017_1.fastq.gz,ftp.sra.ebi.ac.uk/vol1/fastq/SRR317/007/SRR3178017/SRR3178017_2.fastq.gz,126d9bba81917f0b64649811cddceac8,5e10090ad47797b47d0689d5734c3343,FALSE,NFL,1993
SRR3178018,SRR3178018,WGS,,967777186,PRJNA280606,SAMN04494407,339862074;415349931,BCCDC,,,,,SRX1592440,Illumina MiSeq,PAIRED,RANDOM,GENOMIC,Giardia intestinalis,ILLUMINA,,D3_18_L001_R2_001.fastq,SRP056976,,,D3/18,,1987,Canada,North America,AB,D3/18,,,,,,,,,,,,,,,,,,,,,,,,,,,,,,,,,,,,,,,,,,,,,,,,,,,,,,,,,,,,,,,,,,,,SRX1592440_SRR3178018,SRP056976,PRJNA9531,SRA355098,1927843,0de521e899698d7dc3f27381273995a2;b226b0c4b626e91228c2a7d0cd0a0969,339862074;415349931,ftp.sra.ebi.ac.uk/vol1/fastq/SRR317/008/SRR3178018/SRR3178018_1.fastq.gz;ftp.sra.ebi.ac.uk/vol1/fastq/SRR317/008/SRR3178018/SRR3178018_2.fastq.gz,ftp.sra.ebi.ac.uk/vol1/fastq/SRR317/008/SRR3178018/SRR3178018_1.fastq.gz;ftp.sra.ebi.ac.uk/vol1/fastq/SRR317/008/SRR3178018/SRR3178018_2.fastq.gz,fasp.sra.ebi.ac.uk:/vol1/fastq/SRR317/008/SRR3178018/SRR3178018_1.fastq.gz;fasp.sra.ebi.ac.uk:/vol1/fastq/SRR317/008/SRR3178018/SRR3178018_2.fastq.gz,ftp.sra.ebi.ac.uk/vol1/fastq/SRR317/008/SRR3178018/SRR3178018_1.fastq.gz,ftp.sra.ebi.ac.uk/vol1/fastq/SRR317/008/SRR3178018/SRR3178018_2.fastq.gz,0de521e899698d7dc3f27381273995a2,b226b0c4b626e91228c2a7d0cd0a0969,FALSE,AB,1987
SRR35245027,SRR35245027,WGS,300,4763188200,PRJNA1110996,SAMN50924372,2043424073,WALTER AND ELIZA HALL INSTITUTE OF MEDICAL RESEARCH,public,"run.zq,fastq,sra","s3,ncbi,gs","gs.us-east1,ncbi.public,s3.us-east-1",SRX30347993,Illumina NovaSeq 6000,PAIRED,MDA,GENOMIC,Giardia duodenalis,ILLUMINA,2025-09-03T00:00:00Z,CZ24,SRP507278,2025-09-03T15:09:00Z,1,CZ24,"Microbe\, viral or environmental",1988-07-12,India,Asia,India,CZ24,trophozoites,,,Homo sapiens,,,,CZ24,,,,,,,,,,,,,,,,,,,,,,,,,,,,,,,,,,,,,,,,,,,,,,,,,,,,,,,,,,,,,,,,,,,,,,,,,,,,
SRR35245028,SRR35245028,WGS,302,10302461824,PRJNA1110996,SAMN50924371,3734232029,WALTER AND ELIZA HALL INSTITUTE OF MEDICAL RESEARCH,public,"fastq,run.zq,sra","gs,s3,ncbi","ncbi.public,s3.us-east-1,gs.us-east1",SRX30347992,Illumina NovaSeq 6000,PAIRED,MDA,GENOMIC,Giardia duodenalis,ILLUMINA,2025-09-03T00:00:00Z,CZ23,SRP507278,2025-09-03T15:12:00Z,1,CZ23,"Microbe\, viral or environmental",1988-06-12,India,Asia,India,CZ23,trophozoites,,,Homo sapiens,,,,CZ23,,,,,,,,,,,,,,,,,,,,,,,,,,,,,,,,,,,,,,,,,,,,,,,,,,,,,,,,,,,,,,,,,,,,,,,,,,,,
SRR35245029,SRR35245029,WGS,300,5418736800,PRJNA1110996,SAMN50924370,2349950637,WALTER AND ELIZA HALL INSTITUTE OF MEDICAL RESEARCH,public,"fastq,sra,run.zq","gs,s3,ncbi","ncbi.public,gs.us-east1,s3.us-east-1",SRX30347991,Illumina NovaSeq 6000,PAIRED,MDA,GENOMIC,Giardia duodenalis,ILLUMINA,2025-09-03T00:00:00Z,CZ20,SRP507278,2025-09-03T15:10:00Z,1,CZ20,"Microbe\, viral or environmental",1988-01-01,Kuwait,Asia,Kuwait,CZ20,trophozoites,,,Homo sapiens,,,,CZ20,,,,,,,,,,,,,,,,,,,,,,,,,,,,,,,,,,,,,,,,,,,,,,,,,,,,,,,,,,,,,,,,,,,,,,,,,,,,
SRR35245030,SRR35245030,WGS,300,5446190100,PRJNA1110996,SAMN50924369,2389964314,WALTER AND ELIZA HALL INSTITUTE OF MEDICAL RESEARCH,public,"fastq,run.zq,sra","s3,gs,ncbi","gs.us-east1,s3.us-east-1,ncbi.public",SRX30347990,Illumina NovaSeq 6000,PAIRED,MDA,GENOMIC,Giardia duodenalis,ILLUMINA,2025-09-03T00:00:00Z,CZ2,SRP507278,2025-09-03T15:42:00Z,1,CZ2,"Microbe\, viral or environmental",1987-01-01,Viet Nam,Asia,Viet Nam,CZ2,trophozoites,,,Homo sapiens,,,,CZ2,,,,,,,,,,,,,,,,,,,,,,,,,,,,,,,,,,,,,,,,,,,,,,,,,,,,,,,,,,,,,,,,,,,,,,,,,,,,
SRR35245031,SRR35245031,WGS,302,8957412412,PRJNA1110996,SAMN50924368,3336252150,WALTER AND ELIZA HALL INSTITUTE OF MEDICAL RESEARCH,public,"sra,run.zq,fastq","s3,ncbi,gs","s3.us-east-1,gs.us-east1,ncbi.public",SRX30347989,Illumina NovaSeq 6000,PAIRED,MDA,GENOMIC,Giardia duodenalis,ILLUMINA,2025-09-03T00:00:00Z,CZ19,SRP507278,2025-09-03T15:10:00Z,1,CZ19,"Microbe\, viral or environmental",1988-10-31,Czech Republic,Europe,Czech Republic,CZ19,trophozoites,,,Homo sapiens,,,,CZ19,,,,,,,,,,,,,,,,,,,,,,,,,,,,,,,,,,,,,,,,,,,,,,,,,,,,,,,,,,,,,,,,,,,,,,,,,,,,
SRR35245032,SRR35245032,WGS,300,3885616200,PRJNA1110996,SAMN50924367,1694801680,WALTER AND ELIZA HALL INSTITUTE OF MEDICAL RESEARCH,public,"fastq,sra,run.zq","s3,gs,ncbi","gs.us-east1,s3.us-east-1,ncbi.public",SRX30347988,Illumina NovaSeq 6000,PAIRED,MDA,GENOMIC,Giardia duodenalis,ILLUMINA,2025-09-03T00:00:00Z,CZ18,SRP507278,2025-09-03T15:09:00Z,1,CZ18,"Microbe\, viral or environmental",1988-09-26,Pakistan,Asia,Pakistan,CZ18,trophozoites,,,Homo sapiens,,,,CZ18,,,,,,,,,,,,,,,,,,,,,,,,,,,,,,,,,,,,,,,,,,,,,,,,,,,,,,,,,,,,,,,,,,,,,,,,,,,,
SRR35245033,SRR35245033,WGS,302,9371971436,PRJNA1110996,SAMN50924366,3516466470,WALTER AND ELIZA HALL INSTITUTE OF MEDICAL RESEARCH,public,"sra,run.zq,fastq","ncbi,s3,gs","s3.us-east-1,gs.us-east1,ncbi.public",SRX30347987,Illumina NovaSeq 6000,PAIRED,MDA,GENOMIC,Giardia duodenalis,ILLUMINA,2025-09-03T00:00:00Z,CZ16,SRP507278,2025-09-03T15:13:00Z,1,CZ16,"Microbe\, viral or environmental",1988-10-14,Czech Republic,Europe,Czech Republic,CZ16,trophozoites,,,Homo sapiens,,,,CZ16,,,,,,,,,,,,,,,,,,,,,,,,,,,,,,,,,,,,,,,,,,,,,,,,,,,,,,,,,,,,,,,,,,,,,,,,,,,,
SRR35245034,SRR35245034,WGS,302,7302331914,PRJNA1110996,SAMN50924391,2681904888,WALTER AND ELIZA HALL INSTITUTE OF MEDICAL RESEARCH,public,"sra,run.zq,fastq","s3,ncbi,gs","ncbi.public,s3.us-east-1,gs.us-east1",SRX30347986,Illumina NovaSeq 6000,PAIRED,MDA,GENOMIC,Giardia duodenalis,ILLUMINA,2025-09-03T00:00:00Z,Ber1,SRP507278,2025-09-03T15:10:00Z,1,Ber1,"Microbe\, viral or environmental",1997-10-09,Czech Republic,Europe,Czech Republic,Ber1,trophozoites,,,Homo sapiens,,,,Ber1,,,,,,,,,,,,,,,,,,,,,,,,,,,,,,,,,,,,,,,,,,,,,,,,,,,,,,,,,,,,,,,,,,,,,,,,,,,,
SRR35245035,SRR35245035,WGS,302,6049406092,PRJNA1110996,SAMN50924390,2626585245,WALTER AND ELIZA HALL INSTITUTE OF MEDICAL RESEARCH,public,"fastq,sra,run.zq","gs,s3,ncbi","ncbi.public,s3.us-east-1,gs.us-east1",SRX30347985,Illumina NovaSeq 6000,PAIRED,MDA,GENOMIC,Giardia duodenalis,ILLUMINA,2025-09-03T00:00:00Z,P2-MER,SRP507278,2025-09-03T15:11:00Z,1,P2-MER,"Microbe\, viral or environmental",,Czech Republic,Europe,Czech Republic,P2-MER,trophozoites,,,Pig,,,,P2-MER,,,,,,,,,,,,,,,,,,,,,,,,,,,,,,,,,,,,,,,,,,,,,,,,,,,,,,,,,,,,,,,,,,,,,,,,,,,,
SRR35245036,SRR35245036,WGS,302,9010078192,PRJNA1110996,SAMN50924389,3322624727,WALTER AND ELIZA HALL INSTITUTE OF MEDICAL RESEARCH,public,"sra,run.zq,fastq","ncbi,gs,s3","s3.us-east-1,ncbi.public,gs.us-east1",SRX30347984,Illumina NovaSeq 6000,PAIRED,MDA,GENOMIC,Giardia duodenalis,ILLUMINA,2025-09-03T00:00:00Z,NAX,SRP507278,2025-09-03T15:13:00Z,1,NAX,"Microbe\, viral or environmental",2023-03-11,India,Asia,India,NAX,trophozoites,,,Homo sapiens,,,,NAX,,,,,,,,,,,,,,,,,,,,,,,,,,,,,,,,,,,,,,,,,,,,,,,,,,,,,,,,,,,,,,,,,,,,,,,,,,,,
SRR35245037,SRR35245037,WGS,300,5239287000,PRJNA1110996,SAMN50924388,2289933320,WALTER AND ELIZA HALL INSTITUTE OF MEDICAL RESEARCH,public,"run.zq,fastq,sra","s3,ncbi,gs","s3.us-east-1,ncbi.public,gs.us-east1",SRX30347983,Illumina NovaSeq 6000,PAIRED,MDA,GENOMIC,Giardia duodenalis,ILLUMINA,2025-09-03T00:00:00Z,LK16,SRP507278,2025-09-03T15:11:00Z,1,LK16,"Microbe\, viral or environmental",2016-09-05,Sri Lanka,Asia,Sri Lanka,LK16,trophozoites,,,Homo sapiens,,,,LK16,,,,,,,,,,,,,,,,,,,,,,,,,,,,,,,,,,,,,,,,,,,,,,,,,,,,,,,,,,,,,,,,,,,,,,,,,,,,
SRR35245038,SRR35245038,WGS,302,9438438314,PRJNA1110996,SAMN50924387,3521966320,WALTER AND ELIZA HALL INSTITUTE OF MEDICAL RESEARCH,public,"run.zq,sra,fastq","gs,s3,ncbi","gs.us-east1,s3.us-east-1,ncbi.public",SRX30347982,Illumina NovaSeq 6000,PAIRED,MDA,GENOMIC,Giardia duodenalis,ILLUMINA,2025-09-03T00:00:00Z,KC,SRP507278,2025-09-03T15:12:00Z,1,KC,"Microbe\, viral or environmental",2003-03-11,India,Asia,India,KC,trophozoites,,,Homo sapiens,,,,KC,,,,,,,,,,,,,,,,,,,,,,,,,,,,,,,,,,,,,,,,,,,,,,,,,,,,,,,,,,,,,,,,,,,,,,,,,,,,
SRR35245039,SRR35245039,WGS,300,5094051900,PRJNA1110996,SAMN50924386,2231430804,WALTER AND ELIZA HALL INSTITUTE OF MEDICAL RESEARCH,public,"fastq,run.zq,sra","gs,ncbi,s3","s3.us-east-1,gs.us-east1,ncbi.public",SRX30347981,Illumina NovaSeq 6000,PAIRED,MDA,GENOMIC,Giardia duodenalis,ILLUMINA,2025-09-03T00:00:00Z,HJ,SRP507278,2025-09-03T15:10:00Z,1,HJ,"Microbe\, viral or environmental",1988-10-25,Czech Republic,Europe,Czech Republic,HJ,trophozoites,,,Homo sapiens,,,,HJ,,,,,,,,,,,,,,,,,,,,,,,,,,,,,,,,,,,,,,,,,,,,,,,,,,,,,,,,,,,,,,,,,,,,,,,,,,,,
SRR35245040,SRR35245040,WGS,302,5226942010,PRJNA1110996,SAMN50924385,2288756939,WALTER AND ELIZA HALL INSTITUTE OF MEDICAL RESEARCH,public,"fastq,sra,run.zq","ncbi,gs,s3","s3.us-east-1,gs.us-east1,ncbi.public",SRX30347980,Illumina NovaSeq 6000,PAIRED,MDA,GENOMIC,Giardia duodenalis,ILLUMINA,2025-09-03T00:00:00Z,GP,SRP507278,2025-09-03T15:09:00Z,1,GP,"Microbe\, viral or environmental",1975,USA,North America,USA,GP,trophozoites,,,Guinea pig,,,,GP,,,,,,,,,,,,,,,,,,,,,,,,,,,,,,,,,,,,,,,,,,,,,,,,,,,,,,,,,,,,,,,,,,,,,,,,,,,,
SRR35245041,SRR35245041,WGS,300,4544302800,PRJNA1110996,SAMN50924384,1967851862,WALTER AND ELIZA HALL INSTITUTE OF MEDICAL RESEARCH,public,"fastq,sra,run.zq","ncbi,gs,s3","gs.us-east1,ncbi.public,s3.us-east-1",SRX30347979,Illumina NovaSeq 6000,PAIRED,MDA,GENOMIC,Giardia duodenalis,ILLUMINA,2025-09-03T00:00:00Z,CZ9,SRP507278,2025-09-03T15:10:00Z,1,CZ9,"Microbe\, viral or environmental",1988-03-30,Libya,Africa,Libya,CZ9,trophozoites,,,Homo sapiens,,,,CZ9,,,,,,,,,,,,,,,,,,,,,,,,,,,,,,,,,,,,,,,,,,,,,,,,,,,,,,,,,,,,,,,,,,,,,,,,,,,,
SRR35245042,SRR35245042,WGS,302,7167647766,PRJNA1110996,SAMN50924383,2642439726,WALTER AND ELIZA HALL INSTITUTE OF MEDICAL RESEARCH,public,"fastq,run.zq,sra","s3,ncbi,gs","s3.us-east-1,gs.us-east1,ncbi.public",SRX30347978,Illumina NovaSeq 6000,PAIRED,MDA,GENOMIC,Giardia duodenalis,ILLUMINA,2025-09-03T00:00:00Z,CZ53,SRP507278,2025-09-03T15:13:00Z,1,CZ53,"Microbe\, viral or environmental",1991-05-16,Indonesia,Asia,Indonesia,CZ53,trophozoites,,,Homo sapiens,,,,CZ53,,,,,,,,,,,,,,,,,,,,,,,,,,,,,,,,,,,,,,,,,,,,,,,,,,,,,,,,,,,,,,,,,,,,,,,,,,,,
SRR35245043,SRR35245043,WGS,300,4914793500,PRJNA1110996,SAMN50924365,2134287648,WALTER AND ELIZA HALL INSTITUTE OF MEDICAL RESEARCH,public,"fastq,run.zq,sra","gs,s3,ncbi","s3.us-east-1,ncbi.public,gs.us-east1",SRX30347977,Illumina NovaSeq 6000,PAIRED,MDA,GENOMIC,Giardia duodenalis,ILLUMINA,2025-09-03T00:00:00Z,CZ13,SRP507278,2025-09-03T15:11:00Z,1,CZ13,"Microbe\, viral or environmental",1988-06-30,Syria,Asia,Syria,CZ13,trophozoites,,,Homo sapiens,,,,CZ13,,,,,,,,,,,,,,,,,,,,,,,,,,,,,,,,,,,,,,,,,,,,,,,,,,,,,,,,,,,,,,,,,,,,,,,,,,,,
SRR35245044,SRR35245044,WGS,302,7752955174,PRJNA1110996,SAMN50924382,2867891180,WALTER AND ELIZA HALL INSTITUTE OF MEDICAL RESEARCH,public,"fastq,sra,run.zq","s3,gs,ncbi","gs.us-east1,ncbi.public,s3.us-east-1",SRX30347976,Illumina NovaSeq 6000,PAIRED,MDA,GENOMIC,Giardia duodenalis,ILLUMINA,2025-09-03T00:00:00Z,CZ52,SRP507278,2025-09-03T15:13:00Z,1,CZ52,"Microbe\, viral or environmental",1991-05-23,Czech Republic,Europe,Czech Republic,CZ52,trophozoites,,,Homo sapiens,,,,CZ52,,,,,,,,,,,,,,,,,,,,,,,,,,,,,,,,,,,,,,,,,,,,,,,,,,,,,,,,,,,,,,,,,,,,,,,,,,,,
SRR35245045,SRR35245045,WGS,300,5590166100,PRJNA1110996,SAMN50924381,2420745096,WALTER AND ELIZA HALL INSTITUTE OF MEDICAL RESEARCH,public,"sra,run.zq,fastq","ncbi,gs,s3","s3.us-east-1,ncbi.public,gs.us-east1",SRX30347975,Illumina NovaSeq 6000,PAIRED,MDA,GENOMIC,Giardia duodenalis,ILLUMINA,2025-09-03T00:00:00Z,CZ51,SRP507278,2025-09-03T15:11:00Z,1,CZ51,"Microbe\, viral or environmental",1990-10-22,Syria,Asia,Syria,CZ51,trophozoites,,,Homo sapiens,,,,CZ51,,,,,,,,,,,,,,,,,,,,,,,,,,,,,,,,,,,,,,,,,,,,,,,,,,,,,,,,,,,,,,,,,,,,,,,,,,,,
SRR35245046,SRR35245046,WGS,302,7728081548,PRJNA1110996,SAMN50924380,2849579142,WALTER AND ELIZA HALL INSTITUTE OF MEDICAL RESEARCH,public,"run.zq,fastq,sra","gs,s3,ncbi","ncbi.public,gs.us-east1,s3.us-east-1",SRX30347974,Illumina NovaSeq 6000,PAIRED,MDA,GENOMIC,Giardia duodenalis,ILLUMINA,2025-09-03T00:00:00Z,CZ50,SRP507278,2025-09-03T15:10:00Z,1,CZ50,"Microbe\, viral or environmental",1990-10-09,Sudan,Africa,Sudan,CZ50,trophozoites,,,Homo sapiens,,,,CZ50,,,,,,,,,,,,,,,,,,,,,,,,,,,,,,,,,,,,,,,,,,,,,,,,,,,,,,,,,,,,,,,,,,,,,,,,,,,,
SRR35245047,SRR35245047,WGS,302,8478133882,PRJNA1110996,SAMN50924379,3137736173,WALTER AND ELIZA HALL INSTITUTE OF MEDICAL RESEARCH,public,"run.zq,sra,fastq","ncbi,gs,s3","gs.us-east1,ncbi.public,s3.us-east-1",SRX30347973,Illumina NovaSeq 6000,PAIRED,MDA,GENOMIC,Giardia duodenalis,ILLUMINA,2025-09-03T00:00:00Z,CZ44,SRP507278,2025-09-03T15:13:00Z,1,CZ44,"Microbe\, viral or environmental",1989-07-26,Iran,Asia,Iran,CZ44,trophozoites,,,Homo sapiens,,,,CZ44,,,,,,,,,,,,,,,,,,,,,,,,,,,,,,,,,,,,,,,,,,,,,,,,,,,,,,,,,,,,,,,,,,,,,,,,,,,,
SRR35245048,SRR35245048,WGS,302,8525540030,PRJNA1110996,SAMN50924378,3164407795,WALTER AND ELIZA HALL INSTITUTE OF MEDICAL RESEARCH,public,"run.zq,fastq,sra","s3,gs,ncbi","ncbi.public,gs.us-east1,s3.us-east-1",SRX30347972,Illumina NovaSeq 6000,PAIRED,MDA,GENOMIC,Giardia duodenalis,ILLUMINA,2025-09-03T00:00:00Z,CZ43,SRP507278,2025-09-03T15:12:00Z,1,CZ43,"Microbe\, viral or environmental",1989-11-07,Czech Republic,Europe,Czech Republic,CZ43,trophozoites,,,Homo sapiens,,,,CZ43,,,,,,,,,,,,,,,,,,,,,,,,,,,,,,,,,,,,,,,,,,,,,,,,,,,,,,,,,,,,,,,,,,,,,,,,,,,,
SRR35245049,SRR35245049,WGS,301,13065340378,PRJNA1110996,SAMN50924377,5204145010,WALTER AND ELIZA HALL INSTITUTE OF MEDICAL RESEARCH,public,"fastq,sra,run.zq","s3,gs,ncbi","gs.us-east1,s3.us-east-1,ncbi.public",SRX30347971,Illumina NovaSeq 6000,PAIRED,MDA,GENOMIC,Giardia duodenalis,ILLUMINA,2025-09-03T00:00:00Z,CZ36,SRP507278,2025-09-03T15:17:00Z,1,CZ36,"Microbe\, viral or environmental",1989-06-28,Nigeria,Africa,Nigeria,CZ36,trophozoites,,,Homo sapiens,,,,CZ36,,,,,,,,,,,,,,,,,,,,,,,,,,,,,,,,,,,,,,,,,,,,,,,,,,,,,,,,,,,,,,,,,,,,,,,,,,,,
SRR35245050,SRR35245050,WGS,302,8573383776,PRJNA1110996,SAMN50924376,3144345681,WALTER AND ELIZA HALL INSTITUTE OF MEDICAL RESEARCH,public,"run.zq,sra,fastq","s3,gs,ncbi","s3.us-east-1,gs.us-east1,ncbi.public",SRX30347970,Illumina NovaSeq 6000,PAIRED,MDA,GENOMIC,Giardia duodenalis,ILLUMINA,2025-09-03T00:00:00Z,CZ34,SRP507278,2025-09-03T15:13:00Z,1,CZ34,"Microbe\, viral or environmental",1989-04-18,Czech Republic,Europe,Czech Republic,CZ34,trophozoites,,,Homo sapiens,,,,CZ34,,,,,,,,,,,,,,,,,,,,,,,,,,,,,,,,,,,,,,,,,,,,,,,,,,,,,,,,,,,,,,,,,,,,,,,,,,,,
SRR35245051,SRR35245051,WGS,302,9832065114,PRJNA1110996,SAMN50924375,3583018853,WALTER AND ELIZA HALL INSTITUTE OF MEDICAL RESEARCH,public,"fastq,sra,run.zq","ncbi,s3,gs","ncbi.public,gs.us-east1,s3.us-east-1",SRX30347969,Illumina NovaSeq 6000,PAIRED,MDA,GENOMIC,Giardia duodenalis,ILLUMINA,2025-09-03T00:00:00Z,CZ28,SRP507278,2025-09-03T15:14:00Z,1,CZ28,"Microbe\, viral or environmental",1987-01-24,Czech Republic,Europe,Czech Republic,CZ28,trophozoites,,,Homo sapiens,,,,CZ28,,,,,,,,,,,,,,,,,,,,,,,,,,,,,,,,,,,,,,,,,,,,,,,,,,,,,,,,,,,,,,,,,,,,,,,,,,,,
SRR35245052,SRR35245052,WGS,195,3527759250,PRJNA1110996,SAMN50924374,1591048271,WALTER AND ELIZA HALL INSTITUTE OF MEDICAL RESEARCH,public,"fastq,sra,run.zq","gs,s3,ncbi","ncbi.public,gs.us-east1,s3.us-east-1",SRX30347968,Illumina NovaSeq 6000,PAIRED,MDA,GENOMIC,Giardia duodenalis,ILLUMINA,2025-09-04T00:00:00Z,CZ27,SRP507278,2025-09-04T15:43:00Z,1,CZ27,"Microbe\, viral or environmental",1989-01-02,Czech Republic,Europe,Czech Republic,CZ27,trophozoites,,,Homo sapiens,,,,CZ27,,,,,,,,,,,,,,,,,,,,,,,,,,,,,,,,,,,,,,,,,,,,,,,,,,,,,,,,,,,,,,,,,,,,,,,,,,,,
SRR35245053,SRR35245053,WGS,300,3497853000,PRJNA1110996,SAMN50924373,1520921262,WALTER AND ELIZA HALL INSTITUTE OF MEDICAL RESEARCH,public,"fastq,sra,run.zq","s3,gs,ncbi","s3.us-east-1,gs.us-east1,ncbi.public",SRX30347967,Illumina NovaSeq 6000,PAIRED,MDA,GENOMIC,Giardia duodenalis,ILLUMINA,2025-09-03T00:00:00Z,CZ25,SRP507278,2025-09-03T15:09:00Z,1,CZ25,"Microbe\, viral or environmental",1989-11-01,Viet Nam,Asia,Viet Nam,CZ25,trophozoites,,,Homo sapiens,,,,CZ25,,,,,,,,,,,,,,,,,,,,,,,,,,,,,,,,,,,,,,,,,,,,,,,,,,,,,,,,,,,,,,,,,,,,,,,,,,,,
SRR35245054,SRR35245054,WGS,300,4539706200,PRJNA1110996,SAMN50924364,2000614948,WALTER AND ELIZA HALL INSTITUTE OF MEDICAL RESEARCH,public,"sra,fastq,run.zq","ncbi,gs,s3","s3.us-east-1,gs.us-east1,ncbi.public",SRX30347966,Illumina NovaSeq 6000,PAIRED,MDA,GENOMIC,Giardia duodenalis,ILLUMINA,2025-09-03T00:00:00Z,CZ12,SRP507278,2025-09-03T15:11:00Z,1,CZ12,"Microbe\, viral or environmental",1988-01-01,Libya,Africa,Libya,CZ12,trophozoites,,,Homo sapiens,,,,CZ12,,,,,,,,,,,,,,,,,,,,,,,,,,,,,,,,,,,,,,,,,,,,,,,,,,,,,,,,,,,,,,,,,,,,,,,,,,,,
SRR35245055,SRR35245055,WGS,302,6603887756,PRJNA1110996,SAMN50924363,2851480247,WALTER AND ELIZA HALL INSTITUTE OF MEDICAL RESEARCH,public,"sra,fastq,run.zq","gs,s3,ncbi","ncbi.public,gs.us-east1,s3.us-east-1",SRX30347965,Illumina NovaSeq 6000,PAIRED,MDA,GENOMIC,Giardia duodenalis,ILLUMINA,2025-09-03T00:00:00Z,CAT,SRP507278,2025-09-03T15:10:00Z,1,CAT,"Microbe\, viral or environmental",1970,USA,North America,USA,CAT,trophozoites,,,Cat,,,,CAT,,,,,,,,,,,,,,,,,,,,,,,,,,,,,,,,,,,,,,,,,,,,,,,,,,,,,,,,,,,,,,,,,,,,,,,,,,,,